time,event_type,bot_id,rack_id,stop_index,exit_id,leg_type,from_node,to_node,travel_start,travel_end,distance_m,n_turns,travel_time_s,queue_delay_s,service_start,service_end,release_time_s,n_os_stop,n_os,n_stops,trip_start,trip_end,trip_duration_s,travel_distance_total,travel_time_total,queue_time_total,release_time_total,cycle_time_total
43.125,travel_leg,BOT_1,RACK_1,1.0,EXIT_2,receiving_to_first_exit,receiving,EXIT_2,13.5,43.125,20.5,2.0,29.625,,,,,,,,,,,,,,,
49.125,exit_stop_service,BOT_1,RACK_1,1.0,EXIT_2,,,,,,,,,0.0,43.125,49.125,6.0,1.0,,,,,,,,,,
62.125,travel_leg,BOT_6,RACK_6,1.0,EXIT_1,receiving_to_first_exit,receiving,EXIT_1,39.5,62.125,14.899999999999999,2.0,22.624999999999996,,,,,,,,,,,,,,,
68.125,exit_stop_service,BOT_6,RACK_6,1.0,EXIT_1,,,,,,,,,0.0,62.125,68.125,6.0,1.0,,,,,,,,,,
83.625,return_leg,BOT_1,RACK_1,1.0,EXIT_2,last_exit_to_return,EXIT_2,return,49.125,83.625,22.799999999999997,3.0,34.5,,,,,,,,,,,,,,,
83.625,trip_completed,BOT_1,RACK_1,,,,,,,,,,,,,,,,1.0,1.0,13.5,83.625,70.125,43.3,64.125,0.0,6.0,70.125
92.0,travel_leg,BOT_7,RACK_7,1.0,EXIT_22,receiving_to_first_exit,receiving,EXIT_22,45.5,92.0,34.0,2.0,46.5,,,,,,,,,,,,,,,
95.625,return_leg,BOT_6,RACK_6,1.0,EXIT_1,last_exit_to_return,EXIT_1,return,68.125,95.625,17.2,3.0,27.499999999999996,,,,,,,,,,,,,,,
95.625,trip_completed,BOT_6,RACK_6,,,,,,,,,,,,,,,,1.0,1.0,39.5,95.625,56.125,32.099999999999994,50.12499999999999,0.0,6.0,56.125
98.0,exit_stop_service,BOT_7,RACK_7,1.0,EXIT_22,,,,,,,,,0.0,92.0,98.0,6.0,1.0,,,,,,,,,,
108.5,travel_leg,BOT_8,RACK_8,1.0,EXIT_22,receiving_to_first_exit,receiving,EXIT_22,62.0,108.5,34.0,2.0,46.5,,,,,,,,,,,,,,,
114.5,exit_stop_service,BOT_8,RACK_8,1.0,EXIT_22,,,,,,,,,0.0,108.5,114.5,6.0,1.0,,,,,,,,,,
116.12500000000001,travel_leg,BOT_4,RACK_3,1.0,EXIT_10,receiving_to_first_exit,receiving,EXIT_10,30.5,116.12500000000001,65.30000000000001,2.0,85.62500000000001,,,,,,,,,,,,,,,
117.0,travel_leg,BOT_2,RACK_2,1.0,EXIT_28,receiving_to_first_exit,receiving,EXIT_28,15.0,117.0,78.4,2.0,102.0,,,,,,,,,,,,,,,
122.12500000000001,exit_stop_service,BOT_4,RACK_3,1.0,EXIT_10,,,,,,,,,0.0,116.12500000000001,122.12500000000001,6.0,1.0,,,,,,,,,,
123.0,exit_stop_service,BOT_2,RACK_2,1.0,EXIT_28,,,,,,,,,0.0,117.0,123.0,6.0,1.0,,,,,,,,,,
142.25,travel_leg,BOT_14,RACK_14,1.0,EXIT_21,receiving_to_first_exit,receiving,EXIT_21,105.0,142.25,26.599999999999994,2.0,37.24999999999999,,,,,,,,,,,,,,,
145.75,travel_leg,BOT_11,RACK_11,1.0,EXIT_23,receiving_to_first_exit,receiving,EXIT_23,90.0,145.75,41.4,2.0,55.74999999999999,,,,,,,,,,,,,,,
146.25,return_leg,BOT_7,RACK_7,1.0,EXIT_22,last_exit_to_return,EXIT_22,return,98.0,146.25,33.8,3.0,48.24999999999999,,,,,,,,,,,,,,,
146.25,trip_completed,BOT_7,RACK_7,,,,,,,,,,,,,,,,1.0,1.0,45.5,146.25,100.75,67.8,94.75,0.0,6.0,100.75
148.25,exit_stop_service,BOT_14,RACK_14,1.0,EXIT_21,,,,,,,,,0.0,142.25,148.25,6.0,1.0,,,,,,,,,,
149.75,travel_leg,BOT_17,RACK_17,1.0,EXIT_21,receiving_to_first_exit,receiving,EXIT_21,112.5,149.75,26.599999999999994,2.0,37.24999999999999,,,,,,,,,,,,,,,
151.75,exit_stop_service,BOT_11,RACK_11,1.0,EXIT_23,,,,,,,,,0.0,145.75,151.75,6.0,1.0,,,,,,,,,,
154.12499999999997,travel_leg,BOT_3,RACK_4,1.0,EXIT_16,receiving_to_first_exit,receiving,EXIT_16,26.5,154.12499999999997,98.89999999999998,2.0,127.62499999999997,,,,,,,,,,,,,,,
155.75,exit_stop_service,BOT_17,RACK_17,1.0,EXIT_21,,,,,,,,,0.0,149.75,155.75,6.0,1.0,,,,,,,,,,
158.0,travel_leg,BOT_16,RACK_16,1.0,EXIT_22,receiving_to_first_exit,receiving,EXIT_22,111.5,158.0,34.0,2.0,46.5,,,,,,,,,,,,,,,
160.12499999999997,exit_stop_service,BOT_3,RACK_4,1.0,EXIT_16,,,,,,,,,0.0,154.12499999999997,160.12499999999997,6.0,1.0,,,,,,,,,,
162.75,return_leg,BOT_8,RACK_8,1.0,EXIT_22,last_exit_to_return,EXIT_22,return,114.5,162.75,33.8,3.0,48.24999999999999,,,,,,,,,,,,,,,
162.75,trip_completed,BOT_8,RACK_8,,,,,,,,,,,,,,,,1.0,1.0,62.0,162.75,100.75,67.8,94.75,0.0,6.0,100.75
164.0,exit_stop_service,BOT_16,RACK_16,1.0,EXIT_22,,,,,,,,,0.0,158.0,164.0,6.0,1.0,,,,,,,,,,
172.62499999999994,travel_leg,BOT_5,RACK_5,1.0,EXIT_18,receiving_to_first_exit,receiving,EXIT_18,31.0,172.62499999999994,110.09999999999997,2.0,141.62499999999994,,,,,,,,,,,,,,,
173.0,travel_leg,BOT_10,RACK_10,1.0,EXIT_28,receiving_to_first_exit,receiving,EXIT_28,71.0,173.0,78.4,2.0,102.0,,,,,,,,,,,,,,,
173.75,travel_leg,BOT_9,RACK_9,1.0,EXIT_29,receiving_to_first_exit,receiving,EXIT_29,62.5,173.75,85.80000000000001,2.0,111.25000000000001,,,,,,,,,,,,,,,
178.62499999999994,exit_stop_service,BOT_5,RACK_5,1.0,EXIT_18,,,,,,,,,0.0,172.62499999999994,178.62499999999994,6.0,1.0,,,,,,,,,,
179.0,exit_stop_service,BOT_10,RACK_10,1.0,EXIT_28,,,,,,,,,0.0,173.0,179.0,6.0,1.0,,,,,,,,,,
179.75,exit_stop_service,BOT_9,RACK_9,1.0,EXIT_29,,,,,,,,,0.0,173.75,179.75,6.0,1.0,,,,,,,,,,
180.125,travel_leg,BOT_4,RACK_3,2.0,EXIT_18,between_exits,EXIT_10,EXIT_18,122.12500000000001,180.125,40.0,4.0,58.0,,,,,,,,,,,,,,,
186.125,exit_stop_service,BOT_4,RACK_3,2.0,EXIT_18,,,,,,,,,0.0,180.125,186.125,6.0,1.0,,,,,,,,,,
187.25,return_leg,BOT_14,RACK_14,1.0,EXIT_21,last_exit_to_return,EXIT_21,return,148.25,187.25,26.4,3.0,38.99999999999999,,,,,,,,,,,,,,,
187.25,trip_completed,BOT_14,RACK_14,,,,,,,,,,,,,,,,1.0,1.0,105.0,187.25,82.25,52.99999999999999,76.24999999999999,0.0,6.0,82.25
191.75,travel_leg,BOT_12,RACK_12,1.0,EXIT_27,receiving_to_first_exit,receiving,EXIT_27,99.0,191.75,71.0,2.0,92.75,,,,,,,,,,,,,,,
192.625,travel_leg,BOT_22,RACK_22,1.0,EXIT_3,receiving_to_first_exit,receiving,EXIT_3,156.0,192.625,26.1,2.0,36.625,,,,,,,,,,,,,,,
194.75,return_leg,BOT_17,RACK_17,1.0,EXIT_21,last_exit_to_return,EXIT_21,return,155.75,194.75,26.4,3.0,38.99999999999999,,,,,,,,,,,,,,,
194.75,trip_completed,BOT_17,RACK_17,,,,,,,,,,,,,,,,1.0,1.0,112.5,194.75,82.25,52.99999999999999,76.24999999999999,0.0,6.0,82.25
197.75,exit_stop_service,BOT_12,RACK_12,1.0,EXIT_27,,,,,,,,,0.0,191.75,197.75,6.0,1.0,,,,,,,,,,
198.625,exit_stop_service,BOT_22,RACK_22,1.0,EXIT_3,,,,,,,,,0.0,192.625,198.625,6.0,1.0,,,,,,,,,,
199.125,travel_leg,BOT_15,RACK_15,1.0,EXIT_11,receiving_to_first_exit,receiving,EXIT_11,106.5,199.125,70.9,2.0,92.625,,,,,,,,,,,,,,,
200.5,travel_leg,BOT_26,RACK_26,1.0,EXIT_20,receiving_to_first_exit,receiving,EXIT_20,172.5,200.5,19.2,2.0,27.999999999999996,,,,,,,,,,,,,,,
205.125,exit_stop_service,BOT_15,RACK_15,1.0,EXIT_11,,,,,,,,,0.0,199.125,205.125,6.0,1.0,,,,,,,,,,
205.5,travel_leg,BOT_13,RACK_13,1.0,EXIT_28,receiving_to_first_exit,receiving,EXIT_28,103.5,205.5,78.4,2.0,102.0,,,,,,,,,,,,,,,
206.5,exit_stop_service,BOT_26,RACK_26,1.0,EXIT_20,,,,,,,,,0.0,200.5,206.5,6.0,1.0,,,,,,,,,,
209.25,return_leg,BOT_11,RACK_11,1.0,EXIT_23,last_exit_to_return,EXIT_23,return,151.75,209.25,41.199999999999996,3.0,57.49999999999999,,,,,,,,,,,,,,,
209.25,trip_completed,BOT_11,RACK_11,,,,,,,,,,,,,,,,1.0,1.0,90.0,209.25,119.25,82.6,113.24999999999999,0.0,6.0,119.25
210.75,travel_leg,BOT_18,RACK_18,1.0,EXIT_27,receiving_to_first_exit,receiving,EXIT_27,118.0,210.75,71.0,2.0,92.75,,,,,,,,,,,,,,,
211.5,exit_stop_service,BOT_13,RACK_13,1.0,EXIT_28,,,,,,,,,0.0,205.5,211.5,6.0,1.0,,,,,,,,,,
212.25,return_leg,BOT_16,RACK_16,1.0,EXIT_22,last_exit_to_return,EXIT_22,return,164.0,212.25,33.8,3.0,48.24999999999999,,,,,,,,,,,,,,,
212.25,trip_completed,BOT_16,RACK_16,,,,,,,,,,,,,,,,1.0,1.0,111.5,212.25,100.75,67.8,94.75,0.0,6.0,100.75
215.0,travel_leg,BOT_24,RACK_24,1.0,EXIT_22,receiving_to_first_exit,receiving,EXIT_22,168.5,215.0,34.0,2.0,46.5,,,,,,,,,,,,,,,
216.75,exit_stop_service,BOT_18,RACK_18,1.0,EXIT_27,,,,,,,,,0.0,210.75,216.75,6.0,1.0,,,,,,,,,,
221.0,exit_stop_service,BOT_24,RACK_24,1.0,EXIT_22,,,,,,,,,0.0,215.0,221.0,6.0,1.0,,,,,,,,,,
226.75,return_leg,BOT_2,RACK_2,1.0,EXIT_28,last_exit_to_return,EXIT_28,return,123.0,226.75,78.2,3.0,103.75,,,,,,,,,,,,,,,
226.75,trip_completed,BOT_2,RACK_2,,,,,,,,,,,,,,,,1.0,1.0,15.0,226.75,211.75,156.60000000000002,205.75,0.0,6.0,211.75
234.625,travel_leg,BOT_31,RACK_31,1.0,EXIT_5,receiving_to_first_exit,receiving,EXIT_5,184.0,234.625,37.300000000000004,2.0,50.625,,,,,,,,,,,,,,,
236.25,return_leg,BOT_26,RACK_26,1.0,EXIT_20,last_exit_to_return,EXIT_20,return,206.5,236.25,19.0,3.0,29.75,,,,,,,,,,,,,,,
236.25,trip_completed,BOT_26,RACK_26,,,,,,,,,,,,,,,,1.0,1.0,172.5,236.25,63.75,38.2,57.75,0.0,6.0,63.75
238.625,travel_leg,BOT_19,RACK_19,1.0,EXIT_14,receiving_to_first_exit,receiving,EXIT_14,125.0,238.625,87.69999999999999,2.0,113.62499999999999,,,,,,,,,,,,,,,
240.125,return_leg,BOT_22,RACK_22,1.0,EXIT_3,last_exit_to_return,EXIT_3,return,198.625,240.125,28.4,3.0,41.49999999999999,,,,,,,,,,,,,,,
240.125,trip_completed,BOT_22,RACK_22,,,,,,,,,,,,,,,,1.0,1.0,156.0,240.125,84.125,54.5,78.125,0.0,6.0,84.125
240.625,exit_stop_service,BOT_31,RACK_31,1.0,EXIT_5,,,,,,,,,0.0,234.625,240.625,6.0,1.0,,,,,,,,,,
241.25,travel_leg,BOT_20,RACK_20,1.0,EXIT_27,receiving_to_first_exit,receiving,EXIT_27,148.5,241.25,71.0,2.0,92.75,,,,,,,,,,,,,,,
244.625,exit_stop_service,BOT_19,RACK_19,1.0,EXIT_14,,,,,,,,,0.0,238.625,244.625,6.0,1.0,,,,,,,,,,
245.625,travel_leg,BOT_33,RACK_33,1.0,EXIT_1,receiving_to_first_exit,receiving,EXIT_1,223.0,245.625,14.899999999999999,2.0,22.624999999999996,,,,,,,,,,,,,,,
247.25,exit_stop_service,BOT_20,RACK_20,1.0,EXIT_27,,,,,,,,,0.0,241.25,247.25,6.0,1.0,,,,,,,,,,
251.625,exit_stop_service,BOT_33,RACK_33,1.0,EXIT_1,,,,,,,,,0.0,245.625,251.625,6.0,1.0,,,,,,,,,,
257.5,travel_leg,BOT_27,RACK_27,1.0,EXIT_26,receiving_to_first_exit,receiving,EXIT_26,174.0,257.5,63.599999999999994,2.0,83.49999999999999,,,,,,,,,,,,,,,
263.5,exit_stop_service,BOT_27,RACK_27,1.0,EXIT_26,,,,,,,,,0.0,257.5,263.5,6.0,1.0,,,,,,,,,,
265.75,travel_leg,BOT_21,RACK_21,1.0,EXIT_29,receiving_to_first_exit,receiving,EXIT_29,154.5,265.75,85.80000000000001,2.0,111.25000000000001,,,,,,,,,,,,,,,
266.125,travel_leg,BOT_29,RACK_29,1.0,EXIT_10,receiving_to_first_exit,receiving,EXIT_10,180.5,266.125,65.30000000000001,2.0,85.62500000000001,,,,,,,,,,,,,,,
269.25,return_leg,BOT_24,RACK_24,1.0,EXIT_22,last_exit_to_return,EXIT_22,return,221.0,269.25,33.8,3.0,48.24999999999999,,,,,,,,,,,,,,,
269.25,trip_completed,BOT_24,RACK_24,,,,,,,,,,,,,,,,1.0,1.0,168.5,269.25,100.75,67.8,94.75,0.0,6.0,100.75
271.75,exit_stop_service,BOT_21,RACK_21,1.0,EXIT_29,,,,,,,,,0.0,265.75,271.75,6.0,1.0,,,,,,,,,,
272.125,exit_stop_service,BOT_29,RACK_29,1.0,EXIT_10,,,,,,,,,0.0,266.125,272.125,6.0,1.0,,,,,,,,,,
273.75,travel_leg,BOT_30,RACK_30,1.0,EXIT_27,receiving_to_first_exit,receiving,EXIT_27,181.0,273.75,71.0,2.0,92.75,,,,,,,,,,,,,,,
279.125,return_leg,BOT_33,RACK_33,1.0,EXIT_1,last_exit_to_return,EXIT_1,return,251.625,279.125,17.2,3.0,27.499999999999996,,,,,,,,,,,,,,,
279.125,trip_completed,BOT_33,RACK_33,,,,,,,,,,,,,,,,1.0,1.0,223.0,279.125,56.125,32.099999999999994,50.12499999999999,0.0,6.0,56.125
279.75,exit_stop_service,BOT_30,RACK_30,1.0,EXIT_27,,,,,,,,,0.0,273.75,279.75,6.0,1.0,,,,,,,,,,
282.75,return_leg,BOT_10,RACK_10,1.0,EXIT_28,last_exit_to_return,EXIT_28,return,179.0,282.75,78.2,3.0,103.75,,,,,,,,,,,,,,,
282.75,trip_completed,BOT_10,RACK_10,,,,,,,,,,,,,,,,1.0,1.0,71.0,282.75,211.75,156.60000000000002,205.75,0.0,6.0,211.75
291.125,travel_leg,BOT_7,RACK_41,1.0,EXIT_1,receiving_to_first_exit,receiving,EXIT_1,268.5,291.125,14.899999999999999,2.0,22.624999999999996,,,,,,,,,,,,,,,
291.5,travel_leg,BOT_25,RACK_25,1.0,EXIT_30,receiving_to_first_exit,receiving,EXIT_30,171.0,291.5,93.20000000000002,2.0,120.50000000000001,,,,,,,,,,,,,,,
292.25,return_leg,BOT_12,RACK_12,1.0,EXIT_27,last_exit_to_return,EXIT_27,return,197.75,292.25,70.8,3.0,94.49999999999999,,,,,,,,,,,,,,,
292.25,trip_completed,BOT_12,RACK_12,,,,,,,,,,,,,,,,1.0,1.0,99.0,292.25,193.25,141.8,187.25,0.0,6.0,193.25
292.6249999999999,return_leg,BOT_3,RACK_4,1.0,EXIT_16,last_exit_to_return,EXIT_16,return,160.12499999999997,292.6249999999999,101.19999999999997,3.0,132.49999999999994,,,,,,,,,,,,,,,
292.6249999999999,trip_completed,BOT_3,RACK_4,,,,,,,,,,,,,,,,1.0,1.0,26.5,292.6249999999999,266.1249999999999,200.09999999999997,260.1249999999999,0.0,6.0,266.1249999999999
292.75,return_leg,BOT_9,RACK_9,1.0,EXIT_29,last_exit_to_return,EXIT_29,return,179.75,292.75,85.60000000000001,3.0,113.0,,,,,,,,,,,,,,,
292.75,trip_completed,BOT_9,RACK_9,,,,,,,,,,,,,,,,1.0,1.0,62.5,292.75,230.25,171.40000000000003,224.25,0.0,6.0,230.25
296.125,return_leg,BOT_31,RACK_31,1.0,EXIT_5,last_exit_to_return,EXIT_5,return,240.625,296.125,39.6,3.0,55.5,,,,,,,,,,,,,,,
296.125,trip_completed,BOT_31,RACK_31,,,,,,,,,,,,,,,,1.0,1.0,184.0,296.125,112.125,76.9,106.125,0.0,6.0,112.125
296.5,travel_leg,BOT_32,RACK_32,1.0,EXIT_26,receiving_to_first_exit,receiving,EXIT_26,213.0,296.5,63.599999999999994,2.0,83.49999999999999,,,,,,,,,,,,,,,
297.125,exit_stop_service,BOT_7,RACK_41,1.0,EXIT_1,,,,,,,,,0.0,291.125,297.125,6.0,1.0,,,,,,,,,,
297.5,exit_stop_service,BOT_25,RACK_25,1.0,EXIT_30,,,,,,,,,0.0,291.5,297.5,6.0,1.0,,,,,,,,,,
299.12499999999994,travel_leg,BOT_23,RACK_23,1.0,EXIT_18,receiving_to_first_exit,receiving,EXIT_18,157.5,299.12499999999994,110.09999999999997,2.0,141.62499999999994,,,,,,,,,,,,,,,
302.5,exit_stop_service,BOT_32,RACK_32,1.0,EXIT_26,,,,,,,,,0.0,296.5,302.5,6.0,1.0,,,,,,,,,,
302.625,return_leg,BOT_15,RACK_15,1.0,EXIT_11,last_exit_to_return,EXIT_11,return,205.125,302.625,73.2,3.0,97.5,,,,,,,,,,,,,,,
302.625,trip_completed,BOT_15,RACK_15,,,,,,,,,,,,,,,,1.0,1.0,106.5,302.625,196.125,144.10000000000002,190.125,0.0,6.0,196.125
305.12499999999994,exit_stop_service,BOT_23,RACK_23,1.0,EXIT_18,,,,,,,,,0.0,299.12499999999994,305.12499999999994,6.0,1.0,,,,,,,,,,
311.25,return_leg,BOT_18,RACK_18,1.0,EXIT_27,last_exit_to_return,EXIT_27,return,216.75,311.25,70.8,3.0,94.49999999999999,,,,,,,,,,,,,,,
311.25,trip_completed,BOT_18,RACK_18,,,,,,,,,,,,,,,,1.0,1.0,118.0,311.25,193.25,141.8,187.25,0.0,6.0,193.25
312.5,travel_leg,BOT_34,RACK_34,1.0,EXIT_26,receiving_to_first_exit,receiving,EXIT_26,229.0,312.5,63.599999999999994,2.0,83.49999999999999,,,,,,,,,,,,,,,
313.25,travel_leg,BOT_37,RACK_37,1.0,EXIT_25,receiving_to_first_exit,receiving,EXIT_25,239.0,313.25,56.19999999999999,2.0,74.24999999999999,,,,,,,,,,,,,,,
315.25,return_leg,BOT_13,RACK_13,1.0,EXIT_28,last_exit_to_return,EXIT_28,return,211.5,315.25,78.2,3.0,103.75,,,,,,,,,,,,,,,
315.25,trip_completed,BOT_13,RACK_13,,,,,,,,,,,,,,,,1.0,1.0,103.5,315.25,211.75,156.60000000000002,205.75,0.0,6.0,211.75
318.5,exit_stop_service,BOT_34,RACK_34,1.0,EXIT_26,,,,,,,,,0.0,312.5,318.5,6.0,1.0,,,,,,,,,,
318.62499999999994,travel_leg,BOT_28,RACK_28,1.0,EXIT_18,receiving_to_first_exit,receiving,EXIT_18,177.0,318.62499999999994,110.09999999999997,2.0,141.62499999999994,,,,,,,,,,,,,,,
319.25,exit_stop_service,BOT_37,RACK_37,1.0,EXIT_25,,,,,,,,,0.0,313.25,319.25,6.0,1.0,,,,,,,,,,
324.5,travel_leg,BOT_14,RACK_43,1.0,EXIT_22,receiving_to_first_exit,receiving,EXIT_22,278.0,324.5,34.0,2.0,46.5,,,,,,,,,,,,,,,
324.62499999999994,exit_stop_service,BOT_28,RACK_28,1.0,EXIT_18,,,,,,,,,0.0,318.62499999999994,324.62499999999994,6.0,1.0,,,,,,,,,,
324.625,return_leg,BOT_7,RACK_41,1.0,EXIT_1,last_exit_to_return,EXIT_1,return,297.125,324.625,17.2,3.0,27.499999999999996,,,,,,,,,,,,,,,
324.625,trip_completed,BOT_7,RACK_41,,,,,,,,,,,,,,,,1.0,1.0,268.5,324.625,56.125,32.099999999999994,50.12499999999999,0.0,6.0,56.125
325.1249999999999,return_leg,BOT_5,RACK_5,1.0,EXIT_18,last_exit_to_return,EXIT_18,return,178.62499999999994,325.1249999999999,112.39999999999996,3.0,146.49999999999994,,,,,,,,,,,,,,,
325.1249999999999,trip_completed,BOT_5,RACK_5,,,,,,,,,,,,,,,,1.0,1.0,31.0,325.1249999999999,294.1249999999999,222.49999999999994,288.1249999999999,0.0,6.0,294.1249999999999
330.5,exit_stop_service,BOT_14,RACK_43,1.0,EXIT_22,,,,,,,,,0.0,324.5,330.5,6.0,1.0,,,,,,,,,,
332.62499999999994,return_leg,BOT_4,RACK_3,2.0,EXIT_18,last_exit_to_return,EXIT_18,return,186.125,332.62499999999994,112.39999999999996,3.0,146.49999999999994,,,,,,,,,,,,,,,
332.62499999999994,trip_completed,BOT_4,RACK_3,,,,,,,,,,,,,,,,2.0,2.0,30.5,332.62499999999994,302.12499999999994,217.7,290.12499999999994,0.0,12.0,302.12499999999994
334.125,travel_leg,BOT_35,RACK_35,1.0,EXIT_12,receiving_to_first_exit,receiving,EXIT_12,234.5,334.125,76.5,2.0,99.625,,,,,,,,,,,,,,,
340.125,exit_stop_service,BOT_35,RACK_35,1.0,EXIT_12,,,,,,,,,0.0,334.125,340.125,6.0,1.0,,,,,,,,,,
341.25,travel_leg,BOT_2,RACK_47,1.0,EXIT_21,receiving_to_first_exit,receiving,EXIT_21,304.0,341.25,26.599999999999994,2.0,37.24999999999999,,,,,,,,,,,,,,,
341.75,return_leg,BOT_20,RACK_20,1.0,EXIT_27,last_exit_to_return,EXIT_27,return,247.25,341.75,70.8,3.0,94.49999999999999,,,,,,,,,,,,,,,
341.75,trip_completed,BOT_20,RACK_20,,,,,,,,,,,,,,,,1.0,1.0,148.5,341.75,193.25,141.8,187.25,0.0,6.0,193.25
347.25,exit_stop_service,BOT_2,RACK_47,1.0,EXIT_21,,,,,,,,,0.0,341.25,347.25,6.0,1.0,,,,,,,,,,
348.0,travel_leg,BOT_6,RACK_40,1.0,EXIT_26,receiving_to_first_exit,receiving,EXIT_26,264.5,348.0,63.599999999999994,2.0,83.49999999999999,,,,,,,,,,,,,,,
348.75,return_leg,BOT_27,RACK_27,1.0,EXIT_26,last_exit_to_return,EXIT_26,return,263.5,348.75,63.39999999999999,3.0,85.24999999999999,,,,,,,,,,,,,,,
348.75,trip_completed,BOT_27,RACK_27,,,,,,,,,,,,,,,,1.0,1.0,174.0,348.75,174.75,126.99999999999999,168.74999999999997,0.0,6.0,174.75
349.625,travel_leg,BOT_11,RACK_45,1.0,EXIT_6,receiving_to_first_exit,receiving,EXIT_6,292.0,349.625,42.900000000000006,2.0,57.62500000000001,,,,,,,,,,,,,,,
349.75,travel_leg,BOT_1,RACK_39,1.0,EXIT_27,receiving_to_first_exit,receiving,EXIT_27,257.0,349.75,71.0,2.0,92.75,,,,,,,,,,,,,,,
354.0,exit_stop_service,BOT_6,RACK_40,1.0,EXIT_26,,,,,,,,,0.0,348.0,354.0,6.0,1.0,,,,,,,,,,
355.625,exit_stop_service,BOT_11,RACK_45,1.0,EXIT_6,,,,,,,,,0.0,349.625,355.625,6.0,1.0,,,,,,,,,,
355.75,exit_stop_service,BOT_1,RACK_39,1.0,EXIT_27,,,,,,,,,0.0,349.75,355.75,6.0,1.0,,,,,,,,,,
362.625,return_leg,BOT_29,RACK_29,1.0,EXIT_10,last_exit_to_return,EXIT_10,return,272.125,362.625,67.60000000000001,3.0,90.5,,,,,,,,,,,,,,,
362.625,trip_completed,BOT_29,RACK_29,,,,,,,,,,,,,,,,1.0,1.0,180.5,362.625,182.125,132.90000000000003,176.125,0.0,6.0,182.125
363.125,return_leg,BOT_19,RACK_19,1.0,EXIT_14,last_exit_to_return,EXIT_14,return,244.625,363.125,89.99999999999999,3.0,118.49999999999997,,,,,,,,,,,,,,,
363.125,trip_completed,BOT_19,RACK_19,,,,,,,,,,,,,,,,1.0,1.0,125.0,363.125,238.125,177.7,232.12499999999994,0.0,6.0,238.125
363.25,travel_leg,BOT_38,RACK_38,1.0,EXIT_29,receiving_to_first_exit,receiving,EXIT_29,252.0,363.25,85.80000000000001,2.0,111.25000000000001,,,,,,,,,,,,,,,
367.25,travel_leg,BOT_36,RACK_36,1.0,EXIT_31,receiving_to_first_exit,receiving,EXIT_31,237.5,367.25,100.60000000000002,2.0,129.75000000000003,,,,,,,,,,,,,,,
369.25,exit_stop_service,BOT_38,RACK_38,1.0,EXIT_29,,,,,,,,,0.0,363.25,369.25,6.0,1.0,,,,,,,,,,
373.25,exit_stop_service,BOT_36,RACK_36,1.0,EXIT_31,,,,,,,,,0.0,367.25,373.25,6.0,1.0,,,,,,,,,,
374.25,return_leg,BOT_30,RACK_30,1.0,EXIT_27,last_exit_to_return,EXIT_27,return,279.75,374.25,70.8,3.0,94.49999999999999,,,,,,,,,,,,,,,
374.25,trip_completed,BOT_30,RACK_30,,,,,,,,,,,,,,,,1.0,1.0,181.0,374.25,193.25,141.8,187.25,0.0,6.0,193.25
378.75,return_leg,BOT_14,RACK_43,1.0,EXIT_22,last_exit_to_return,EXIT_22,return,330.5,378.75,33.8,3.0,48.24999999999999,,,,,,,,,,,,,,,
378.75,trip_completed,BOT_14,RACK_43,,,,,,,,,,,,,,,,1.0,1.0,278.0,378.75,100.75,67.8,94.75,0.0,6.0,100.75
381.0,travel_leg,BOT_9,RACK_55,1.0,EXIT_20,receiving_to_first_exit,receiving,EXIT_20,353.0,381.0,19.2,2.0,27.999999999999996,,,,,,,,,,,,,,,
384.75,return_leg,BOT_21,RACK_21,1.0,EXIT_29,last_exit_to_return,EXIT_29,return,271.75,384.75,85.60000000000001,3.0,113.0,,,,,,,,,,,,,,,
384.75,trip_completed,BOT_21,RACK_21,,,,,,,,,,,,,,,,1.0,1.0,154.5,384.75,230.25,171.40000000000003,224.25,0.0,6.0,230.25
386.25,return_leg,BOT_2,RACK_47,1.0,EXIT_21,last_exit_to_return,EXIT_21,return,347.25,386.25,26.4,3.0,38.99999999999999,,,,,,,,,,,,,,,
386.25,trip_completed,BOT_2,RACK_47,,,,,,,,,,,,,,,,1.0,1.0,304.0,386.25,82.25,52.99999999999999,76.24999999999999,0.0,6.0,82.25
387.0,exit_stop_service,BOT_9,RACK_55,1.0,EXIT_20,,,,,,,,,0.0,381.0,387.0,6.0,1.0,,,,,,,,,,
387.75,return_leg,BOT_32,RACK_32,1.0,EXIT_26,last_exit_to_return,EXIT_26,return,302.5,387.75,63.39999999999999,3.0,85.24999999999999,,,,,,,,,,,,,,,
387.75,trip_completed,BOT_32,RACK_32,,,,,,,,,,,,,,,,1.0,1.0,213.0,387.75,174.75,126.99999999999999,168.74999999999997,0.0,6.0,174.75
395.25,return_leg,BOT_37,RACK_37,1.0,EXIT_25,last_exit_to_return,EXIT_25,return,319.25,395.25,55.99999999999999,3.0,75.99999999999999,,,,,,,,,,,,,,,
395.25,trip_completed,BOT_37,RACK_37,,,,,,,,,,,,,,,,1.0,1.0,239.0,395.25,156.25,112.19999999999999,150.24999999999997,0.0,6.0,156.25
398.25,travel_leg,BOT_8,RACK_42,1.0,EXIT_31,receiving_to_first_exit,receiving,EXIT_31,268.5,398.25,100.60000000000002,2.0,129.75000000000003,,,,,,,,,,,,,,,
399.625,travel_leg,BOT_16,RACK_46,1.0,EXIT_12,receiving_to_first_exit,receiving,EXIT_12,300.0,399.625,76.5,2.0,99.625,,,,,,,,,,,,,,,
403.75,return_leg,BOT_34,RACK_34,1.0,EXIT_26,last_exit_to_return,EXIT_26,return,318.5,403.75,63.39999999999999,3.0,85.24999999999999,,,,,,,,,,,,,,,
403.75,trip_completed,BOT_34,RACK_34,,,,,,,,,,,,,,,,1.0,1.0,229.0,403.75,174.75,126.99999999999999,168.74999999999997,0.0,6.0,174.75
404.25,exit_stop_service,BOT_8,RACK_42,1.0,EXIT_31,,,,,,,,,0.0,398.25,404.25,6.0,1.0,,,,,,,,,,
405.625,exit_stop_service,BOT_16,RACK_46,1.0,EXIT_12,,,,,,,,,0.0,399.625,405.625,6.0,1.0,,,,,,,,,,
413.0,travel_leg,BOT_4,RACK_62,1.0,EXIT_20,receiving_to_first_exit,receiving,EXIT_20,385.0,413.0,19.2,2.0,27.999999999999996,,,,,,,,,,,,,,,
413.125,travel_leg,BOT_12,RACK_53,1.0,EXIT_7,receiving_to_first_exit,receiving,EXIT_7,348.5,413.125,48.50000000000001,2.0,64.625,,,,,,,,,,,,,,,
416.75,return_leg,BOT_9,RACK_55,1.0,EXIT_20,last_exit_to_return,EXIT_20,return,387.0,416.75,19.0,3.0,29.75,,,,,,,,,,,,,,,
416.75,trip_completed,BOT_9,RACK_55,,,,,,,,,,,,,,,,1.0,1.0,353.0,416.75,63.75,38.2,57.75,0.0,6.0,63.75
418.125,return_leg,BOT_11,RACK_45,1.0,EXIT_6,last_exit_to_return,EXIT_6,return,355.625,418.125,45.2,3.0,62.5,,,,,,,,,,,,,,,
418.125,trip_completed,BOT_11,RACK_45,,,,,,,,,,,,,,,,1.0,1.0,292.0,418.125,126.125,88.10000000000001,120.125,0.0,6.0,126.125
418.75,travel_leg,BOT_17,RACK_44,1.0,EXIT_31,receiving_to_first_exit,receiving,EXIT_31,289.0,418.75,100.60000000000002,2.0,129.75000000000003,,,,,,,,,,,,,,,
419.0,exit_stop_service,BOT_4,RACK_62,1.0,EXIT_20,,,,,,,,,0.0,413.0,419.0,6.0,1.0,,,,,,,,,,
419.125,exit_stop_service,BOT_12,RACK_53,1.0,EXIT_7,,,,,,,,,0.0,413.125,419.125,6.0,1.0,,,,,,,,,,
419.75,return_leg,BOT_25,RACK_25,1.0,EXIT_30,last_exit_to_return,EXIT_30,return,297.5,419.75,93.00000000000001,3.0,122.25000000000001,,,,,,,,,,,,,,,
419.75,trip_completed,BOT_25,RACK_25,,,,,,,,,,,,,,,,1.0,1.0,171.0,419.75,248.75,186.20000000000005,242.75000000000003,0.0,6.0,248.75
424.75,exit_stop_service,BOT_17,RACK_44,1.0,EXIT_31,,,,,,,,,0.0,418.75,424.75,6.0,1.0,,,,,,,,,,
430.75,travel_leg,BOT_15,RACK_57,1.0,EXIT_25,receiving_to_first_exit,receiving,EXIT_25,356.5,430.75,56.19999999999999,2.0,74.24999999999999,,,,,,,,,,,,,,,
432.5,travel_leg,BOT_13,RACK_59,1.0,EXIT_24,receiving_to_first_exit,receiving,EXIT_24,367.5,432.5,48.8,2.0,65.0,,,,,,,,,,,,,,,
434.25,travel_leg,BOT_24,RACK_50,1.0,EXIT_27,receiving_to_first_exit,receiving,EXIT_27,341.5,434.25,71.0,2.0,92.75,,,,,,,,,,,,,,,
436.75,exit_stop_service,BOT_15,RACK_57,1.0,EXIT_25,,,,,,,,,0.0,430.75,436.75,6.0,1.0,,,,,,,,,,
438.5,exit_stop_service,BOT_13,RACK_59,1.0,EXIT_24,,,,,,,,,0.0,432.5,438.5,6.0,1.0,,,,,,,,,,
439.25,return_leg,BOT_6,RACK_40,1.0,EXIT_26,last_exit_to_return,EXIT_26,return,354.0,439.25,63.39999999999999,3.0,85.24999999999999,,,,,,,,,,,,,,,
439.25,trip_completed,BOT_6,RACK_40,,,,,,,,,,,,,,,,1.0,1.0,264.5,439.25,174.75,126.99999999999999,168.74999999999997,0.0,6.0,174.75
439.5,travel_leg,BOT_5,RACK_61,1.0,EXIT_24,receiving_to_first_exit,receiving,EXIT_24,374.5,439.5,48.8,2.0,65.0,,,,,,,,,,,,,,,
439.75,travel_leg,BOT_10,RACK_52,1.0,EXIT_27,receiving_to_first_exit,receiving,EXIT_27,347.0,439.75,71.0,2.0,92.75,,,,,,,,,,,,,,,
440.25,exit_stop_service,BOT_24,RACK_50,1.0,EXIT_27,,,,,,,,,0.0,434.25,440.25,6.0,1.0,,,,,,,,,,
441.125,travel_leg,BOT_22,RACK_49,1.0,EXIT_16,receiving_to_first_exit,receiving,EXIT_16,313.5,441.125,98.89999999999998,2.0,127.62499999999997,,,,,,,,,,,,,,,
444.625,return_leg,BOT_35,RACK_35,1.0,EXIT_12,last_exit_to_return,EXIT_12,return,340.125,444.625,78.8,3.0,104.49999999999999,,,,,,,,,,,,,,,
444.625,travel_leg,BOT_33,RACK_51,1.0,EXIT_12,receiving_to_first_exit,receiving,EXIT_12,345.0,444.625,76.5,2.0,99.625,,,,,,,,,,,,,,,
444.625,trip_completed,BOT_35,RACK_35,,,,,,,,,,,,,,,,1.0,1.0,234.5,444.625,210.125,155.3,204.125,0.0,6.0,210.125
445.5,exit_stop_service,BOT_5,RACK_61,1.0,EXIT_24,,,,,,,,,0.0,439.5,445.5,6.0,1.0,,,,,,,,,,
446.25,exit_stop_service,BOT_10,RACK_52,1.0,EXIT_27,,,,,,,,,0.5,440.25,446.25,6.0,1.0,,,,,,,,,,
447.125,exit_stop_service,BOT_22,RACK_49,1.0,EXIT_16,,,,,,,,,0.0,441.125,447.125,6.0,1.0,,,,,,,,,,
448.62499999999994,travel_leg,BOT_26,RACK_48,1.0,EXIT_18,receiving_to_first_exit,receiving,EXIT_18,307.0,448.62499999999994,110.09999999999997,2.0,141.62499999999994,,,,,,,,,,,,,,,
448.75,return_leg,BOT_4,RACK_62,1.0,EXIT_20,last_exit_to_return,EXIT_20,return,419.0,448.75,19.0,3.0,29.75,,,,,,,,,,,,,,,
448.75,trip_completed,BOT_4,RACK_62,,,,,,,,,,,,,,,,1.0,1.0,385.0,448.75,63.75,38.2,57.75,0.0,6.0,63.75
450.25,return_leg,BOT_1,RACK_39,1.0,EXIT_27,last_exit_to_return,EXIT_27,return,355.75,450.25,70.8,3.0,94.49999999999999,,,,,,,,,,,,,,,
450.25,trip_completed,BOT_1,RACK_39,,,,,,,,,,,,,,,,1.0,1.0,257.0,450.25,193.25,141.8,187.25,0.0,6.0,193.25
450.625,exit_stop_service,BOT_33,RACK_51,1.0,EXIT_12,,,,,,,,,0.0,444.625,450.625,6.0,1.0,,,,,,,,,,
451.6249999999999,return_leg,BOT_23,RACK_23,1.0,EXIT_18,last_exit_to_return,EXIT_18,return,305.12499999999994,451.6249999999999,112.39999999999996,3.0,146.49999999999994,,,,,,,,,,,,,,,
451.6249999999999,trip_completed,BOT_23,RACK_23,,,,,,,,,,,,,,,,1.0,1.0,157.5,451.6249999999999,294.1249999999999,222.49999999999994,288.1249999999999,0.0,6.0,294.1249999999999
453.0,travel_leg,BOT_20,RACK_63,1.0,EXIT_24,receiving_to_first_exit,receiving,EXIT_24,388.0,453.0,48.8,2.0,65.0,,,,,,,,,,,,,,,
454.62499999999994,exit_stop_service,BOT_26,RACK_48,1.0,EXIT_18,,,,,,,,,0.0,448.62499999999994,454.62499999999994,6.0,1.0,,,,,,,,,,
454.625,travel_leg,BOT_31,RACK_56,1.0,EXIT_12,receiving_to_first_exit,receiving,EXIT_12,355.0,454.625,76.5,2.0,99.625,,,,,,,,,,,,,,,
459.0,exit_stop_service,BOT_20,RACK_63,1.0,EXIT_24,,,,,,,,,0.0,453.0,459.0,6.0,1.0,,,,,,,,,,
460.625,exit_stop_service,BOT_31,RACK_56,1.0,EXIT_12,,,,,,,,,0.0,454.625,460.625,6.0,1.0,,,,,,,,,,
466.75,travel_leg,BOT_7,RACK_60,1.0,EXIT_27,receiving_to_first_exit,receiving,EXIT_27,374.0,466.75,71.0,2.0,92.75,,,,,,,,,,,,,,,
470.5,travel_leg,BOT_3,RACK_54,1.0,EXIT_30,receiving_to_first_exit,receiving,EXIT_30,350.0,470.5,93.20000000000002,2.0,120.50000000000001,,,,,,,,,,,,,,,
471.1249999999999,return_leg,BOT_28,RACK_28,1.0,EXIT_18,last_exit_to_return,EXIT_18,return,324.62499999999994,471.1249999999999,112.39999999999996,3.0,146.49999999999994,,,,,,,,,,,,,,,
471.1249999999999,trip_completed,BOT_28,RACK_28,,,,,,,,,,,,,,,,1.0,1.0,177.0,471.1249999999999,294.1249999999999,222.49999999999994,288.1249999999999,0.0,6.0,294.1249999999999
472.75,exit_stop_service,BOT_7,RACK_60,1.0,EXIT_27,,,,,,,,,0.0,466.75,472.75,6.0,1.0,,,,,,,,,,
476.5,exit_stop_service,BOT_3,RACK_54,1.0,EXIT_30,,,,,,,,,0.0,470.5,476.5,6.0,1.0,,,,,,,,,,
482.25,return_leg,BOT_38,RACK_38,1.0,EXIT_29,last_exit_to_return,EXIT_29,return,369.25,482.25,85.60000000000001,3.0,113.0,,,,,,,,,,,,,,,
482.25,trip_completed,BOT_38,RACK_38,,,,,,,,,,,,,,,,1.0,1.0,252.0,482.25,230.25,171.40000000000003,224.25,0.0,6.0,230.25
483.5,travel_leg,BOT_29,RACK_65,1.0,EXIT_26,receiving_to_first_exit,receiving,EXIT_26,400.0,483.5,63.599999999999994,2.0,83.49999999999999,,,,,,,,,,,,,,,
485.125,travel_leg,BOT_18,RACK_58,1.0,EXIT_15,receiving_to_first_exit,receiving,EXIT_15,364.5,485.125,93.29999999999998,2.0,120.62499999999997,,,,,,,,,,,,,,,
488.625,return_leg,BOT_12,RACK_53,1.0,EXIT_7,last_exit_to_return,EXIT_7,return,419.125,488.625,50.800000000000004,3.0,69.5,,,,,,,,,,,,,,,
488.625,trip_completed,BOT_12,RACK_53,,,,,,,,,,,,,,,,1.0,1.0,348.5,488.625,140.125,99.30000000000001,134.125,0.0,6.0,140.125
489.5,exit_stop_service,BOT_29,RACK_65,1.0,EXIT_26,,,,,,,,,0.0,483.5,489.5,6.0,1.0,,,,,,,,,,
491.125,exit_stop_service,BOT_18,RACK_58,1.0,EXIT_15,,,,,,,,,0.0,485.125,491.125,6.0,1.0,,,,,,,,,,
504.75,return_leg,BOT_36,RACK_36,1.0,EXIT_31,last_exit_to_return,EXIT_31,return,373.25,504.75,100.40000000000002,3.0,131.5,,,,,,,,,,,,,,,
504.75,trip_completed,BOT_36,RACK_36,,,,,,,,,,,,,,,,1.0,1.0,237.5,504.75,267.25,201.00000000000006,261.25,0.0,6.0,267.25
505.25,return_leg,BOT_13,RACK_59,1.0,EXIT_24,last_exit_to_return,EXIT_24,return,438.5,505.25,48.599999999999994,3.0,66.75,,,,,,,,,,,,,,,
505.25,trip_completed,BOT_13,RACK_59,,,,,,,,,,,,,,,,1.0,1.0,367.5,505.25,137.75,97.39999999999999,131.75,0.0,6.0,137.75
510.125,return_leg,BOT_16,RACK_46,1.0,EXIT_12,last_exit_to_return,EXIT_12,return,405.625,510.125,78.8,3.0,104.49999999999999,,,,,,,,,,,,,,,
510.125,trip_completed,BOT_16,RACK_46,,,,,,,,,,,,,,,,1.0,1.0,300.0,510.125,210.125,155.3,204.125,0.0,6.0,210.125
510.25,travel_leg,BOT_21,RACK_69,1.0,EXIT_23,receiving_to_first_exit,receiving,EXIT_23,454.5,510.25,41.4,2.0,55.74999999999999,,,,,,,,,,,,,,,
512.25,return_leg,BOT_5,RACK_61,1.0,EXIT_24,last_exit_to_return,EXIT_24,return,445.5,512.25,48.599999999999994,3.0,66.75,,,,,,,,,,,,,,,
512.25,trip_completed,BOT_5,RACK_61,,,,,,,,,,,,,,,,1.0,1.0,374.5,512.25,137.75,97.39999999999999,131.75,0.0,6.0,137.75
512.75,return_leg,BOT_15,RACK_57,1.0,EXIT_25,last_exit_to_return,EXIT_25,return,436.75,512.75,55.99999999999999,3.0,75.99999999999999,,,,,,,,,,,,,,,
512.75,trip_completed,BOT_15,RACK_57,,,,,,,,,,,,,,,,1.0,1.0,356.5,512.75,156.25,112.19999999999999,150.24999999999997,0.0,6.0,156.25
516.25,exit_stop_service,BOT_21,RACK_69,1.0,EXIT_23,,,,,,,,,0.0,510.25,516.25,6.0,1.0,,,,,,,,,,
519.25,travel_leg,BOT_27,RACK_64,1.0,EXIT_31,receiving_to_first_exit,receiving,EXIT_31,389.5,519.25,100.60000000000002,2.0,129.75000000000003,,,,,,,,,,,,,,,
525.25,exit_stop_service,BOT_27,RACK_64,1.0,EXIT_31,,,,,,,,,0.0,519.25,525.25,6.0,1.0,,,,,,,,,,
525.75,return_leg,BOT_20,RACK_63,1.0,EXIT_24,last_exit_to_return,EXIT_24,return,459.0,525.75,48.599999999999994,3.0,66.75,,,,,,,,,,,,,,,
525.75,trip_completed,BOT_20,RACK_63,,,,,,,,,,,,,,,,1.0,1.0,388.0,525.75,137.75,97.39999999999999,131.75,0.0,6.0,137.75
534.75,return_leg,BOT_24,RACK_50,1.0,EXIT_27,last_exit_to_return,EXIT_27,return,440.25,534.75,70.8,3.0,94.49999999999999,,,,,,,,,,,,,,,
534.75,trip_completed,BOT_24,RACK_50,,,,,,,,,,,,,,,,1.0,1.0,341.5,534.75,193.25,141.8,187.25,0.0,6.0,193.25
535.75,return_leg,BOT_8,RACK_42,1.0,EXIT_31,last_exit_to_return,EXIT_31,return,404.25,535.75,100.40000000000002,3.0,131.5,,,,,,,,,,,,,,,
535.75,trip_completed,BOT_8,RACK_42,,,,,,,,,,,,,,,,1.0,1.0,268.5,535.75,267.25,201.00000000000006,261.25,0.0,6.0,267.25
540.75,return_leg,BOT_10,RACK_52,1.0,EXIT_27,last_exit_to_return,EXIT_27,return,446.25,540.75,70.8,3.0,94.49999999999999,,,,,,,,,,,,,,,
540.75,trip_completed,BOT_10,RACK_52,,,,,,,,,,,,,,,,1.0,1.0,347.0,540.75,193.75,141.8,187.25,0.5,6.0,193.75
545.5,travel_leg,BOT_38,RACK_83,1.0,EXIT_22,receiving_to_first_exit,receiving,EXIT_22,499.0,545.5,34.0,2.0,46.5,,,,,,,,,,,,,,,
548.25,travel_leg,BOT_11,RACK_75,1.0,EXIT_25,receiving_to_first_exit,receiving,EXIT_25,474.0,548.25,56.19999999999999,2.0,74.24999999999999,,,,,,,,,,,,,,,
548.75,travel_leg,BOT_19,RACK_66,1.0,EXIT_29,receiving_to_first_exit,receiving,EXIT_29,437.5,548.75,85.80000000000001,2.0,111.25000000000001,,,,,,,,,,,,,,,
551.5,exit_stop_service,BOT_38,RACK_83,1.0,EXIT_22,,,,,,,,,0.0,545.5,551.5,6.0,1.0,,,,,,,,,,
554.25,exit_stop_service,BOT_11,RACK_75,1.0,EXIT_25,,,,,,,,,0.0,548.25,554.25,6.0,1.0,,,,,,,,,,
554.75,exit_stop_service,BOT_19,RACK_66,1.0,EXIT_29,,,,,,,,,0.0,548.75,554.75,6.0,1.0,,,,,,,,,,
555.125,return_leg,BOT_33,RACK_51,1.0,EXIT_12,last_exit_to_return,EXIT_12,return,450.625,555.125,78.8,3.0,104.49999999999999,,,,,,,,,,,,,,,
555.125,trip_completed,BOT_33,RACK_51,,,,,,,,,,,,,,,,1.0,1.0,345.0,555.125,210.125,155.3,204.125,0.0,6.0,210.125
556.25,return_leg,BOT_17,RACK_44,1.0,EXIT_31,last_exit_to_return,EXIT_31,return,424.75,556.25,100.40000000000002,3.0,131.5,,,,,,,,,,,,,,,
556.25,trip_completed,BOT_17,RACK_44,,,,,,,,,,,,,,,,1.0,1.0,289.0,556.25,267.25,201.00000000000006,261.25,0.0,6.0,267.25
558.5,travel_leg,BOT_2,RACK_70,1.0,EXIT_28,receiving_to_first_exit,receiving,EXIT_28,456.5,558.5,78.4,2.0,102.0,,,,,,,,,,,,,,,
562.0,travel_leg,BOT_28,RACK_82,1.0,EXIT_24,receiving_to_first_exit,receiving,EXIT_24,497.0,562.0,48.8,2.0,65.0,,,,,,,,,,,,,,,
562.25,travel_leg,BOT_30,RACK_67,1.0,EXIT_29,receiving_to_first_exit,receiving,EXIT_29,451.0,562.25,85.80000000000001,2.0,111.25000000000001,,,,,,,,,,,,,,,
564.5,travel_leg,BOT_12,RACK_84,1.0,EXIT_24,receiving_to_first_exit,receiving,EXIT_24,499.5,564.5,48.8,2.0,65.0,,,,,,,,,,,,,,,
564.5,exit_stop_service,BOT_2,RACK_70,1.0,EXIT_28,,,,,,,,,0.0,558.5,564.5,6.0,1.0,,,,,,,,,,
565.125,return_leg,BOT_31,RACK_56,1.0,EXIT_12,last_exit_to_return,EXIT_12,return,460.625,565.125,78.8,3.0,104.49999999999999,,,,,,,,,,,,,,,
565.125,trip_completed,BOT_31,RACK_56,,,,,,,,,,,,,,,,1.0,1.0,355.0,565.125,210.125,155.3,204.125,0.0,6.0,210.125
565.5,travel_leg,BOT_37,RACK_72,1.0,EXIT_28,receiving_to_first_exit,receiving,EXIT_28,463.5,565.5,78.4,2.0,102.0,,,,,,,,,,,,,,,
566.0,travel_leg,BOT_1,RACK_80,1.0,EXIT_26,receiving_to_first_exit,receiving,EXIT_26,482.5,566.0,63.599999999999994,2.0,83.49999999999999,,,,,,,,,,,,,,,
567.25,return_leg,BOT_7,RACK_60,1.0,EXIT_27,last_exit_to_return,EXIT_27,return,472.75,567.25,70.8,3.0,94.49999999999999,,,,,,,,,,,,,,,
567.25,trip_completed,BOT_7,RACK_60,,,,,,,,,,,,,,,,1.0,1.0,374.0,567.25,193.25,141.8,187.25,0.0,6.0,193.25
568.0,exit_stop_service,BOT_28,RACK_82,1.0,EXIT_24,,,,,,,,,0.0,562.0,568.0,6.0,1.0,,,,,,,,,,
568.25,exit_stop_service,BOT_30,RACK_67,1.0,EXIT_29,,,,,,,,,0.0,562.25,568.25,6.0,1.0,,,,,,,,,,
568.75,travel_leg,BOT_6,RACK_77,1.0,EXIT_27,receiving_to_first_exit,receiving,EXIT_27,476.0,568.75,71.0,2.0,92.75,,,,,,,,,,,,,,,
571.5,travel_leg,BOT_9,RACK_74,1.0,EXIT_28,receiving_to_first_exit,receiving,EXIT_28,469.5,571.5,78.4,2.0,102.0,,,,,,,,,,,,,,,
571.5,exit_stop_service,BOT_37,RACK_72,1.0,EXIT_28,,,,,,,,,0.0,565.5,571.5,6.0,1.0,,,,,,,,,,
572.0,exit_stop_service,BOT_1,RACK_80,1.0,EXIT_26,,,,,,,,,0.0,566.0,572.0,6.0,1.0,,,,,,,,,,
573.75,return_leg,BOT_21,RACK_69,1.0,EXIT_23,last_exit_to_return,EXIT_23,return,516.25,573.75,41.199999999999996,3.0,57.49999999999999,,,,,,,,,,,,,,,
573.75,trip_completed,BOT_21,RACK_69,,,,,,,,,,,,,,,,1.0,1.0,454.5,573.75,119.25,82.6,113.24999999999999,0.0,6.0,119.25
574.0,exit_stop_service,BOT_12,RACK_84,1.0,EXIT_24,,,,,,,,,3.5,568.0,574.0,6.0,1.0,,,,,,,,,,
574.75,travel_leg,BOT_4,RACK_79,1.0,EXIT_27,receiving_to_first_exit,receiving,EXIT_27,482.0,574.75,71.0,2.0,92.75,,,,,,,,,,,,,,,
574.75,return_leg,BOT_29,RACK_65,1.0,EXIT_26,last_exit_to_return,EXIT_26,return,489.5,574.75,63.39999999999999,3.0,85.24999999999999,,,,,,,,,,,,,,,
574.75,exit_stop_service,BOT_6,RACK_77,1.0,EXIT_27,,,,,,,,,0.0,568.75,574.75,6.0,1.0,,,,,,,,,,
574.75,trip_completed,BOT_29,RACK_65,,,,,,,,,,,,,,,,1.0,1.0,400.0,574.75,174.75,126.99999999999999,168.74999999999997,0.0,6.0,174.75
577.125,travel_leg,BOT_35,RACK_78,1.0,EXIT_12,receiving_to_first_exit,receiving,EXIT_12,477.5,577.125,76.5,2.0,99.625,,,,,,,,,,,,,,,
577.5,exit_stop_service,BOT_9,RACK_74,1.0,EXIT_28,,,,,,,,,0.0,571.5,577.5,6.0,1.0,,,,,,,,,,
579.625,return_leg,BOT_22,RACK_49,1.0,EXIT_16,last_exit_to_return,EXIT_16,return,447.125,579.625,101.19999999999997,3.0,132.49999999999994,,,,,,,,,,,,,,,
579.625,trip_completed,BOT_22,RACK_49,,,,,,,,,,,,,,,,1.0,1.0,313.5,579.625,266.125,200.09999999999997,260.1249999999999,0.0,6.0,266.125
580.75,exit_stop_service,BOT_4,RACK_79,1.0,EXIT_27,,,,,,,,,0.0,574.75,580.75,6.0,1.0,,,,,,,,,,
583.125,exit_stop_service,BOT_35,RACK_78,1.0,EXIT_12,,,,,,,,,0.0,577.125,583.125,6.0,1.0,,,,,,,,,,
587.0,travel_leg,BOT_16,RACK_87,1.0,EXIT_22,receiving_to_first_exit,receiving,EXIT_22,540.5,587.0,34.0,2.0,46.5,,,,,,,,,,,,,,,
588.75,travel_leg,BOT_32,RACK_71,1.0,EXIT_31,receiving_to_first_exit,receiving,EXIT_31,459.0,588.75,100.60000000000002,2.0,129.75000000000003,,,,,,,,,,,,,,,
592.625,travel_leg,BOT_36,RACK_85,1.0,EXIT_7,receiving_to_first_exit,receiving,EXIT_7,528.0,592.625,48.50000000000001,2.0,64.625,,,,,,,,,,,,,,,
593.0,exit_stop_service,BOT_16,RACK_87,1.0,EXIT_22,,,,,,,,,0.0,587.0,593.0,6.0,1.0,,,,,,,,,,
594.75,travel_leg,BOT_34,RACK_73,1.0,EXIT_31,receiving_to_first_exit,receiving,EXIT_31,465.0,594.75,100.60000000000002,2.0,129.75000000000003,,,,,,,,,,,,,,,
594.75,exit_stop_service,BOT_32,RACK_71,1.0,EXIT_31,,,,,,,,,0.0,588.75,594.75,6.0,1.0,,,,,,,,,,
596.125,travel_leg,BOT_14,RACK_68,1.0,EXIT_18,receiving_to_first_exit,receiving,EXIT_18,454.5,596.125,110.09999999999997,2.0,141.62499999999994,,,,,,,,,,,,,,,
598.625,exit_stop_service,BOT_36,RACK_85,1.0,EXIT_7,,,,,,,,,0.0,592.625,598.625,6.0,1.0,,,,,,,,,,
598.75,return_leg,BOT_3,RACK_54,1.0,EXIT_30,last_exit_to_return,EXIT_30,return,476.5,598.75,93.00000000000001,3.0,122.25000000000001,,,,,,,,,,,,,,,
598.75,trip_completed,BOT_3,RACK_54,,,,,,,,,,,,,,,,1.0,1.0,350.0,598.75,248.75,186.20000000000005,242.75000000000003,0.0,6.0,248.75
599.75,return_leg,BOT_38,RACK_83,1.0,EXIT_22,last_exit_to_return,EXIT_22,return,551.5,599.75,33.8,3.0,48.24999999999999,,,,,,,,,,,,,,,
599.75,trip_completed,BOT_38,RACK_83,,,,,,,,,,,,,,,,1.0,1.0,499.0,599.75,100.75,67.8,94.75,0.0,6.0,100.75
600.75,exit_stop_service,BOT_34,RACK_73,1.0,EXIT_31,,,,,,,,,0.0,594.75,600.75,6.0,1.0,,,,,,,,,,
601.1249999999999,return_leg,BOT_26,RACK_48,1.0,EXIT_18,last_exit_to_return,EXIT_18,return,454.62499999999994,601.1249999999999,112.39999999999996,3.0,146.49999999999994,,,,,,,,,,,,,,,
601.1249999999999,trip_completed,BOT_26,RACK_48,,,,,,,,,,,,,,,,1.0,1.0,307.0,601.1249999999999,294.1249999999999,222.49999999999994,288.1249999999999,0.0,6.0,294.1249999999999
602.125,exit_stop_service,BOT_14,RACK_68,1.0,EXIT_18,,,,,,,,,0.0,596.125,602.125,6.0,1.0,,,,,,,,,,
604.25,travel_leg,BOT_25,RACK_76,1.0,EXIT_31,receiving_to_first_exit,receiving,EXIT_31,474.5,604.25,100.60000000000002,2.0,129.75000000000003,,,,,,,,,,,,,,,
610.25,exit_stop_service,BOT_25,RACK_76,1.0,EXIT_31,,,,,,,,,0.0,604.25,610.25,6.0,1.0,,,,,,,,,,
616.625,return_leg,BOT_18,RACK_58,1.0,EXIT_15,last_exit_to_return,EXIT_15,return,491.125,616.625,95.59999999999998,3.0,125.49999999999997,,,,,,,,,,,,,,,
616.625,trip_completed,BOT_18,RACK_58,,,,,,,,,,,,,,,,1.0,1.0,364.5,616.625,252.125,188.89999999999998,246.12499999999994,0.0,6.0,252.125
618.75,travel_leg,BOT_20,RACK_90,1.0,EXIT_21,receiving_to_first_exit,receiving,EXIT_21,581.5,618.75,26.599999999999994,2.0,37.24999999999999,,,,,,,,,,,,,,,
624.75,exit_stop_service,BOT_20,RACK_90,1.0,EXIT_21,,,,,,,,,0.0,618.75,624.75,6.0,1.0,,,,,,,,,,
630.125,travel_leg,BOT_23,RACK_81,1.0,EXIT_17,receiving_to_first_exit,receiving,EXIT_17,495.5,630.125,104.49999999999997,2.0,134.62499999999994,,,,,,,,,,,,,,,
630.25,return_leg,BOT_11,RACK_75,1.0,EXIT_25,last_exit_to_return,EXIT_25,return,554.25,630.25,55.99999999999999,3.0,75.99999999999999,,,,,,,,,,,,,,,
630.25,trip_completed,BOT_11,RACK_75,,,,,,,,,,,,,,,,1.0,1.0,474.0,630.25,156.25,112.19999999999999,150.24999999999997,0.0,6.0,156.25
634.75,return_leg,BOT_28,RACK_82,1.0,EXIT_24,last_exit_to_return,EXIT_24,return,568.0,634.75,48.599999999999994,3.0,66.75,,,,,,,,,,,,,,,
634.75,trip_completed,BOT_28,RACK_82,,,,,,,,,,,,,,,,1.0,1.0,497.0,634.75,137.75,97.39999999999999,131.75,0.0,6.0,137.75
636.125,exit_stop_service,BOT_23,RACK_81,1.0,EXIT_17,,,,,,,,,0.0,630.125,636.125,6.0,1.0,,,,,,,,,,
640.75,return_leg,BOT_12,RACK_84,1.0,EXIT_24,last_exit_to_return,EXIT_24,return,574.0,640.75,48.599999999999994,3.0,66.75,,,,,,,,,,,,,,,
640.75,trip_completed,BOT_12,RACK_84,,,,,,,,,,,,,,,,1.0,1.0,499.5,640.75,141.25,97.39999999999999,131.75,3.5,6.0,141.25
641.25,return_leg,BOT_16,RACK_87,1.0,EXIT_22,last_exit_to_return,EXIT_22,return,593.0,641.25,33.8,3.0,48.24999999999999,,,,,,,,,,,,,,,
641.25,trip_completed,BOT_16,RACK_87,,,,,,,,,,,,,,,,1.0,1.0,540.5,641.25,100.75,67.8,94.75,0.0,6.0,100.75
643.75,travel_leg,BOT_33,RACK_94,1.0,EXIT_21,receiving_to_first_exit,receiving,EXIT_21,606.5,643.75,26.599999999999994,2.0,37.24999999999999,,,,,,,,,,,,,,,
649.75,exit_stop_service,BOT_33,RACK_94,1.0,EXIT_21,,,,,,,,,0.0,643.75,649.75,6.0,1.0,,,,,,,,,,
652.0,travel_leg,BOT_5,RACK_88,1.0,EXIT_28,receiving_to_first_exit,receiving,EXIT_28,550.0,652.0,78.4,2.0,102.0,,,,,,,,,,,,,,,
656.75,return_leg,BOT_27,RACK_64,1.0,EXIT_31,last_exit_to_return,EXIT_31,return,525.25,656.75,100.40000000000002,3.0,131.5,,,,,,,,,,,,,,,
656.75,trip_completed,BOT_27,RACK_64,,,,,,,,,,,,,,,,1.0,1.0,389.5,656.75,267.25,201.00000000000006,261.25,0.0,6.0,267.25
657.25,return_leg,BOT_1,RACK_80,1.0,EXIT_26,last_exit_to_return,EXIT_26,return,572.0,657.25,63.39999999999999,3.0,85.24999999999999,,,,,,,,,,,,,,,
657.25,trip_completed,BOT_1,RACK_80,,,,,,,,,,,,,,,,1.0,1.0,482.5,657.25,174.75,126.99999999999999,168.74999999999997,0.0,6.0,174.75
658.0,exit_stop_service,BOT_5,RACK_88,1.0,EXIT_28,,,,,,,,,0.0,652.0,658.0,6.0,1.0,,,,,,,,,,
659.25,travel_leg,BOT_13,RACK_86,1.0,EXIT_31,receiving_to_first_exit,receiving,EXIT_31,529.5,659.25,100.60000000000002,2.0,129.75000000000003,,,,,,,,,,,,,,,
659.25,travel_leg,BOT_31,RACK_96,1.0,EXIT_21,receiving_to_first_exit,receiving,EXIT_21,622.0,659.25,26.599999999999994,2.0,37.24999999999999,,,,,,,,,,,,,,,
663.75,return_leg,BOT_20,RACK_90,1.0,EXIT_21,last_exit_to_return,EXIT_21,return,624.75,663.75,26.4,3.0,38.99999999999999,,,,,,,,,,,,,,,
663.75,trip_completed,BOT_20,RACK_90,,,,,,,,,,,,,,,,1.0,1.0,581.5,663.75,82.25,52.99999999999999,76.24999999999999,0.0,6.0,82.25
665.25,travel_leg,BOT_15,RACK_89,1.0,EXIT_27,receiving_to_first_exit,receiving,EXIT_27,572.5,665.25,71.0,2.0,92.75,,,,,,,,,,,,,,,
665.25,exit_stop_service,BOT_13,RACK_86,1.0,EXIT_31,,,,,,,,,0.0,659.25,665.25,6.0,1.0,,,,,,,,,,
665.25,exit_stop_service,BOT_31,RACK_96,1.0,EXIT_21,,,,,,,,,0.0,659.25,665.25,6.0,1.0,,,,,,,,,,
667.75,return_leg,BOT_19,RACK_66,1.0,EXIT_29,last_exit_to_return,EXIT_29,return,554.75,667.75,85.60000000000001,3.0,113.0,,,,,,,,,,,,,,,
667.75,trip_completed,BOT_19,RACK_66,,,,,,,,,,,,,,,,1.0,1.0,437.5,667.75,230.25,171.40000000000003,224.25,0.0,6.0,230.25
668.125,return_leg,BOT_36,RACK_85,1.0,EXIT_7,last_exit_to_return,EXIT_7,return,598.625,668.125,50.800000000000004,3.0,69.5,,,,,,,,,,,,,,,
668.125,trip_completed,BOT_36,RACK_85,,,,,,,,,,,,,,,,1.0,1.0,528.0,668.125,140.125,99.30000000000001,134.125,0.0,6.0,140.125
668.25,return_leg,BOT_2,RACK_70,1.0,EXIT_28,last_exit_to_return,EXIT_28,return,564.5,668.25,78.2,3.0,103.75,,,,,,,,,,,,,,,
668.25,trip_completed,BOT_2,RACK_70,,,,,,,,,,,,,,,,1.0,1.0,456.5,668.25,211.75,156.60000000000002,205.75,0.0,6.0,211.75
669.25,return_leg,BOT_6,RACK_77,1.0,EXIT_27,last_exit_to_return,EXIT_27,return,574.75,669.25,70.8,3.0,94.49999999999999,,,,,,,,,,,,,,,
669.25,trip_completed,BOT_6,RACK_77,,,,,,,,,,,,,,,,1.0,1.0,476.0,669.25,193.25,141.8,187.25,0.0,6.0,193.25
671.25,exit_stop_service,BOT_15,RACK_89,1.0,EXIT_27,,,,,,,,,0.0,665.25,671.25,6.0,1.0,,,,,,,,,,
675.25,return_leg,BOT_37,RACK_72,1.0,EXIT_28,last_exit_to_return,EXIT_28,return,571.5,675.25,78.2,3.0,103.75,,,,,,,,,,,,,,,
675.25,return_leg,BOT_4,RACK_79,1.0,EXIT_27,last_exit_to_return,EXIT_27,return,580.75,675.25,70.8,3.0,94.49999999999999,,,,,,,,,,,,,,,
675.25,trip_completed,BOT_37,RACK_72,,,,,,,,,,,,,,,,1.0,1.0,463.5,675.25,211.75,156.60000000000002,205.75,0.0,6.0,211.75
675.25,trip_completed,BOT_4,RACK_79,,,,,,,,,,,,,,,,1.0,1.0,482.0,675.25,193.25,141.8,187.25,0.0,6.0,193.25
680.0,travel_leg,BOT_8,RACK_92,1.0,EXIT_26,receiving_to_first_exit,receiving,EXIT_26,596.5,680.0,63.599999999999994,2.0,83.49999999999999,,,,,,,,,,,,,,,
681.25,return_leg,BOT_30,RACK_67,1.0,EXIT_29,last_exit_to_return,EXIT_29,return,568.25,681.25,85.60000000000001,3.0,113.0,,,,,,,,,,,,,,,
681.25,return_leg,BOT_9,RACK_74,1.0,EXIT_28,last_exit_to_return,EXIT_28,return,577.5,681.25,78.2,3.0,103.75,,,,,,,,,,,,,,,
681.25,trip_completed,BOT_30,RACK_67,,,,,,,,,,,,,,,,1.0,1.0,451.0,681.25,230.25,171.40000000000003,224.25,0.0,6.0,230.25
681.25,trip_completed,BOT_9,RACK_74,,,,,,,,,,,,,,,,1.0,1.0,469.5,681.25,211.75,156.60000000000002,205.75,0.0,6.0,211.75
686.0,exit_stop_service,BOT_8,RACK_92,1.0,EXIT_26,,,,,,,,,0.0,680.0,686.0,6.0,1.0,,,,,,,,,,
687.625,return_leg,BOT_35,RACK_78,1.0,EXIT_12,last_exit_to_return,EXIT_12,return,583.125,687.625,78.8,3.0,104.49999999999999,,,,,,,,,,,,,,,
687.625,trip_completed,BOT_35,RACK_78,,,,,,,,,,,,,,,,1.0,1.0,477.5,687.625,210.125,155.3,204.125,0.0,6.0,210.125
688.75,return_leg,BOT_33,RACK_94,1.0,EXIT_21,last_exit_to_return,EXIT_21,return,649.75,688.75,26.4,3.0,38.99999999999999,,,,,,,,,,,,,,,
688.75,trip_completed,BOT_33,RACK_94,,,,,,,,,,,,,,,,1.0,1.0,606.5,688.75,82.25,52.99999999999999,76.24999999999999,0.0,6.0,82.25
695.625,travel_leg,BOT_24,RACK_91,1.0,EXIT_12,receiving_to_first_exit,receiving,EXIT_12,596.0,695.625,76.5,2.0,99.625,,,,,,,,,,,,,,,
701.125,travel_leg,BOT_29,RACK_99,1.0,EXIT_7,receiving_to_first_exit,receiving,EXIT_7,636.5,701.125,48.50000000000001,2.0,64.625,,,,,,,,,,,,,,,
701.625,exit_stop_service,BOT_24,RACK_91,1.0,EXIT_12,,,,,,,,,0.0,695.625,701.625,6.0,1.0,,,,,,,,,,
703.5,travel_leg,BOT_10,RACK_93,1.0,EXIT_28,receiving_to_first_exit,receiving,EXIT_28,601.5,703.5,78.4,2.0,102.0,,,,,,,,,,,,,,,
704.25,return_leg,BOT_31,RACK_96,1.0,EXIT_21,last_exit_to_return,EXIT_21,return,665.25,704.25,26.4,3.0,38.99999999999999,,,,,,,,,,,,,,,
704.25,trip_completed,BOT_31,RACK_96,,,,,,,,,,,,,,,,1.0,1.0,622.0,704.25,82.25,52.99999999999999,76.24999999999999,0.0,6.0,82.25
707.125,exit_stop_service,BOT_29,RACK_99,1.0,EXIT_7,,,,,,,,,0.0,701.125,707.125,6.0,1.0,,,,,,,,,,
709.5,exit_stop_service,BOT_10,RACK_93,1.0,EXIT_28,,,,,,,,,0.0,703.5,709.5,6.0,1.0,,,,,,,,,,
720.0,travel_leg,BOT_21,RACK_98,1.0,EXIT_26,receiving_to_first_exit,receiving,EXIT_26,636.5,720.0,63.599999999999994,2.0,83.49999999999999,,,,,,,,,,,,,,,
722.25,travel_leg,BOT_7,RACK_97,1.0,EXIT_27,receiving_to_first_exit,receiving,EXIT_27,629.5,722.25,71.0,2.0,92.75,,,,,,,,,,,,,,,
726.0,exit_stop_service,BOT_21,RACK_98,1.0,EXIT_26,,,,,,,,,0.0,720.0,726.0,6.0,1.0,,,,,,,,,,
726.25,return_leg,BOT_32,RACK_71,1.0,EXIT_31,last_exit_to_return,EXIT_31,return,594.75,726.25,100.40000000000002,3.0,131.5,,,,,,,,,,,,,,,
726.25,trip_completed,BOT_32,RACK_71,,,,,,,,,,,,,,,,1.0,1.0,459.0,726.25,267.25,201.00000000000006,261.25,0.0,6.0,267.25
728.25,exit_stop_service,BOT_7,RACK_97,1.0,EXIT_27,,,,,,,,,0.0,722.25,728.25,6.0,1.0,,,,,,,,,,
730.25,travel_leg,BOT_17,RACK_95,1.0,EXIT_29,receiving_to_first_exit,receiving,EXIT_29,619.0,730.25,85.80000000000001,2.0,111.25000000000001,,,,,,,,,,,,,,,
732.0,travel_leg,BOT_22,RACK_100,1.0,EXIT_26,receiving_to_first_exit,receiving,EXIT_26,648.5,732.0,63.599999999999994,2.0,83.49999999999999,,,,,,,,,,,,,,,
732.25,return_leg,BOT_34,RACK_73,1.0,EXIT_31,last_exit_to_return,EXIT_31,return,600.75,732.25,100.40000000000002,3.0,131.5,,,,,,,,,,,,,,,
732.25,trip_completed,BOT_34,RACK_73,,,,,,,,,,,,,,,,1.0,1.0,465.0,732.25,267.25,201.00000000000006,261.25,0.0,6.0,267.25
736.25,exit_stop_service,BOT_17,RACK_95,1.0,EXIT_29,,,,,,,,,0.0,730.25,736.25,6.0,1.0,,,,,,,,,,
738.0,exit_stop_service,BOT_22,RACK_100,1.0,EXIT_26,,,,,,,,,0.0,732.0,738.0,6.0,1.0,,,,,,,,,,
741.75,return_leg,BOT_25,RACK_76,1.0,EXIT_31,last_exit_to_return,EXIT_31,return,610.25,741.75,100.40000000000002,3.0,131.5,,,,,,,,,,,,,,,
741.75,trip_completed,BOT_25,RACK_76,,,,,,,,,,,,,,,,1.0,1.0,474.5,741.75,267.25,201.00000000000006,261.25,0.0,6.0,267.25
743.0,travel_leg,BOT_11,RACK_105,1.0,EXIT_24,receiving_to_first_exit,receiving,EXIT_24,678.0,743.0,48.8,2.0,65.0,,,,,,,,,,,,,,,
748.625,return_leg,BOT_14,RACK_68,1.0,EXIT_18,last_exit_to_return,EXIT_18,return,602.125,748.625,112.39999999999996,3.0,146.49999999999994,,,,,,,,,,,,,,,
748.625,trip_completed,BOT_14,RACK_68,,,,,,,,,,,,,,,,1.0,1.0,454.5,748.625,294.125,222.49999999999994,288.1249999999999,0.0,6.0,294.125
749.0,exit_stop_service,BOT_11,RACK_105,1.0,EXIT_24,,,,,,,,,0.0,743.0,749.0,6.0,1.0,,,,,,,,,,
758.25,travel_leg,BOT_1,RACK_110,1.0,EXIT_21,receiving_to_first_exit,receiving,EXIT_21,721.0,758.25,26.599999999999994,2.0,37.24999999999999,,,,,,,,,,,,,,,
759.625,travel_leg,BOT_3,RACK_101,1.0,EXIT_13,receiving_to_first_exit,receiving,EXIT_13,653.0,759.625,82.1,2.0,106.62499999999999,,,,,,,,,,,,,,,
759.625,travel_leg,BOT_18,RACK_104,1.0,EXIT_11,receiving_to_first_exit,receiving,EXIT_11,667.0,759.625,70.9,2.0,92.625,,,,,,,,,,,,,,,
761.75,return_leg,BOT_5,RACK_88,1.0,EXIT_28,last_exit_to_return,EXIT_28,return,658.0,761.75,78.2,3.0,103.75,,,,,,,,,,,,,,,
761.75,trip_completed,BOT_5,RACK_88,,,,,,,,,,,,,,,,1.0,1.0,550.0,761.75,211.75,156.60000000000002,205.75,0.0,6.0,211.75
764.25,exit_stop_service,BOT_1,RACK_110,1.0,EXIT_21,,,,,,,,,0.0,758.25,764.25,6.0,1.0,,,,,,,,,,
765.625,exit_stop_service,BOT_3,RACK_101,1.0,EXIT_13,,,,,,,,,0.0,759.625,765.625,6.0,1.0,,,,,,,,,,
765.625,exit_stop_service,BOT_18,RACK_104,1.0,EXIT_11,,,,,,,,,0.0,759.625,765.625,6.0,1.0,,,,,,,,,,
765.75,return_leg,BOT_15,RACK_89,1.0,EXIT_27,last_exit_to_return,EXIT_27,return,671.25,765.75,70.8,3.0,94.49999999999999,,,,,,,,,,,,,,,
765.75,trip_completed,BOT_15,RACK_89,,,,,,,,,,,,,,,,1.0,1.0,572.5,765.75,193.25,141.8,187.25,0.0,6.0,193.25
771.25,return_leg,BOT_8,RACK_92,1.0,EXIT_26,last_exit_to_return,EXIT_26,return,686.0,771.25,63.39999999999999,3.0,85.24999999999999,,,,,,,,,,,,,,,
771.25,trip_completed,BOT_8,RACK_92,,,,,,,,,,,,,,,,1.0,1.0,596.5,771.25,174.75,126.99999999999999,168.74999999999997,0.0,6.0,174.75
775.5,travel_leg,BOT_38,RACK_102,1.0,EXIT_30,receiving_to_first_exit,receiving,EXIT_30,655.0,775.5,93.20000000000002,2.0,120.50000000000001,,,,,,,,,,,,,,,
775.625,return_leg,BOT_23,RACK_81,1.0,EXIT_17,last_exit_to_return,EXIT_17,return,636.125,775.625,106.79999999999997,3.0,139.49999999999994,,,,,,,,,,,,,,,
775.625,trip_completed,BOT_23,RACK_81,,,,,,,,,,,,,,,,1.0,1.0,495.5,775.625,280.125,211.29999999999995,274.1249999999999,0.0,6.0,280.125
776.625,return_leg,BOT_29,RACK_99,1.0,EXIT_7,last_exit_to_return,EXIT_7,return,707.125,776.625,50.800000000000004,3.0,69.5,,,,,,,,,,,,,,,
776.625,trip_completed,BOT_29,RACK_99,,,,,,,,,,,,,,,,1.0,1.0,636.5,776.625,140.125,99.30000000000001,134.125,0.0,6.0,140.125
781.5,exit_stop_service,BOT_38,RACK_102,1.0,EXIT_30,,,,,,,,,0.0,775.5,781.5,6.0,1.0,,,,,,,,,,
786.0,travel_leg,BOT_26,RACK_103,1.0,EXIT_30,receiving_to_first_exit,receiving,EXIT_30,665.5,786.0,93.20000000000002,2.0,120.50000000000001,,,,,,,,,,,,,,,
792.0,exit_stop_service,BOT_26,RACK_103,1.0,EXIT_30,,,,,,,,,0.0,786.0,792.0,6.0,1.0,,,,,,,,,,
796.75,return_leg,BOT_13,RACK_86,1.0,EXIT_31,last_exit_to_return,EXIT_31,return,665.25,796.75,100.40000000000002,3.0,131.5,,,,,,,,,,,,,,,
796.75,trip_completed,BOT_13,RACK_86,,,,,,,,,,,,,,,,1.0,1.0,529.5,796.75,267.25,201.00000000000006,261.25,0.0,6.0,267.25
800.5,travel_leg,BOT_12,RACK_107,1.0,EXIT_28,receiving_to_first_exit,receiving,EXIT_28,698.5,800.5,78.4,2.0,102.0,,,,,,,,,,,,,,,
803.25,return_leg,BOT_1,RACK_110,1.0,EXIT_21,last_exit_to_return,EXIT_21,return,764.25,803.25,26.4,3.0,38.99999999999999,,,,,,,,,,,,,,,
803.25,trip_completed,BOT_1,RACK_110,,,,,,,,,,,,,,,,1.0,1.0,721.0,803.25,82.25,52.99999999999999,76.24999999999999,0.0,6.0,82.25
805.5,travel_leg,BOT_6,RACK_115,1.0,EXIT_24,receiving_to_first_exit,receiving,EXIT_24,740.5,805.5,48.8,2.0,65.0,,,,,,,,,,,,,,,
806.125,return_leg,BOT_24,RACK_91,1.0,EXIT_12,last_exit_to_return,EXIT_12,return,701.625,806.125,78.8,3.0,104.49999999999999,,,,,,,,,,,,,,,
806.125,trip_completed,BOT_24,RACK_91,,,,,,,,,,,,,,,,1.0,1.0,596.0,806.125,210.125,155.3,204.125,0.0,6.0,210.125
806.5,exit_stop_service,BOT_12,RACK_107,1.0,EXIT_28,,,,,,,,,0.0,800.5,806.5,6.0,1.0,,,,,,,,,,
808.75,travel_leg,BOT_28,RACK_106,1.0,EXIT_31,receiving_to_first_exit,receiving,EXIT_31,679.0,808.75,100.60000000000002,2.0,129.75000000000003,,,,,,,,,,,,,,,
809.75,travel_leg,BOT_16,RACK_108,1.0,EXIT_29,receiving_to_first_exit,receiving,EXIT_29,698.5,809.75,85.80000000000001,2.0,111.25000000000001,,,,,,,,,,,,,,,
811.25,return_leg,BOT_21,RACK_98,1.0,EXIT_26,last_exit_to_return,EXIT_26,return,726.0,811.25,63.39999999999999,3.0,85.24999999999999,,,,,,,,,,,,,,,
811.25,trip_completed,BOT_21,RACK_98,,,,,,,,,,,,,,,,1.0,1.0,636.5,811.25,174.75,126.99999999999999,168.74999999999997,0.0,6.0,174.75
811.5,exit_stop_service,BOT_6,RACK_115,1.0,EXIT_24,,,,,,,,,0.0,805.5,811.5,6.0,1.0,,,,,,,,,,
813.25,return_leg,BOT_10,RACK_93,1.0,EXIT_28,last_exit_to_return,EXIT_28,return,709.5,813.25,78.2,3.0,103.75,,,,,,,,,,,,,,,
813.25,trip_completed,BOT_10,RACK_93,,,,,,,,,,,,,,,,1.0,1.0,601.5,813.25,211.75,156.60000000000002,205.75,0.0,6.0,211.75
814.75,exit_stop_service,BOT_28,RACK_106,1.0,EXIT_31,,,,,,,,,0.0,808.75,814.75,6.0,1.0,,,,,,,,,,
815.75,return_leg,BOT_11,RACK_105,1.0,EXIT_24,last_exit_to_return,EXIT_24,return,749.0,815.75,48.599999999999994,3.0,66.75,,,,,,,,,,,,,,,
815.75,exit_stop_service,BOT_16,RACK_108,1.0,EXIT_29,,,,,,,,,0.0,809.75,815.75,6.0,1.0,,,,,,,,,,
815.75,trip_completed,BOT_11,RACK_105,,,,,,,,,,,,,,,,1.0,1.0,678.0,815.75,137.75,97.39999999999999,131.75,0.0,6.0,137.75
818.0,travel_leg,BOT_9,RACK_119,1.0,EXIT_22,receiving_to_first_exit,receiving,EXIT_22,771.5,818.0,34.0,2.0,46.5,,,,,,,,,,,,,,,
822.75,return_leg,BOT_7,RACK_97,1.0,EXIT_27,last_exit_to_return,EXIT_27,return,728.25,822.75,70.8,3.0,94.49999999999999,,,,,,,,,,,,,,,
822.75,trip_completed,BOT_7,RACK_97,,,,,,,,,,,,,,,,1.0,1.0,629.5,822.75,193.25,141.8,187.25,0.0,6.0,193.25
823.25,return_leg,BOT_22,RACK_100,1.0,EXIT_26,last_exit_to_return,EXIT_26,return,738.0,823.25,63.39999999999999,3.0,85.24999999999999,,,,,,,,,,,,,,,
823.25,trip_completed,BOT_22,RACK_100,,,,,,,,,,,,,,,,1.0,1.0,648.5,823.25,174.75,126.99999999999999,168.74999999999997,0.0,6.0,174.75
823.75,travel_leg,BOT_27,RACK_109,1.0,EXIT_29,receiving_to_first_exit,receiving,EXIT_29,712.5,823.75,85.80000000000001,2.0,111.25000000000001,,,,,,,,,,,,,,,
824.0,exit_stop_service,BOT_9,RACK_119,1.0,EXIT_22,,,,,,,,,0.0,818.0,824.0,6.0,1.0,,,,,,,,,,
829.75,exit_stop_service,BOT_27,RACK_109,1.0,EXIT_29,,,,,,,,,0.0,823.75,829.75,6.0,1.0,,,,,,,,,,
832.75,travel_leg,BOT_20,RACK_111,1.0,EXIT_29,receiving_to_first_exit,receiving,EXIT_29,721.5,832.75,85.80000000000001,2.0,111.25000000000001,,,,,,,,,,,,,,,
834.25,travel_leg,BOT_19,RACK_112,1.0,EXIT_29,receiving_to_first_exit,receiving,EXIT_29,723.0,834.25,85.80000000000001,2.0,111.25000000000001,,,,,,,,,,,,,,,
838.75,exit_stop_service,BOT_20,RACK_111,1.0,EXIT_29,,,,,,,,,0.0,832.75,838.75,6.0,1.0,,,,,,,,,,
840.0,travel_leg,BOT_35,RACK_120,1.0,EXIT_24,receiving_to_first_exit,receiving,EXIT_24,775.0,840.0,48.8,2.0,65.0,,,,,,,,,,,,,,,
842.25,travel_leg,BOT_5,RACK_127,1.0,EXIT_21,receiving_to_first_exit,receiving,EXIT_21,805.0,842.25,26.599999999999994,2.0,37.24999999999999,,,,,,,,,,,,,,,
844.75,exit_stop_service,BOT_19,RACK_112,1.0,EXIT_29,,,,,,,,,4.5,838.75,844.75,6.0,1.0,,,,,,,,,,
845.625,travel_leg,BOT_23,RACK_130,1.0,EXIT_1,receiving_to_first_exit,receiving,EXIT_1,823.0,845.625,14.899999999999999,2.0,22.624999999999996,,,,,,,,,,,,,,,
846.0,exit_stop_service,BOT_35,RACK_120,1.0,EXIT_24,,,,,,,,,0.0,840.0,846.0,6.0,1.0,,,,,,,,,,
848.0,travel_leg,BOT_14,RACK_126,1.0,EXIT_22,receiving_to_first_exit,receiving,EXIT_22,801.5,848.0,34.0,2.0,46.5,,,,,,,,,,,,,,,
848.25,exit_stop_service,BOT_5,RACK_127,1.0,EXIT_21,,,,,,,,,0.0,842.25,848.25,6.0,1.0,,,,,,,,,,
849.25,return_leg,BOT_17,RACK_95,1.0,EXIT_29,last_exit_to_return,EXIT_29,return,736.25,849.25,85.60000000000001,3.0,113.0,,,,,,,,,,,,,,,
849.25,trip_completed,BOT_17,RACK_95,,,,,,,,,,,,,,,,1.0,1.0,619.0,849.25,230.25,171.40000000000003,224.25,0.0,6.0,230.25
849.625,travel_leg,BOT_36,RACK_113,1.0,EXIT_15,receiving_to_first_exit,receiving,EXIT_15,729.0,849.625,93.29999999999998,2.0,120.62499999999997,,,,,,,,,,,,,,,
851.625,exit_stop_service,BOT_23,RACK_130,1.0,EXIT_1,,,,,,,,,0.0,845.625,851.625,6.0,1.0,,,,,,,,,,
854.0,exit_stop_service,BOT_14,RACK_126,1.0,EXIT_22,,,,,,,,,0.0,848.0,854.0,6.0,1.0,,,,,,,,,,
855.625,exit_stop_service,BOT_36,RACK_113,1.0,EXIT_15,,,,,,,,,0.0,849.625,855.625,6.0,1.0,,,,,,,,,,
857.125,travel_leg,BOT_30,RACK_118,1.0,EXIT_11,receiving_to_first_exit,receiving,EXIT_11,764.5,857.125,70.9,2.0,92.625,,,,,,,,,,,,,,,
863.125,return_leg,BOT_18,RACK_104,1.0,EXIT_11,last_exit_to_return,EXIT_11,return,765.625,863.125,73.2,3.0,97.5,,,,,,,,,,,,,,,
863.125,exit_stop_service,BOT_30,RACK_118,1.0,EXIT_11,,,,,,,,,0.0,857.125,863.125,6.0,1.0,,,,,,,,,,
863.125,trip_completed,BOT_18,RACK_104,,,,,,,,,,,,,,,,1.0,1.0,667.0,863.125,196.125,144.10000000000002,190.125,0.0,6.0,196.125
865.25,travel_leg,BOT_2,RACK_114,1.0,EXIT_31,receiving_to_first_exit,receiving,EXIT_31,735.5,865.25,100.60000000000002,2.0,129.75000000000003,,,,,,,,,,,,,,,
871.25,exit_stop_service,BOT_2,RACK_114,1.0,EXIT_31,,,,,,,,,0.0,865.25,871.25,6.0,1.0,,,,,,,,,,
872.25,return_leg,BOT_9,RACK_119,1.0,EXIT_22,last_exit_to_return,EXIT_22,return,824.0,872.25,33.8,3.0,48.24999999999999,,,,,,,,,,,,,,,
872.25,trip_completed,BOT_9,RACK_119,,,,,,,,,,,,,,,,1.0,1.0,771.5,872.25,100.75,67.8,94.75,0.0,6.0,100.75
873.5,travel_leg,BOT_31,RACK_122,1.0,EXIT_26,receiving_to_first_exit,receiving,EXIT_26,790.0,873.5,63.599999999999994,2.0,83.49999999999999,,,,,,,,,,,,,,,
874.25,travel_leg,BOT_37,RACK_116,1.0,EXIT_31,receiving_to_first_exit,receiving,EXIT_31,744.5,874.25,100.60000000000002,2.0,129.75000000000003,,,,,,,,,,,,,,,
876.625,travel_leg,BOT_11,RACK_137,1.0,EXIT_2,receiving_to_first_exit,receiving,EXIT_2,847.0,876.625,20.5,2.0,29.625,,,,,,,,,,,,,,,
877.125,return_leg,BOT_3,RACK_101,1.0,EXIT_13,last_exit_to_return,EXIT_13,return,765.625,877.125,84.39999999999999,3.0,111.49999999999999,,,,,,,,,,,,,,,
877.125,trip_completed,BOT_3,RACK_101,,,,,,,,,,,,,,,,1.0,1.0,653.0,877.125,224.125,166.5,218.12499999999997,0.0,6.0,224.125
878.25,return_leg,BOT_6,RACK_115,1.0,EXIT_24,last_exit_to_return,EXIT_24,return,811.5,878.25,48.599999999999994,3.0,66.75,,,,,,,,,,,,,,,
878.25,trip_completed,BOT_6,RACK_115,,,,,,,,,,,,,,,,1.0,1.0,740.5,878.25,137.75,97.39999999999999,131.75,0.0,6.0,137.75
878.5,travel_leg,BOT_33,RACK_121,1.0,EXIT_28,receiving_to_first_exit,receiving,EXIT_28,776.5,878.5,78.4,2.0,102.0,,,,,,,,,,,,,,,
879.125,return_leg,BOT_23,RACK_130,1.0,EXIT_1,last_exit_to_return,EXIT_1,return,851.625,879.125,17.2,3.0,27.499999999999996,,,,,,,,,,,,,,,
879.125,trip_completed,BOT_23,RACK_130,,,,,,,,,,,,,,,,1.0,1.0,823.0,879.125,56.125,32.099999999999994,50.12499999999999,0.0,6.0,56.125
879.5,exit_stop_service,BOT_31,RACK_122,1.0,EXIT_26,,,,,,,,,0.0,873.5,879.5,6.0,1.0,,,,,,,,,,
880.25,exit_stop_service,BOT_37,RACK_116,1.0,EXIT_31,,,,,,,,,0.0,874.25,880.25,6.0,1.0,,,,,,,,,,
882.625,exit_stop_service,BOT_11,RACK_137,1.0,EXIT_2,,,,,,,,,0.0,876.625,882.625,6.0,1.0,,,,,,,,,,
883.625,travel_leg,BOT_4,RACK_117,1.0,EXIT_15,receiving_to_first_exit,receiving,EXIT_15,763.0,883.625,93.29999999999998,2.0,120.62499999999997,,,,,,,,,,,,,,,
884.5,exit_stop_service,BOT_33,RACK_121,1.0,EXIT_28,,,,,,,,,0.0,878.5,884.5,6.0,1.0,,,,,,,,,,
885.0,travel_leg,BOT_21,RACK_135,1.0,EXIT_22,receiving_to_first_exit,receiving,EXIT_22,838.5,885.0,34.0,2.0,46.5,,,,,,,,,,,,,,,
887.25,return_leg,BOT_5,RACK_127,1.0,EXIT_21,last_exit_to_return,EXIT_21,return,848.25,887.25,26.4,3.0,38.99999999999999,,,,,,,,,,,,,,,
887.25,trip_completed,BOT_5,RACK_127,,,,,,,,,,,,,,,,1.0,1.0,805.0,887.25,82.25,52.99999999999999,76.24999999999999,0.0,6.0,82.25
887.625,travel_leg,BOT_18,RACK_141,1.0,EXIT_1,receiving_to_first_exit,receiving,EXIT_1,865.0,887.625,14.899999999999999,2.0,22.624999999999996,,,,,,,,,,,,,,,
889.625,exit_stop_service,BOT_4,RACK_117,1.0,EXIT_15,,,,,,,,,0.0,883.625,889.625,6.0,1.0,,,,,,,,,,
889.75,travel_leg,BOT_32,RACK_123,1.0,EXIT_27,receiving_to_first_exit,receiving,EXIT_27,797.0,889.75,71.0,2.0,92.75,,,,,,,,,,,,,,,
890.25,travel_leg,BOT_34,RACK_124,1.0,EXIT_27,receiving_to_first_exit,receiving,EXIT_27,797.5,890.25,71.0,2.0,92.75,,,,,,,,,,,,,,,
891.0,exit_stop_service,BOT_21,RACK_135,1.0,EXIT_22,,,,,,,,,0.0,885.0,891.0,6.0,1.0,,,,,,,,,,
893.625,exit_stop_service,BOT_18,RACK_141,1.0,EXIT_1,,,,,,,,,0.0,887.625,893.625,6.0,1.0,,,,,,,,,,
894.0,travel_leg,BOT_13,RACK_132,1.0,EXIT_24,receiving_to_first_exit,receiving,EXIT_24,829.0,894.0,48.8,2.0,65.0,,,,,,,,,,,,,,,
895.75,exit_stop_service,BOT_32,RACK_123,1.0,EXIT_27,,,,,,,,,0.0,889.75,895.75,6.0,1.0,,,,,,,,,,
900.0,exit_stop_service,BOT_13,RACK_132,1.0,EXIT_24,,,,,,,,,0.0,894.0,900.0,6.0,1.0,,,,,,,,,,
901.75,exit_stop_service,BOT_34,RACK_124,1.0,EXIT_27,,,,,,,,,5.5,895.75,901.75,6.0,1.0,,,,,,,,,,
902.25,return_leg,BOT_14,RACK_126,1.0,EXIT_22,last_exit_to_return,EXIT_22,return,854.0,902.25,33.8,3.0,48.24999999999999,,,,,,,,,,,,,,,
902.25,trip_completed,BOT_14,RACK_126,,,,,,,,,,,,,,,,1.0,1.0,801.5,902.25,100.75,67.8,94.75,0.0,6.0,100.75
903.75,return_leg,BOT_38,RACK_102,1.0,EXIT_30,last_exit_to_return,EXIT_30,return,781.5,903.75,93.00000000000001,3.0,122.25000000000001,,,,,,,,,,,,,,,
903.75,trip_completed,BOT_38,RACK_102,,,,,,,,,,,,,,,,1.0,1.0,655.0,903.75,248.75,186.20000000000005,242.75000000000003,0.0,6.0,248.75
906.25,travel_leg,BOT_6,RACK_144,1.0,EXIT_20,receiving_to_first_exit,receiving,EXIT_20,878.25,906.25,19.2,2.0,27.999999999999996,,,,,,,,,,,,,,,
909.5,travel_leg,BOT_29,RACK_131,1.0,EXIT_26,receiving_to_first_exit,receiving,EXIT_26,826.0,909.5,63.599999999999994,2.0,83.49999999999999,,,,,,,,,,,,,,,
910.25,return_leg,BOT_12,RACK_107,1.0,EXIT_28,last_exit_to_return,EXIT_28,return,806.5,910.25,78.2,3.0,103.75,,,,,,,,,,,,,,,
910.25,trip_completed,BOT_12,RACK_107,,,,,,,,,,,,,,,,1.0,1.0,698.5,910.25,211.75,156.60000000000002,205.75,0.0,6.0,211.75
910.75,travel_leg,BOT_25,RACK_125,1.0,EXIT_29,receiving_to_first_exit,receiving,EXIT_29,799.5,910.75,85.80000000000001,2.0,111.25000000000001,,,,,,,,,,,,,,,
911.75,travel_leg,BOT_8,RACK_129,1.0,EXIT_27,receiving_to_first_exit,receiving,EXIT_27,819.0,911.75,71.0,2.0,92.75,,,,,,,,,,,,,,,
912.125,travel_leg,BOT_24,RACK_134,1.0,EXIT_9,receiving_to_first_exit,receiving,EXIT_9,833.5,912.125,59.70000000000002,2.0,78.62500000000001,,,,,,,,,,,,,,,
912.25,exit_stop_service,BOT_6,RACK_144,1.0,EXIT_20,,,,,,,,,0.0,906.25,912.25,6.0,1.0,,,,,,,,,,
912.75,return_leg,BOT_35,RACK_120,1.0,EXIT_24,last_exit_to_return,EXIT_24,return,846.0,912.75,48.599999999999994,3.0,66.75,,,,,,,,,,,,,,,
912.75,trip_completed,BOT_35,RACK_120,,,,,,,,,,,,,,,,1.0,1.0,775.0,912.75,137.75,97.39999999999999,131.75,0.0,6.0,137.75
914.25,return_leg,BOT_26,RACK_103,1.0,EXIT_30,last_exit_to_return,EXIT_30,return,792.0,914.25,93.00000000000001,3.0,122.25000000000001,,,,,,,,,,,,,,,
914.25,trip_completed,BOT_26,RACK_103,,,,,,,,,,,,,,,,1.0,1.0,665.5,914.25,248.75,186.20000000000005,242.75000000000003,0.0,6.0,248.75
915.5,exit_stop_service,BOT_29,RACK_131,1.0,EXIT_26,,,,,,,,,0.0,909.5,915.5,6.0,1.0,,,,,,,,,,
916.75,exit_stop_service,BOT_25,RACK_125,1.0,EXIT_29,,,,,,,,,0.0,910.75,916.75,6.0,1.0,,,,,,,,,,
917.125,return_leg,BOT_11,RACK_137,1.0,EXIT_2,last_exit_to_return,EXIT_2,return,882.625,917.125,22.799999999999997,3.0,34.5,,,,,,,,,,,,,,,
917.125,trip_completed,BOT_11,RACK_137,,,,,,,,,,,,,,,,1.0,1.0,847.0,917.125,70.125,43.3,64.125,0.0,6.0,70.125
917.75,exit_stop_service,BOT_8,RACK_129,1.0,EXIT_27,,,,,,,,,0.0,911.75,917.75,6.0,1.0,,,,,,,,,,
918.125,exit_stop_service,BOT_24,RACK_134,1.0,EXIT_9,,,,,,,,,0.0,912.125,918.125,6.0,1.0,,,,,,,,,,
921.125,return_leg,BOT_18,RACK_141,1.0,EXIT_1,last_exit_to_return,EXIT_1,return,893.625,921.125,17.2,3.0,27.499999999999996,,,,,,,,,,,,,,,
921.125,trip_completed,BOT_18,RACK_141,,,,,,,,,,,,,,,,1.0,1.0,865.0,921.125,56.125,32.099999999999994,50.12499999999999,0.0,6.0,56.125
928.75,return_leg,BOT_16,RACK_108,1.0,EXIT_29,last_exit_to_return,EXIT_29,return,815.75,928.75,85.60000000000001,3.0,113.0,,,,,,,,,,,,,,,
928.75,trip_completed,BOT_16,RACK_108,,,,,,,,,,,,,,,,1.0,1.0,698.5,928.75,230.25,171.40000000000003,224.25,0.0,6.0,230.25
933.75,travel_leg,BOT_17,RACK_140,1.0,EXIT_25,receiving_to_first_exit,receiving,EXIT_25,859.5,933.75,56.19999999999999,2.0,74.24999999999999,,,,,,,,,,,,,,,
936.75,travel_leg,BOT_15,RACK_128,1.0,EXIT_31,receiving_to_first_exit,receiving,EXIT_31,807.0,936.75,100.60000000000002,2.0,129.75000000000003,,,,,,,,,,,,,,,
938.75,travel_leg,BOT_10,RACK_136,1.0,EXIT_27,receiving_to_first_exit,receiving,EXIT_27,846.0,938.75,71.0,2.0,92.75,,,,,,,,,,,,,,,
939.25,return_leg,BOT_21,RACK_135,1.0,EXIT_22,last_exit_to_return,EXIT_22,return,891.0,939.25,33.8,3.0,48.24999999999999,,,,,,,,,,,,,,,
939.25,trip_completed,BOT_21,RACK_135,,,,,,,,,,,,,,,,1.0,1.0,838.5,939.25,100.75,67.8,94.75,0.0,6.0,100.75
939.75,exit_stop_service,BOT_17,RACK_140,1.0,EXIT_25,,,,,,,,,0.0,933.75,939.75,6.0,1.0,,,,,,,,,,
942.0,return_leg,BOT_6,RACK_144,1.0,EXIT_20,last_exit_to_return,EXIT_20,return,912.25,942.0,19.0,3.0,29.75,,,,,,,,,,,,,,,
942.0,trip_completed,BOT_6,RACK_144,,,,,,,,,,,,,,,,1.0,1.0,878.25,942.0,63.75,38.2,57.75,0.0,6.0,63.75
942.75,return_leg,BOT_27,RACK_109,1.0,EXIT_29,last_exit_to_return,EXIT_29,return,829.75,942.75,85.60000000000001,3.0,113.0,,,,,,,,,,,,,,,
942.75,exit_stop_service,BOT_15,RACK_128,1.0,EXIT_31,,,,,,,,,0.0,936.75,942.75,6.0,1.0,,,,,,,,,,
942.75,trip_completed,BOT_27,RACK_109,,,,,,,,,,,,,,,,1.0,1.0,712.5,942.75,230.25,171.40000000000003,224.25,0.0,6.0,230.25
944.75,exit_stop_service,BOT_10,RACK_136,1.0,EXIT_27,,,,,,,,,0.0,938.75,944.75,6.0,1.0,,,,,,,,,,
945.75,travel_leg,BOT_22,RACK_139,1.0,EXIT_27,receiving_to_first_exit,receiving,EXIT_27,853.0,945.75,71.0,2.0,92.75,,,,,,,,,,,,,,,
946.25,return_leg,BOT_28,RACK_106,1.0,EXIT_31,last_exit_to_return,EXIT_31,return,814.75,946.25,100.40000000000002,3.0,131.5,,,,,,,,,,,,,,,
946.25,trip_completed,BOT_28,RACK_106,,,,,,,,,,,,,,,,1.0,1.0,679.0,946.25,267.25,201.00000000000006,261.25,0.0,6.0,267.25
951.125,travel_leg,BOT_36,RACK_113,2.0,EXIT_29,between_exits,EXIT_15,EXIT_29,855.625,951.125,70.0,4.0,95.5,,,,,,,,,,,,,,,
951.75,return_leg,BOT_20,RACK_111,1.0,EXIT_29,last_exit_to_return,EXIT_29,return,838.75,951.75,85.60000000000001,3.0,113.0,,,,,,,,,,,,,,,
951.75,exit_stop_service,BOT_22,RACK_139,1.0,EXIT_27,,,,,,,,,0.0,945.75,951.75,6.0,1.0,,,,,,,,,,
951.75,trip_completed,BOT_20,RACK_111,,,,,,,,,,,,,,,,1.0,1.0,721.5,951.75,230.25,171.40000000000003,224.25,0.0,6.0,230.25
953.0,travel_leg,BOT_1,RACK_133,1.0,EXIT_30,receiving_to_first_exit,receiving,EXIT_30,832.5,953.0,93.20000000000002,2.0,120.50000000000001,,,,,,,,,,,,,,,
956.5,travel_leg,BOT_35,RACK_150,1.0,EXIT_20,receiving_to_first_exit,receiving,EXIT_20,928.5,956.5,19.2,2.0,27.999999999999996,,,,,,,,,,,,,,,
957.125,exit_stop_service,BOT_36,RACK_113,2.0,EXIT_29,,,,,,,,,0.0,951.125,957.125,6.0,1.0,,,,,,,,,,
957.75,return_leg,BOT_19,RACK_112,1.0,EXIT_29,last_exit_to_return,EXIT_29,return,844.75,957.75,85.60000000000001,3.0,113.0,,,,,,,,,,,,,,,
957.75,trip_completed,BOT_19,RACK_112,,,,,,,,,,,,,,,,1.0,1.0,723.0,957.75,234.75,171.40000000000003,224.25,4.5,6.0,234.75
959.0,exit_stop_service,BOT_1,RACK_133,1.0,EXIT_30,,,,,,,,,0.0,953.0,959.0,6.0,1.0,,,,,,,,,,
960.625,return_leg,BOT_30,RACK_118,1.0,EXIT_11,last_exit_to_return,EXIT_11,return,863.125,960.625,73.2,3.0,97.5,,,,,,,,,,,,,,,
960.625,trip_completed,BOT_30,RACK_118,,,,,,,,,,,,,,,,1.0,1.0,764.5,960.625,196.125,144.10000000000002,190.125,0.0,6.0,196.125
961.75,travel_leg,BOT_7,RACK_138,1.0,EXIT_29,receiving_to_first_exit,receiving,EXIT_29,850.5,961.75,85.80000000000001,2.0,111.25000000000001,,,,,,,,,,,,,,,
962.5,exit_stop_service,BOT_35,RACK_150,1.0,EXIT_20,,,,,,,,,0.0,956.5,962.5,6.0,1.0,,,,,,,,,,
964.75,return_leg,BOT_31,RACK_122,1.0,EXIT_26,last_exit_to_return,EXIT_26,return,879.5,964.75,63.39999999999999,3.0,85.24999999999999,,,,,,,,,,,,,,,
964.75,trip_completed,BOT_31,RACK_122,,,,,,,,,,,,,,,,1.0,1.0,790.0,964.75,174.75,126.99999999999999,168.74999999999997,0.0,6.0,174.75
965.125,travel_leg,BOT_9,RACK_142,1.0,EXIT_11,receiving_to_first_exit,receiving,EXIT_11,872.5,965.125,70.9,2.0,92.625,,,,,,,,,,,,,,,
966.75,return_leg,BOT_13,RACK_132,1.0,EXIT_24,last_exit_to_return,EXIT_24,return,900.0,966.75,48.599999999999994,3.0,66.75,,,,,,,,,,,,,,,
966.75,trip_completed,BOT_13,RACK_132,,,,,,,,,,,,,,,,1.0,1.0,829.0,966.75,137.75,97.39999999999999,131.75,0.0,6.0,137.75
967.75,exit_stop_service,BOT_7,RACK_138,1.0,EXIT_29,,,,,,,,,0.0,961.75,967.75,6.0,1.0,,,,,,,,,,
971.125,exit_stop_service,BOT_9,RACK_142,1.0,EXIT_11,,,,,,,,,0.0,965.125,971.125,6.0,1.0,,,,,,,,,,
984.625,travel_leg,BOT_20,RACK_159,1.0,EXIT_1,receiving_to_first_exit,receiving,EXIT_1,962.0,984.625,14.899999999999999,2.0,22.624999999999996,,,,,,,,,,,,,,,
986.0,travel_leg,BOT_18,RACK_153,1.0,EXIT_22,receiving_to_first_exit,receiving,EXIT_22,939.5,986.0,34.0,2.0,46.5,,,,,,,,,,,,,,,
988.25,return_leg,BOT_33,RACK_121,1.0,EXIT_28,last_exit_to_return,EXIT_28,return,884.5,988.25,78.2,3.0,103.75,,,,,,,,,,,,,,,
988.25,trip_completed,BOT_33,RACK_121,,,,,,,,,,,,,,,,1.0,1.0,776.5,988.25,211.75,156.60000000000002,205.75,0.0,6.0,211.75
990.25,return_leg,BOT_32,RACK_123,1.0,EXIT_27,last_exit_to_return,EXIT_27,return,895.75,990.25,70.8,3.0,94.49999999999999,,,,,,,,,,,,,,,
990.25,trip_completed,BOT_32,RACK_123,,,,,,,,,,,,,,,,1.0,1.0,797.0,990.25,193.25,141.8,187.25,0.0,6.0,193.25
990.375,travel_leg,BOT_23,RACK_145,1.0,EXIT_29,receiving_to_first_exit,receiving,EXIT_29,879.125,990.375,85.80000000000001,2.0,111.25000000000001,,,,,,,,,,,,,,,
990.625,exit_stop_service,BOT_20,RACK_159,1.0,EXIT_1,,,,,,,,,0.0,984.625,990.625,6.0,1.0,,,,,,,,,,
992.0,exit_stop_service,BOT_18,RACK_153,1.0,EXIT_22,,,,,,,,,0.0,986.0,992.0,6.0,1.0,,,,,,,,,,
992.25,return_leg,BOT_35,RACK_150,1.0,EXIT_20,last_exit_to_return,EXIT_20,return,962.5,992.25,19.0,3.0,29.75,,,,,,,,,,,,,,,
992.25,trip_completed,BOT_35,RACK_150,,,,,,,,,,,,,,,,1.0,1.0,928.5,992.25,63.75,38.2,57.75,0.0,6.0,63.75
992.75,travel_leg,BOT_5,RACK_146,1.0,EXIT_27,receiving_to_first_exit,receiving,EXIT_27,900.0,992.75,71.0,2.0,92.75,,,,,,,,,,,,,,,
996.25,return_leg,BOT_34,RACK_124,1.0,EXIT_27,last_exit_to_return,EXIT_27,return,901.75,996.25,70.8,3.0,94.49999999999999,,,,,,,,,,,,,,,
996.25,trip_completed,BOT_34,RACK_124,,,,,,,,,,,,,,,,1.0,1.0,797.5,996.25,198.75,141.8,187.25,5.5,6.0,198.75
996.375,exit_stop_service,BOT_23,RACK_145,1.0,EXIT_29,,,,,,,,,0.0,990.375,996.375,6.0,1.0,,,,,,,,,,
998.75,exit_stop_service,BOT_5,RACK_146,1.0,EXIT_27,,,,,,,,,0.0,992.75,998.75,6.0,1.0,,,,,,,,,,
1000.75,return_leg,BOT_29,RACK_131,1.0,EXIT_26,last_exit_to_return,EXIT_26,return,915.5,1000.75,63.39999999999999,3.0,85.24999999999999,,,,,,,,,,,,,,,
1000.75,trip_completed,BOT_29,RACK_131,,,,,,,,,,,,,,,,1.0,1.0,826.0,1000.75,174.75,126.99999999999999,168.74999999999997,0.0,6.0,174.75
1001.625,return_leg,BOT_24,RACK_134,1.0,EXIT_9,last_exit_to_return,EXIT_9,return,918.125,1001.625,62.00000000000001,3.0,83.5,,,,,,,,,,,,,,,
1001.625,trip_completed,BOT_24,RACK_134,,,,,,,,,,,,,,,,1.0,1.0,833.5,1001.625,168.125,121.70000000000002,162.125,0.0,6.0,168.125
1002.75,return_leg,BOT_2,RACK_114,1.0,EXIT_31,last_exit_to_return,EXIT_31,return,871.25,1002.75,100.40000000000002,3.0,131.5,,,,,,,,,,,,,,,
1002.75,trip_completed,BOT_2,RACK_114,,,,,,,,,,,,,,,,1.0,1.0,735.5,1002.75,267.25,201.00000000000006,261.25,0.0,6.0,267.25
1004.125,travel_leg,BOT_21,RACK_155,1.0,EXIT_6,receiving_to_first_exit,receiving,EXIT_6,946.5,1004.125,42.900000000000006,2.0,57.62500000000001,,,,,,,,,,,,,,,
1004.25,travel_leg,BOT_14,RACK_147,1.0,EXIT_27,receiving_to_first_exit,receiving,EXIT_27,911.5,1004.25,71.0,2.0,92.75,,,,,,,,,,,,,,,
1006.875,travel_leg,BOT_3,RACK_143,1.0,EXIT_31,receiving_to_first_exit,receiving,EXIT_31,877.125,1006.875,100.60000000000002,2.0,129.75000000000003,,,,,,,,,,,,,,,
1009.125,travel_leg,BOT_11,RACK_152,1.0,EXIT_8,receiving_to_first_exit,receiving,EXIT_8,937.5,1009.125,54.10000000000001,2.0,71.625,,,,,,,,,,,,,,,
1010.125,exit_stop_service,BOT_21,RACK_155,1.0,EXIT_6,,,,,,,,,0.0,1004.125,1010.125,6.0,1.0,,,,,,,,,,
1010.25,exit_stop_service,BOT_14,RACK_147,1.0,EXIT_27,,,,,,,,,0.0,1004.25,1010.25,6.0,1.0,,,,,,,,,,
1011.75,return_leg,BOT_37,RACK_116,1.0,EXIT_31,last_exit_to_return,EXIT_31,return,880.25,1011.75,100.40000000000002,3.0,131.5,,,,,,,,,,,,,,,
1011.75,trip_completed,BOT_37,RACK_116,,,,,,,,,,,,,,,,1.0,1.0,744.5,1011.75,267.25,201.00000000000006,261.25,0.0,6.0,267.25
1012.25,return_leg,BOT_8,RACK_129,1.0,EXIT_27,last_exit_to_return,EXIT_27,return,917.75,1012.25,70.8,3.0,94.49999999999999,,,,,,,,,,,,,,,
1012.25,trip_completed,BOT_8,RACK_129,,,,,,,,,,,,,,,,1.0,1.0,819.0,1012.25,193.25,141.8,187.25,0.0,6.0,193.25
1012.875,exit_stop_service,BOT_3,RACK_143,1.0,EXIT_31,,,,,,,,,0.0,1006.875,1012.875,6.0,1.0,,,,,,,,,,
1015.125,return_leg,BOT_4,RACK_117,1.0,EXIT_15,last_exit_to_return,EXIT_15,return,889.625,1015.125,95.59999999999998,3.0,125.49999999999997,,,,,,,,,,,,,,,
1015.125,exit_stop_service,BOT_11,RACK_152,1.0,EXIT_8,,,,,,,,,0.0,1009.125,1015.125,6.0,1.0,,,,,,,,,,
1015.125,trip_completed,BOT_4,RACK_117,,,,,,,,,,,,,,,,1.0,1.0,763.0,1015.125,252.125,188.89999999999998,246.12499999999994,0.0,6.0,252.125
1015.5,travel_leg,BOT_6,RACK_156,1.0,EXIT_24,receiving_to_first_exit,receiving,EXIT_24,950.5,1015.5,48.8,2.0,65.0,,,,,,,,,,,,,,,
1015.75,return_leg,BOT_17,RACK_140,1.0,EXIT_25,last_exit_to_return,EXIT_25,return,939.75,1015.75,55.99999999999999,3.0,75.99999999999999,,,,,,,,,,,,,,,
1015.75,trip_completed,BOT_17,RACK_140,,,,,,,,,,,,,,,,1.0,1.0,859.5,1015.75,156.25,112.19999999999999,150.24999999999997,0.0,6.0,156.25
1016.625,travel_leg,BOT_13,RACK_163,1.0,EXIT_3,receiving_to_first_exit,receiving,EXIT_3,980.0,1016.625,26.1,2.0,36.625,,,,,,,,,,,,,,,
1018.125,return_leg,BOT_20,RACK_159,1.0,EXIT_1,last_exit_to_return,EXIT_1,return,990.625,1018.125,17.2,3.0,27.499999999999996,,,,,,,,,,,,,,,
1018.125,trip_completed,BOT_20,RACK_159,,,,,,,,,,,,,,,,1.0,1.0,962.0,1018.125,56.125,32.099999999999994,50.12499999999999,0.0,6.0,56.125
1019.5,travel_leg,BOT_26,RACK_151,1.0,EXIT_26,receiving_to_first_exit,receiving,EXIT_26,936.0,1019.5,63.599999999999994,2.0,83.49999999999999,,,,,,,,,,,,,,,
1021.5,exit_stop_service,BOT_6,RACK_156,1.0,EXIT_24,,,,,,,,,0.0,1015.5,1021.5,6.0,1.0,,,,,,,,,,
1022.625,exit_stop_service,BOT_13,RACK_163,1.0,EXIT_3,,,,,,,,,0.0,1016.625,1022.625,6.0,1.0,,,,,,,,,,
1025.5,exit_stop_service,BOT_26,RACK_151,1.0,EXIT_26,,,,,,,,,0.0,1019.5,1025.5,6.0,1.0,,,,,,,,,,
1026.25,travel_leg,BOT_38,RACK_148,1.0,EXIT_29,receiving_to_first_exit,receiving,EXIT_29,915.0,1026.25,85.80000000000001,2.0,111.25000000000001,,,,,,,,,,,,,,,
1029.0,travel_leg,BOT_12,RACK_149,1.0,EXIT_28,receiving_to_first_exit,receiving,EXIT_28,927.0,1029.0,78.4,2.0,102.0,,,,,,,,,,,,,,,
1029.75,return_leg,BOT_25,RACK_125,1.0,EXIT_29,last_exit_to_return,EXIT_29,return,916.75,1029.75,85.60000000000001,3.0,113.0,,,,,,,,,,,,,,,
1029.75,trip_completed,BOT_25,RACK_125,,,,,,,,,,,,,,,,1.0,1.0,799.5,1029.75,230.25,171.40000000000003,224.25,0.0,6.0,230.25
1032.25,exit_stop_service,BOT_38,RACK_148,1.0,EXIT_29,,,,,,,,,0.0,1026.25,1032.25,6.0,1.0,,,,,,,,,,
1035.0,exit_stop_service,BOT_12,RACK_149,1.0,EXIT_28,,,,,,,,,0.0,1029.0,1035.0,6.0,1.0,,,,,,,,,,
1039.25,return_leg,BOT_10,RACK_136,1.0,EXIT_27,last_exit_to_return,EXIT_27,return,944.75,1039.25,70.8,3.0,94.49999999999999,,,,,,,,,,,,,,,
1039.25,trip_completed,BOT_10,RACK_136,,,,,,,,,,,,,,,,1.0,1.0,846.0,1039.25,193.25,141.8,187.25,0.0,6.0,193.25
1040.25,return_leg,BOT_18,RACK_153,1.0,EXIT_22,last_exit_to_return,EXIT_22,return,992.0,1040.25,33.8,3.0,48.24999999999999,,,,,,,,,,,,,,,
1040.25,trip_completed,BOT_18,RACK_153,,,,,,,,,,,,,,,,1.0,1.0,939.5,1040.25,100.75,67.8,94.75,0.0,6.0,100.75
1043.125,travel_leg,BOT_35,RACK_167,1.0,EXIT_5,receiving_to_first_exit,receiving,EXIT_5,992.5,1043.125,37.300000000000004,2.0,50.625,,,,,,,,,,,,,,,
1046.25,return_leg,BOT_22,RACK_139,1.0,EXIT_27,last_exit_to_return,EXIT_27,return,951.75,1046.25,70.8,3.0,94.49999999999999,,,,,,,,,,,,,,,
1046.25,trip_completed,BOT_22,RACK_139,,,,,,,,,,,,,,,,1.0,1.0,853.0,1046.25,193.25,141.8,187.25,0.0,6.0,193.25
1047.25,travel_leg,BOT_29,RACK_168,1.0,EXIT_22,receiving_to_first_exit,receiving,EXIT_22,1000.75,1047.25,34.0,2.0,46.5,,,,,,,,,,,,,,,
1049.125,exit_stop_service,BOT_35,RACK_167,1.0,EXIT_5,,,,,,,,,0.0,1043.125,1049.125,6.0,1.0,,,,,,,,,,
1053.25,travel_leg,BOT_33,RACK_164,1.0,EXIT_24,receiving_to_first_exit,receiving,EXIT_24,988.25,1053.25,48.8,2.0,65.0,,,,,,,,,,,,,,,
1053.25,exit_stop_service,BOT_29,RACK_168,1.0,EXIT_22,,,,,,,,,0.0,1047.25,1053.25,6.0,1.0,,,,,,,,,,
1059.25,exit_stop_service,BOT_33,RACK_164,1.0,EXIT_24,,,,,,,,,0.0,1053.25,1059.25,6.0,1.0,,,,,,,,,,
1064.125,return_leg,BOT_13,RACK_163,1.0,EXIT_3,last_exit_to_return,EXIT_3,return,1022.625,1064.125,28.4,3.0,41.49999999999999,,,,,,,,,,,,,,,
1064.125,trip_completed,BOT_13,RACK_163,,,,,,,,,,,,,,,,1.0,1.0,980.0,1064.125,84.125,54.5,78.125,0.0,6.0,84.125
1068.625,return_leg,BOT_9,RACK_142,1.0,EXIT_11,last_exit_to_return,EXIT_11,return,971.125,1068.625,73.2,3.0,97.5,,,,,,,,,,,,,,,
1068.625,trip_completed,BOT_9,RACK_142,,,,,,,,,,,,,,,,1.0,1.0,872.5,1068.625,196.125,144.10000000000002,190.125,0.0,6.0,196.125
1070.125,return_leg,BOT_36,RACK_113,2.0,EXIT_29,last_exit_to_return,EXIT_29,return,957.125,1070.125,85.60000000000001,3.0,113.0,,,,,,,,,,,,,,,
1070.125,trip_completed,BOT_36,RACK_113,,,,,,,,,,,,,,,,2.0,2.0,729.0,1070.125,341.125,248.89999999999998,329.125,0.0,12.0,341.125
1070.75,travel_leg,BOT_28,RACK_158,1.0,EXIT_29,receiving_to_first_exit,receiving,EXIT_29,959.5,1070.75,85.80000000000001,2.0,111.25000000000001,,,,,,,,,,,,,,,
1072.625,return_leg,BOT_21,RACK_155,1.0,EXIT_6,last_exit_to_return,EXIT_6,return,1010.125,1072.625,45.2,3.0,62.5,,,,,,,,,,,,,,,
1072.625,trip_completed,BOT_21,RACK_155,,,,,,,,,,,,,,,,1.0,1.0,946.5,1072.625,126.125,88.10000000000001,120.125,0.0,6.0,126.125
1074.0,travel_leg,BOT_27,RACK_157,1.0,EXIT_30,receiving_to_first_exit,receiving,EXIT_30,953.5,1074.0,93.20000000000002,2.0,120.50000000000001,,,,,,,,,,,,,,,
1074.0,travel_leg,BOT_30,RACK_161,1.0,EXIT_28,receiving_to_first_exit,receiving,EXIT_28,972.0,1074.0,78.4,2.0,102.0,,,,,,,,,,,,,,,
1074.25,return_leg,BOT_15,RACK_128,1.0,EXIT_31,last_exit_to_return,EXIT_31,return,942.75,1074.25,100.40000000000002,3.0,131.5,,,,,,,,,,,,,,,
1074.25,trip_completed,BOT_15,RACK_128,,,,,,,,,,,,,,,,1.0,1.0,807.0,1074.25,267.25,201.00000000000006,261.25,0.0,6.0,267.25
1076.75,exit_stop_service,BOT_28,RACK_158,1.0,EXIT_29,,,,,,,,,0.0,1070.75,1076.75,6.0,1.0,,,,,,,,,,
1080.0,exit_stop_service,BOT_27,RACK_157,1.0,EXIT_30,,,,,,,,,0.0,1074.0,1080.0,6.0,1.0,,,,,,,,,,
1080.0,exit_stop_service,BOT_30,RACK_161,1.0,EXIT_28,,,,,,,,,0.0,1074.0,1080.0,6.0,1.0,,,,,,,,,,
1080.75,return_leg,BOT_7,RACK_138,1.0,EXIT_29,last_exit_to_return,EXIT_29,return,967.75,1080.75,85.60000000000001,3.0,113.0,,,,,,,,,,,,,,,
1080.75,travel_leg,BOT_19,RACK_160,1.0,EXIT_29,receiving_to_first_exit,receiving,EXIT_29,969.5,1080.75,85.80000000000001,2.0,111.25000000000001,,,,,,,,,,,,,,,
1080.75,trip_completed,BOT_7,RACK_138,,,,,,,,,,,,,,,,1.0,1.0,850.5,1080.75,230.25,171.40000000000003,224.25,0.0,6.0,230.25
1081.25,return_leg,BOT_1,RACK_133,1.0,EXIT_30,last_exit_to_return,EXIT_30,return,959.0,1081.25,93.00000000000001,3.0,122.25000000000001,,,,,,,,,,,,,,,
1081.25,trip_completed,BOT_1,RACK_133,,,,,,,,,,,,,,,,1.0,1.0,832.5,1081.25,248.75,186.20000000000005,242.75000000000003,0.0,6.0,248.75
1081.375,travel_leg,BOT_2,RACK_170,1.0,EXIT_9,receiving_to_first_exit,receiving,EXIT_9,1002.75,1081.375,59.70000000000002,2.0,78.62500000000001,,,,,,,,,,,,,,,
1083.0,travel_leg,BOT_32,RACK_166,1.0,EXIT_27,receiving_to_first_exit,receiving,EXIT_27,990.25,1083.0,71.0,2.0,92.75,,,,,,,,,,,,,,,
1086.75,exit_stop_service,BOT_19,RACK_160,1.0,EXIT_29,,,,,,,,,0.0,1080.75,1086.75,6.0,1.0,,,,,,,,,,
1087.0,travel_leg,BOT_18,RACK_178,1.0,EXIT_22,receiving_to_first_exit,receiving,EXIT_22,1040.5,1087.0,34.0,2.0,46.5,,,,,,,,,,,,,,,
1087.375,exit_stop_service,BOT_2,RACK_170,1.0,EXIT_9,,,,,,,,,0.0,1081.375,1087.375,6.0,1.0,,,,,,,,,,
1088.25,return_leg,BOT_6,RACK_156,1.0,EXIT_24,last_exit_to_return,EXIT_24,return,1021.5,1088.25,48.599999999999994,3.0,66.75,,,,,,,,,,,,,,,
1088.25,trip_completed,BOT_6,RACK_156,,,,,,,,,,,,,,,,1.0,1.0,950.5,1088.25,137.75,97.39999999999999,131.75,0.0,6.0,137.75
1088.625,travel_leg,BOT_16,RACK_154,1.0,EXIT_19,receiving_to_first_exit,receiving,EXIT_19,940.0,1088.625,115.69999999999996,2.0,148.62499999999994,,,,,,,,,,,,,,,
1089.0,exit_stop_service,BOT_32,RACK_166,1.0,EXIT_27,,,,,,,,,0.0,1083.0,1089.0,6.0,1.0,,,,,,,,,,
1091.625,return_leg,BOT_11,RACK_152,1.0,EXIT_8,last_exit_to_return,EXIT_8,return,1015.125,1091.625,56.400000000000006,3.0,76.5,,,,,,,,,,,,,,,
1091.625,trip_completed,BOT_11,RACK_152,,,,,,,,,,,,,,,,1.0,1.0,937.5,1091.625,154.125,110.50000000000001,148.125,0.0,6.0,154.125
1093.0,exit_stop_service,BOT_18,RACK_178,1.0,EXIT_22,,,,,,,,,0.0,1087.0,1093.0,6.0,1.0,,,,,,,,,,
1093.25,return_leg,BOT_5,RACK_146,1.0,EXIT_27,last_exit_to_return,EXIT_27,return,998.75,1093.25,70.8,3.0,94.49999999999999,,,,,,,,,,,,,,,
1093.25,trip_completed,BOT_5,RACK_146,,,,,,,,,,,,,,,,1.0,1.0,900.0,1093.25,193.25,141.8,187.25,0.0,6.0,193.25
1094.625,exit_stop_service,BOT_16,RACK_154,1.0,EXIT_19,,,,,,,,,0.0,1088.625,1094.625,6.0,1.0,,,,,,,,,,
1095.875,travel_leg,BOT_34,RACK_165,1.0,EXIT_12,receiving_to_first_exit,receiving,EXIT_12,996.25,1095.875,76.5,2.0,99.625,,,,,,,,,,,,,,,
1101.5,return_leg,BOT_29,RACK_168,1.0,EXIT_22,last_exit_to_return,EXIT_22,return,1053.25,1101.5,33.8,3.0,48.24999999999999,,,,,,,,,,,,,,,
1101.5,trip_completed,BOT_29,RACK_168,,,,,,,,,,,,,,,,1.0,1.0,1000.75,1101.5,100.75,67.8,94.75,0.0,6.0,100.75
1101.875,exit_stop_service,BOT_34,RACK_165,1.0,EXIT_12,,,,,,,,,0.0,1095.875,1101.875,6.0,1.0,,,,,,,,,,
1103.625,travel_leg,BOT_24,RACK_169,1.0,EXIT_28,receiving_to_first_exit,receiving,EXIT_28,1001.625,1103.625,78.4,2.0,102.0,,,,,,,,,,,,,,,
1104.0,travel_leg,BOT_17,RACK_174,1.0,EXIT_26,receiving_to_first_exit,receiving,EXIT_26,1020.5,1104.0,63.599999999999994,2.0,83.49999999999999,,,,,,,,,,,,,,,
1104.625,return_leg,BOT_35,RACK_167,1.0,EXIT_5,last_exit_to_return,EXIT_5,return,1049.125,1104.625,39.6,3.0,55.5,,,,,,,,,,,,,,,
1104.625,trip_completed,BOT_35,RACK_167,,,,,,,,,,,,,,,,1.0,1.0,992.5,1104.625,112.125,76.9,106.125,0.0,6.0,112.125
1104.75,return_leg,BOT_14,RACK_147,1.0,EXIT_27,last_exit_to_return,EXIT_27,return,1010.25,1104.75,70.8,3.0,94.49999999999999,,,,,,,,,,,,,,,
1104.75,trip_completed,BOT_14,RACK_147,,,,,,,,,,,,,,,,1.0,1.0,911.5,1104.75,193.25,141.8,187.25,0.0,6.0,193.25
1109.375,return_leg,BOT_23,RACK_145,1.0,EXIT_29,last_exit_to_return,EXIT_29,return,996.375,1109.375,85.60000000000001,3.0,113.0,,,,,,,,,,,,,,,
1109.375,trip_completed,BOT_23,RACK_145,,,,,,,,,,,,,,,,1.0,1.0,879.125,1109.375,230.25,171.40000000000003,224.25,0.0,6.0,230.25
1109.625,exit_stop_service,BOT_24,RACK_169,1.0,EXIT_28,,,,,,,,,0.0,1103.625,1109.625,6.0,1.0,,,,,,,,,,
1110.0,exit_stop_service,BOT_17,RACK_174,1.0,EXIT_26,,,,,,,,,0.0,1104.0,1110.0,6.0,1.0,,,,,,,,,,
1110.75,return_leg,BOT_26,RACK_151,1.0,EXIT_26,last_exit_to_return,EXIT_26,return,1025.5,1110.75,63.39999999999999,3.0,85.24999999999999,,,,,,,,,,,,,,,
1110.75,trip_completed,BOT_26,RACK_151,,,,,,,,,,,,,,,,1.0,1.0,936.0,1110.75,174.75,126.99999999999999,168.74999999999997,0.0,6.0,174.75
1114.25,travel_leg,BOT_8,RACK_172,1.0,EXIT_28,receiving_to_first_exit,receiving,EXIT_28,1012.25,1114.25,78.4,2.0,102.0,,,,,,,,,,,,,,,
1118.625,travel_leg,BOT_31,RACK_162,1.0,EXIT_18,receiving_to_first_exit,receiving,EXIT_18,977.0,1118.625,110.09999999999997,2.0,141.62499999999994,,,,,,,,,,,,,,,
1119.125,travel_leg,BOT_21,RACK_183,1.0,EXIT_22,receiving_to_first_exit,receiving,EXIT_22,1072.625,1119.125,34.0,2.0,46.5,,,,,,,,,,,,,,,
1120.25,exit_stop_service,BOT_8,RACK_172,1.0,EXIT_28,,,,,,,,,0.0,1114.25,1120.25,6.0,1.0,,,,,,,,,,
1122.0,travel_leg,BOT_22,RACK_179,1.0,EXIT_24,receiving_to_first_exit,receiving,EXIT_24,1057.0,1122.0,48.8,2.0,65.0,,,,,,,,,,,,,,,
1124.625,exit_stop_service,BOT_31,RACK_162,1.0,EXIT_18,,,,,,,,,0.0,1118.625,1124.625,6.0,1.0,,,,,,,,,,
1125.125,travel_leg,BOT_4,RACK_173,1.0,EXIT_13,receiving_to_first_exit,receiving,EXIT_13,1018.5,1125.125,82.1,2.0,106.62499999999999,,,,,,,,,,,,,,,
1125.125,exit_stop_service,BOT_21,RACK_183,1.0,EXIT_22,,,,,,,,,0.0,1119.125,1125.125,6.0,1.0,,,,,,,,,,
1126.0,return_leg,BOT_33,RACK_164,1.0,EXIT_24,last_exit_to_return,EXIT_24,return,1059.25,1126.0,48.599999999999994,3.0,66.75,,,,,,,,,,,,,,,
1126.0,trip_completed,BOT_33,RACK_164,,,,,,,,,,,,,,,,1.0,1.0,988.25,1126.0,137.75,97.39999999999999,131.75,0.0,6.0,137.75
1128.0,exit_stop_service,BOT_22,RACK_179,1.0,EXIT_24,,,,,,,,,0.0,1122.0,1128.0,6.0,1.0,,,,,,,,,,
1128.5,travel_leg,BOT_20,RACK_175,1.0,EXIT_28,receiving_to_first_exit,receiving,EXIT_28,1026.5,1128.5,78.4,2.0,102.0,,,,,,,,,,,,,,,
1131.125,exit_stop_service,BOT_4,RACK_173,1.0,EXIT_13,,,,,,,,,0.0,1125.125,1131.125,6.0,1.0,,,,,,,,,,
1133.5,travel_leg,BOT_25,RACK_176,1.0,EXIT_28,receiving_to_first_exit,receiving,EXIT_28,1031.5,1133.5,78.4,2.0,102.0,,,,,,,,,,,,,,,
1134.5,exit_stop_service,BOT_20,RACK_175,1.0,EXIT_28,,,,,,,,,0.0,1128.5,1134.5,6.0,1.0,,,,,,,,,,
1138.75,return_leg,BOT_12,RACK_149,1.0,EXIT_28,last_exit_to_return,EXIT_28,return,1035.0,1138.75,78.2,3.0,103.75,,,,,,,,,,,,,,,
1138.75,trip_completed,BOT_12,RACK_149,,,,,,,,,,,,,,,,1.0,1.0,927.0,1138.75,211.75,156.60000000000002,205.75,0.0,6.0,211.75
1140.5,exit_stop_service,BOT_25,RACK_176,1.0,EXIT_28,,,,,,,,,1.0,1134.5,1140.5,6.0,1.0,,,,,,,,,,
1141.25,return_leg,BOT_18,RACK_178,1.0,EXIT_22,last_exit_to_return,EXIT_22,return,1093.0,1141.25,33.8,3.0,48.24999999999999,,,,,,,,,,,,,,,
1141.25,trip_completed,BOT_18,RACK_178,,,,,,,,,,,,,,,,1.0,1.0,1040.5,1141.25,100.75,67.8,94.75,0.0,6.0,100.75
1144.375,return_leg,BOT_3,RACK_143,1.0,EXIT_31,last_exit_to_return,EXIT_31,return,1012.875,1144.375,100.40000000000002,3.0,131.5,,,,,,,,,,,,,,,
1144.375,trip_completed,BOT_3,RACK_143,,,,,,,,,,,,,,,,1.0,1.0,877.125,1144.375,267.25,201.00000000000006,261.25,0.0,6.0,267.25
1145.25,return_leg,BOT_38,RACK_148,1.0,EXIT_29,last_exit_to_return,EXIT_29,return,1032.25,1145.25,85.60000000000001,3.0,113.0,,,,,,,,,,,,,,,
1145.25,trip_completed,BOT_38,RACK_148,,,,,,,,,,,,,,,,1.0,1.0,915.0,1145.25,230.25,171.40000000000003,224.25,0.0,6.0,230.25
1148.5,travel_leg,BOT_15,RACK_184,1.0,EXIT_25,receiving_to_first_exit,receiving,EXIT_25,1074.25,1148.5,56.19999999999999,2.0,74.24999999999999,,,,,,,,,,,,,,,
1150.75,travel_leg,BOT_37,RACK_171,1.0,EXIT_32,receiving_to_first_exit,receiving,EXIT_32,1011.75,1150.75,108.00000000000003,2.0,139.00000000000003,,,,,,,,,,,,,,,
1154.5,exit_stop_service,BOT_15,RACK_184,1.0,EXIT_25,,,,,,,,,0.0,1148.5,1154.5,6.0,1.0,,,,,,,,,,
1156.75,exit_stop_service,BOT_37,RACK_171,1.0,EXIT_32,,,,,,,,,0.0,1150.75,1156.75,6.0,1.0,,,,,,,,,,
1160.75,travel_leg,BOT_11,RACK_188,1.0,EXIT_21,receiving_to_first_exit,receiving,EXIT_21,1123.5,1160.75,26.599999999999994,2.0,37.24999999999999,,,,,,,,,,,,,,,
1166.125,travel_leg,BOT_13,RACK_180,1.0,EXIT_28,receiving_to_first_exit,receiving,EXIT_28,1064.125,1166.125,78.4,2.0,102.0,,,,,,,,,,,,,,,
1166.75,exit_stop_service,BOT_11,RACK_188,1.0,EXIT_21,,,,,,,,,0.0,1160.75,1166.75,6.0,1.0,,,,,,,,,,
1169.75,travel_leg,BOT_36,RACK_182,1.0,EXIT_12,receiving_to_first_exit,receiving,EXIT_12,1070.125,1169.75,76.5,2.0,99.625,,,,,,,,,,,,,,,
1170.25,travel_leg,BOT_10,RACK_177,1.0,EXIT_31,receiving_to_first_exit,receiving,EXIT_31,1040.5,1170.25,100.60000000000002,2.0,129.75000000000003,,,,,,,,,,,,,,,
1170.625,travel_leg,BOT_9,RACK_181,1.0,EXIT_28,receiving_to_first_exit,receiving,EXIT_28,1068.625,1170.625,78.4,2.0,102.0,,,,,,,,,,,,,,,
1170.875,return_leg,BOT_2,RACK_170,1.0,EXIT_9,last_exit_to_return,EXIT_9,return,1087.375,1170.875,62.00000000000001,3.0,83.5,,,,,,,,,,,,,,,
1170.875,trip_completed,BOT_2,RACK_170,,,,,,,,,,,,,,,,1.0,1.0,1002.75,1170.875,168.125,121.70000000000002,162.125,0.0,6.0,168.125
1171.0,travel_leg,BOT_6,RACK_187,1.0,EXIT_24,receiving_to_first_exit,receiving,EXIT_24,1106.0,1171.0,48.8,2.0,65.0,,,,,,,,,,,,,,,
1171.75,travel_leg,BOT_29,RACK_190,1.0,EXIT_21,receiving_to_first_exit,receiving,EXIT_21,1134.5,1171.75,26.599999999999994,2.0,37.24999999999999,,,,,,,,,,,,,,,
1172.125,exit_stop_service,BOT_13,RACK_180,1.0,EXIT_28,,,,,,,,,0.0,1166.125,1172.125,6.0,1.0,,,,,,,,,,
1173.375,return_leg,BOT_21,RACK_183,1.0,EXIT_22,last_exit_to_return,EXIT_22,return,1125.125,1173.375,33.8,3.0,48.24999999999999,,,,,,,,,,,,,,,
1173.375,trip_completed,BOT_21,RACK_183,,,,,,,,,,,,,,,,1.0,1.0,1072.625,1173.375,100.75,67.8,94.75,0.0,6.0,100.75
1175.625,travel_leg,BOT_12,RACK_196,1.0,EXIT_1,receiving_to_first_exit,receiving,EXIT_1,1153.0,1175.625,14.899999999999999,2.0,22.624999999999996,,,,,,,,,,,,,,,
1175.75,exit_stop_service,BOT_36,RACK_182,1.0,EXIT_12,,,,,,,,,0.0,1169.75,1175.75,6.0,1.0,,,,,,,,,,
1176.25,exit_stop_service,BOT_10,RACK_177,1.0,EXIT_31,,,,,,,,,0.0,1170.25,1176.25,6.0,1.0,,,,,,,,,,
1177.0,exit_stop_service,BOT_6,RACK_187,1.0,EXIT_24,,,,,,,,,0.0,1171.0,1177.0,6.0,1.0,,,,,,,,,,
1177.75,exit_stop_service,BOT_29,RACK_190,1.0,EXIT_21,,,,,,,,,0.0,1171.75,1177.75,6.0,1.0,,,,,,,,,,
1178.125,exit_stop_service,BOT_9,RACK_181,1.0,EXIT_28,,,,,,,,,1.5,1172.125,1178.125,6.0,1.0,,,,,,,,,,
1181.625,exit_stop_service,BOT_12,RACK_196,1.0,EXIT_1,,,,,,,,,0.0,1175.625,1181.625,6.0,1.0,,,,,,,,,,
1183.5,return_leg,BOT_32,RACK_166,1.0,EXIT_27,last_exit_to_return,EXIT_27,return,1089.0,1183.5,70.8,3.0,94.49999999999999,,,,,,,,,,,,,,,
1183.5,trip_completed,BOT_32,RACK_166,,,,,,,,,,,,,,,,1.0,1.0,990.25,1183.5,193.25,141.8,187.25,0.0,6.0,193.25
1183.75,return_leg,BOT_30,RACK_161,1.0,EXIT_28,last_exit_to_return,EXIT_28,return,1080.0,1183.75,78.2,3.0,103.75,,,,,,,,,,,,,,,
1183.75,trip_completed,BOT_30,RACK_161,,,,,,,,,,,,,,,,1.0,1.0,972.0,1183.75,211.75,156.60000000000002,205.75,0.0,6.0,211.75
1184.125,travel_leg,BOT_23,RACK_193,1.0,EXIT_3,receiving_to_first_exit,receiving,EXIT_3,1147.5,1184.125,26.1,2.0,36.625,,,,,,,,,,,,,,,
1184.875,travel_leg,BOT_34,RACK_165,2.0,EXIT_24,between_exits,EXIT_12,EXIT_24,1101.875,1184.875,60.0,4.0,83.0,,,,,,,,,,,,,,,
1189.75,return_leg,BOT_28,RACK_158,1.0,EXIT_29,last_exit_to_return,EXIT_29,return,1076.75,1189.75,85.60000000000001,3.0,113.0,,,,,,,,,,,,,,,
1189.75,trip_completed,BOT_28,RACK_158,,,,,,,,,,,,,,,,1.0,1.0,959.5,1189.75,230.25,171.40000000000003,224.25,0.0,6.0,230.25
1190.125,exit_stop_service,BOT_23,RACK_193,1.0,EXIT_3,,,,,,,,,0.0,1184.125,1190.125,6.0,1.0,,,,,,,,,,
1190.875,exit_stop_service,BOT_34,RACK_165,2.0,EXIT_24,,,,,,,,,0.0,1184.875,1190.875,6.0,1.0,,,,,,,,,,
1192.75,travel_leg,BOT_1,RACK_186,1.0,EXIT_27,receiving_to_first_exit,receiving,EXIT_27,1100.0,1192.75,71.0,2.0,92.75,,,,,,,,,,,,,,,
1194.25,travel_leg,BOT_7,RACK_185,1.0,EXIT_29,receiving_to_first_exit,receiving,EXIT_29,1083.0,1194.25,85.80000000000001,2.0,111.25000000000001,,,,,,,,,,,,,,,
1194.75,return_leg,BOT_22,RACK_179,1.0,EXIT_24,last_exit_to_return,EXIT_24,return,1128.0,1194.75,48.599999999999994,3.0,66.75,,,,,,,,,,,,,,,
1194.75,trip_completed,BOT_22,RACK_179,,,,,,,,,,,,,,,,1.0,1.0,1057.0,1194.75,137.75,97.39999999999999,131.75,0.0,6.0,137.75
1195.25,return_leg,BOT_17,RACK_174,1.0,EXIT_26,last_exit_to_return,EXIT_26,return,1110.0,1195.25,63.39999999999999,3.0,85.24999999999999,,,,,,,,,,,,,,,
1195.25,trip_completed,BOT_17,RACK_174,,,,,,,,,,,,,,,,1.0,1.0,1020.5,1195.25,174.75,126.99999999999999,168.74999999999997,0.0,6.0,174.75
1198.75,exit_stop_service,BOT_1,RACK_186,1.0,EXIT_27,,,,,,,,,0.0,1192.75,1198.75,6.0,1.0,,,,,,,,,,
1199.75,return_leg,BOT_19,RACK_160,1.0,EXIT_29,last_exit_to_return,EXIT_29,return,1086.75,1199.75,85.60000000000001,3.0,113.0,,,,,,,,,,,,,,,
1199.75,trip_completed,BOT_19,RACK_160,,,,,,,,,,,,,,,,1.0,1.0,969.5,1199.75,230.25,171.40000000000003,224.25,0.0,6.0,230.25
1200.25,exit_stop_service,BOT_7,RACK_185,1.0,EXIT_29,,,,,,,,,0.0,1194.25,1200.25,6.0,1.0,,,,,,,,,,
1201.75,travel_leg,BOT_5,RACK_189,1.0,EXIT_25,receiving_to_first_exit,receiving,EXIT_25,1127.5,1201.75,56.19999999999999,2.0,74.24999999999999,,,,,,,,,,,,,,,
1202.25,return_leg,BOT_27,RACK_157,1.0,EXIT_30,last_exit_to_return,EXIT_30,return,1080.0,1202.25,93.00000000000001,3.0,122.25000000000001,,,,,,,,,,,,,,,
1202.25,trip_completed,BOT_27,RACK_157,,,,,,,,,,,,,,,,1.0,1.0,953.5,1202.25,248.75,186.20000000000005,242.75000000000003,0.0,6.0,248.75
1205.75,return_leg,BOT_11,RACK_188,1.0,EXIT_21,last_exit_to_return,EXIT_21,return,1166.75,1205.75,26.4,3.0,38.99999999999999,,,,,,,,,,,,,,,
1205.75,trip_completed,BOT_11,RACK_188,,,,,,,,,,,,,,,,1.0,1.0,1123.5,1205.75,82.25,52.99999999999999,76.24999999999999,0.0,6.0,82.25
1207.75,exit_stop_service,BOT_5,RACK_189,1.0,EXIT_25,,,,,,,,,0.0,1201.75,1207.75,6.0,1.0,,,,,,,,,,
1209.125,return_leg,BOT_12,RACK_196,1.0,EXIT_1,last_exit_to_return,EXIT_1,return,1181.625,1209.125,17.2,3.0,27.499999999999996,,,,,,,,,,,,,,,
1209.125,trip_completed,BOT_12,RACK_196,,,,,,,,,,,,,,,,1.0,1.0,1153.0,1209.125,56.125,32.099999999999994,50.12499999999999,0.0,6.0,56.125
1213.375,return_leg,BOT_24,RACK_169,1.0,EXIT_28,last_exit_to_return,EXIT_28,return,1109.625,1213.375,78.2,3.0,103.75,,,,,,,,,,,,,,,
1213.375,trip_completed,BOT_24,RACK_169,,,,,,,,,,,,,,,,1.0,1.0,1001.625,1213.375,211.75,156.60000000000002,205.75,0.0,6.0,211.75
1216.75,return_leg,BOT_29,RACK_190,1.0,EXIT_21,last_exit_to_return,EXIT_21,return,1177.75,1216.75,26.4,3.0,38.99999999999999,,,,,,,,,,,,,,,
1216.75,trip_completed,BOT_29,RACK_190,,,,,,,,,,,,,,,,1.0,1.0,1134.5,1216.75,82.25,52.99999999999999,76.24999999999999,0.0,6.0,82.25
1219.25,travel_leg,BOT_14,RACK_192,1.0,EXIT_25,receiving_to_first_exit,receiving,EXIT_25,1145.0,1219.25,56.19999999999999,2.0,74.24999999999999,,,,,,,,,,,,,,,
1221.0,travel_leg,BOT_30,RACK_203,1.0,EXIT_21,receiving_to_first_exit,receiving,EXIT_21,1183.75,1221.0,26.599999999999994,2.0,37.24999999999999,,,,,,,,,,,,,,,
1224.0,return_leg,BOT_8,RACK_172,1.0,EXIT_28,last_exit_to_return,EXIT_28,return,1120.25,1224.0,78.2,3.0,103.75,,,,,,,,,,,,,,,
1224.0,trip_completed,BOT_8,RACK_172,,,,,,,,,,,,,,,,1.0,1.0,1012.25,1224.0,211.75,156.60000000000002,205.75,0.0,6.0,211.75
1225.25,exit_stop_service,BOT_14,RACK_192,1.0,EXIT_25,,,,,,,,,0.0,1219.25,1225.25,6.0,1.0,,,,,,,,,,
1227.0,exit_stop_service,BOT_30,RACK_203,1.0,EXIT_21,,,,,,,,,0.0,1221.0,1227.0,6.0,1.0,,,,,,,,,,
1228.625,travel_leg,BOT_11,RACK_209,1.0,EXIT_1,receiving_to_first_exit,receiving,EXIT_1,1206.0,1228.625,14.899999999999999,2.0,22.624999999999996,,,,,,,,,,,,,,,
1229.125,travel_leg,BOT_35,RACK_191,1.0,EXIT_10,receiving_to_first_exit,receiving,EXIT_10,1143.5,1229.125,65.30000000000001,2.0,85.62500000000001,,,,,,,,,,,,,,,
1230.5,return_leg,BOT_15,RACK_184,1.0,EXIT_25,last_exit_to_return,EXIT_25,return,1154.5,1230.5,55.99999999999999,3.0,75.99999999999999,,,,,,,,,,,,,,,
1230.5,trip_completed,BOT_15,RACK_184,,,,,,,,,,,,,,,,1.0,1.0,1074.25,1230.5,156.25,112.19999999999999,150.24999999999997,0.0,6.0,156.25
1231.625,return_leg,BOT_23,RACK_193,1.0,EXIT_3,last_exit_to_return,EXIT_3,return,1190.125,1231.625,28.4,3.0,41.49999999999999,,,,,,,,,,,,,,,
1231.625,trip_completed,BOT_23,RACK_193,,,,,,,,,,,,,,,,1.0,1.0,1147.5,1231.625,84.125,54.5,78.125,0.0,6.0,84.125
1234.625,exit_stop_service,BOT_11,RACK_209,1.0,EXIT_1,,,,,,,,,0.0,1228.625,1234.625,6.0,1.0,,,,,,,,,,
1235.125,exit_stop_service,BOT_35,RACK_191,1.0,EXIT_10,,,,,,,,,0.0,1229.125,1235.125,6.0,1.0,,,,,,,,,,
1238.25,return_leg,BOT_20,RACK_175,1.0,EXIT_28,last_exit_to_return,EXIT_28,return,1134.5,1238.25,78.2,3.0,103.75,,,,,,,,,,,,,,,
1238.25,trip_completed,BOT_20,RACK_175,,,,,,,,,,,,,,,,1.0,1.0,1026.5,1238.25,211.75,156.60000000000002,205.75,0.0,6.0,211.75
1243.75,return_leg,BOT_6,RACK_187,1.0,EXIT_24,last_exit_to_return,EXIT_24,return,1177.0,1243.75,48.599999999999994,3.0,66.75,,,,,,,,,,,,,,,
1243.75,trip_completed,BOT_6,RACK_187,,,,,,,,,,,,,,,,1.0,1.0,1106.0,1243.75,137.75,97.39999999999999,131.75,0.0,6.0,137.75
1244.25,return_leg,BOT_25,RACK_176,1.0,EXIT_28,last_exit_to_return,EXIT_28,return,1140.5,1244.25,78.2,3.0,103.75,,,,,,,,,,,,,,,
1244.25,trip_completed,BOT_25,RACK_176,,,,,,,,,,,,,,,,1.0,1.0,1031.5,1244.25,212.75,156.60000000000002,205.75,1.0,6.0,212.75
1247.625,travel_leg,BOT_21,RACK_201,1.0,EXIT_25,receiving_to_first_exit,receiving,EXIT_25,1173.375,1247.625,56.19999999999999,2.0,74.24999999999999,,,,,,,,,,,,,,,
1248.125,return_leg,BOT_16,RACK_154,1.0,EXIT_19,last_exit_to_return,EXIT_19,return,1094.625,1248.125,117.99999999999996,3.0,153.49999999999994,,,,,,,,,,,,,,,
1248.125,trip_completed,BOT_16,RACK_154,,,,,,,,,,,,,,,,1.0,1.0,940.0,1248.125,308.125,233.69999999999993,302.1249999999999,0.0,6.0,308.125
1251.625,travel_leg,BOT_4,RACK_173,2.0,EXIT_31,between_exits,EXIT_13,EXIT_31,1131.125,1251.625,90.0,4.0,120.5,,,,,,,,,,,,,,,
1253.625,exit_stop_service,BOT_21,RACK_201,1.0,EXIT_25,,,,,,,,,0.0,1247.625,1253.625,6.0,1.0,,,,,,,,,,
1257.5,travel_leg,BOT_18,RACK_197,1.0,EXIT_28,receiving_to_first_exit,receiving,EXIT_28,1155.5,1257.5,78.4,2.0,102.0,,,,,,,,,,,,,,,
1257.625,return_leg,BOT_34,RACK_165,2.0,EXIT_24,last_exit_to_return,EXIT_24,return,1190.875,1257.625,48.599999999999994,3.0,66.75,,,,,,,,,,,,,,,
1257.625,exit_stop_service,BOT_4,RACK_173,2.0,EXIT_31,,,,,,,,,0.0,1251.625,1257.625,6.0,1.0,,,,,,,,,,
1257.625,trip_completed,BOT_34,RACK_165,,,,,,,,,,,,,,,,2.0,2.0,996.25,1257.625,261.375,185.1,249.375,0.0,12.0,261.375
1262.125,return_leg,BOT_11,RACK_209,1.0,EXIT_1,last_exit_to_return,EXIT_1,return,1234.625,1262.125,17.2,3.0,27.499999999999996,,,,,,,,,,,,,,,
1262.125,trip_completed,BOT_11,RACK_209,,,,,,,,,,,,,,,,1.0,1.0,1206.0,1262.125,56.125,32.099999999999994,50.12499999999999,0.0,6.0,56.125
1262.5,travel_leg,BOT_3,RACK_198,1.0,EXIT_28,receiving_to_first_exit,receiving,EXIT_28,1160.5,1262.5,78.4,2.0,102.0,,,,,,,,,,,,,,,
1263.5,exit_stop_service,BOT_18,RACK_197,1.0,EXIT_28,,,,,,,,,0.0,1257.5,1263.5,6.0,1.0,,,,,,,,,,
1266.0,return_leg,BOT_30,RACK_203,1.0,EXIT_21,last_exit_to_return,EXIT_21,return,1227.0,1266.0,26.4,3.0,38.99999999999999,,,,,,,,,,,,,,,
1266.0,trip_completed,BOT_30,RACK_203,,,,,,,,,,,,,,,,1.0,1.0,1183.75,1266.0,82.25,52.99999999999999,76.24999999999999,0.0,6.0,82.25
1269.5,travel_leg,BOT_17,RACK_206,1.0,EXIT_25,receiving_to_first_exit,receiving,EXIT_25,1195.25,1269.5,56.19999999999999,2.0,74.24999999999999,,,,,,,,,,,,,,,
1269.5,exit_stop_service,BOT_3,RACK_198,1.0,EXIT_28,,,,,,,,,1.0,1263.5,1269.5,6.0,1.0,,,,,,,,,,
1271.125,return_leg,BOT_31,RACK_162,1.0,EXIT_18,last_exit_to_return,EXIT_18,return,1124.625,1271.125,112.39999999999996,3.0,146.49999999999994,,,,,,,,,,,,,,,
1271.125,trip_completed,BOT_31,RACK_162,,,,,,,,,,,,,,,,1.0,1.0,977.0,1271.125,294.125,222.49999999999994,288.1249999999999,0.0,6.0,294.125
1272.0,travel_leg,BOT_33,RACK_195,1.0,EXIT_30,receiving_to_first_exit,receiving,EXIT_30,1151.5,1272.0,93.20000000000002,2.0,120.50000000000001,,,,,,,,,,,,,,,
1272.875,travel_leg,BOT_2,RACK_200,1.0,EXIT_28,receiving_to_first_exit,receiving,EXIT_28,1170.875,1272.875,78.4,2.0,102.0,,,,,,,,,,,,,,,
1275.25,travel_leg,BOT_38,RACK_199,1.0,EXIT_29,receiving_to_first_exit,receiving,EXIT_29,1164.0,1275.25,85.80000000000001,2.0,111.25000000000001,,,,,,,,,,,,,,,
1275.5,exit_stop_service,BOT_17,RACK_206,1.0,EXIT_25,,,,,,,,,0.0,1269.5,1275.5,6.0,1.0,,,,,,,,,,
1275.875,return_leg,BOT_13,RACK_180,1.0,EXIT_28,last_exit_to_return,EXIT_28,return,1172.125,1275.875,78.2,3.0,103.75,,,,,,,,,,,,,,,
1275.875,trip_completed,BOT_13,RACK_180,,,,,,,,,,,,,,,,1.0,1.0,1064.125,1275.875,211.75,156.60000000000002,205.75,0.0,6.0,211.75
1278.0,exit_stop_service,BOT_33,RACK_195,1.0,EXIT_30,,,,,,,,,0.0,1272.0,1278.0,6.0,1.0,,,,,,,,,,
1278.875,exit_stop_service,BOT_2,RACK_200,1.0,EXIT_28,,,,,,,,,0.0,1272.875,1278.875,6.0,1.0,,,,,,,,,,
1280.25,return_leg,BOT_36,RACK_182,1.0,EXIT_12,last_exit_to_return,EXIT_12,return,1175.75,1280.25,78.8,3.0,104.49999999999999,,,,,,,,,,,,,,,
1280.25,trip_completed,BOT_36,RACK_182,,,,,,,,,,,,,,,,1.0,1.0,1070.125,1280.25,210.125,155.3,204.125,0.0,6.0,210.125
1281.0,travel_leg,BOT_6,RACK_217,1.0,EXIT_21,receiving_to_first_exit,receiving,EXIT_21,1243.75,1281.0,26.599999999999994,2.0,37.24999999999999,,,,,,,,,,,,,,,
1281.25,exit_stop_service,BOT_38,RACK_199,1.0,EXIT_29,,,,,,,,,0.0,1275.25,1281.25,6.0,1.0,,,,,,,,,,
1281.875,return_leg,BOT_9,RACK_181,1.0,EXIT_28,last_exit_to_return,EXIT_28,return,1178.125,1281.875,78.2,3.0,103.75,,,,,,,,,,,,,,,
1281.875,trip_completed,BOT_9,RACK_181,,,,,,,,,,,,,,,,1.0,1.0,1068.625,1281.875,213.25,156.60000000000002,205.75,1.5,6.0,213.25
1283.75,return_leg,BOT_5,RACK_189,1.0,EXIT_25,last_exit_to_return,EXIT_25,return,1207.75,1283.75,55.99999999999999,3.0,75.99999999999999,,,,,,,,,,,,,,,
1283.75,trip_completed,BOT_5,RACK_189,,,,,,,,,,,,,,,,1.0,1.0,1127.5,1283.75,156.25,112.19999999999999,150.24999999999997,0.0,6.0,156.25
1285.5,travel_leg,BOT_32,RACK_202,1.0,EXIT_28,receiving_to_first_exit,receiving,EXIT_28,1183.5,1285.5,78.4,2.0,102.0,,,,,,,,,,,,,,,
1287.0,exit_stop_service,BOT_6,RACK_217,1.0,EXIT_21,,,,,,,,,0.0,1281.0,1287.0,6.0,1.0,,,,,,,,,,
1288.0,travel_leg,BOT_19,RACK_207,1.0,EXIT_26,receiving_to_first_exit,receiving,EXIT_26,1204.5,1288.0,63.599999999999994,2.0,83.49999999999999,,,,,,,,,,,,,,,
1288.875,travel_leg,BOT_20,RACK_216,1.0,EXIT_5,receiving_to_first_exit,receiving,EXIT_5,1238.25,1288.875,37.300000000000004,2.0,50.625,,,,,,,,,,,,,,,
1289.0,travel_leg,BOT_8,RACK_213,1.0,EXIT_24,receiving_to_first_exit,receiving,EXIT_24,1224.0,1289.0,48.8,2.0,65.0,,,,,,,,,,,,,,,
1290.125,travel_leg,BOT_26,RACK_194,1.0,EXIT_18,receiving_to_first_exit,receiving,EXIT_18,1148.5,1290.125,110.09999999999997,2.0,141.62499999999994,,,,,,,,,,,,,,,
1291.5,exit_stop_service,BOT_32,RACK_202,1.0,EXIT_28,,,,,,,,,0.0,1285.5,1291.5,6.0,1.0,,,,,,,,,,
1293.25,return_leg,BOT_1,RACK_186,1.0,EXIT_27,last_exit_to_return,EXIT_27,return,1198.75,1293.25,70.8,3.0,94.49999999999999,,,,,,,,,,,,,,,
1293.25,trip_completed,BOT_1,RACK_186,,,,,,,,,,,,,,,,1.0,1.0,1100.0,1293.25,193.25,141.8,187.25,0.0,6.0,193.25
1294.0,exit_stop_service,BOT_19,RACK_207,1.0,EXIT_26,,,,,,,,,0.0,1288.0,1294.0,6.0,1.0,,,,,,,,,,
1294.875,exit_stop_service,BOT_20,RACK_216,1.0,EXIT_5,,,,,,,,,0.0,1288.875,1294.875,6.0,1.0,,,,,,,,,,
1295.0,exit_stop_service,BOT_8,RACK_213,1.0,EXIT_24,,,,,,,,,0.0,1289.0,1295.0,6.0,1.0,,,,,,,,,,
1296.125,exit_stop_service,BOT_26,RACK_194,1.0,EXIT_18,,,,,,,,,0.0,1290.125,1296.125,6.0,1.0,,,,,,,,,,
1296.625,travel_leg,BOT_23,RACK_215,1.0,EXIT_24,receiving_to_first_exit,receiving,EXIT_24,1231.625,1296.625,48.8,2.0,65.0,,,,,,,,,,,,,,,
1296.75,travel_leg,BOT_22,RACK_205,1.0,EXIT_28,receiving_to_first_exit,receiving,EXIT_28,1194.75,1296.75,78.4,2.0,102.0,,,,,,,,,,,,,,,
1297.5,return_leg,BOT_37,RACK_171,1.0,EXIT_32,last_exit_to_return,EXIT_32,return,1156.75,1297.5,107.80000000000003,3.0,140.75000000000003,,,,,,,,,,,,,,,
1297.5,trip_completed,BOT_37,RACK_171,,,,,,,,,,,,,,,,1.0,1.0,1011.75,1297.5,285.75,215.80000000000007,279.75000000000006,0.0,6.0,285.75
1301.25,return_leg,BOT_14,RACK_192,1.0,EXIT_25,last_exit_to_return,EXIT_25,return,1225.25,1301.25,55.99999999999999,3.0,75.99999999999999,,,,,,,,,,,,,,,
1301.25,trip_completed,BOT_14,RACK_192,,,,,,,,,,,,,,,,1.0,1.0,1145.0,1301.25,156.25,112.19999999999999,150.24999999999997,0.0,6.0,156.25
1302.625,exit_stop_service,BOT_23,RACK_215,1.0,EXIT_24,,,,,,,,,0.0,1296.625,1302.625,6.0,1.0,,,,,,,,,,
1302.75,exit_stop_service,BOT_22,RACK_205,1.0,EXIT_28,,,,,,,,,0.0,1296.75,1302.75,6.0,1.0,,,,,,,,,,
1307.75,return_leg,BOT_10,RACK_177,1.0,EXIT_31,last_exit_to_return,EXIT_31,return,1176.25,1307.75,100.40000000000002,3.0,131.5,,,,,,,,,,,,,,,
1307.75,trip_completed,BOT_10,RACK_177,,,,,,,,,,,,,,,,1.0,1.0,1040.5,1307.75,267.25,201.00000000000006,261.25,0.0,6.0,267.25
1310.375,travel_leg,BOT_28,RACK_204,1.0,EXIT_15,receiving_to_first_exit,receiving,EXIT_15,1189.75,1310.375,93.29999999999998,2.0,120.62499999999997,,,,,,,,,,,,,,,
1312.25,travel_leg,BOT_11,RACK_221,1.0,EXIT_21,receiving_to_first_exit,receiving,EXIT_21,1275.0,1312.25,26.599999999999994,2.0,37.24999999999999,,,,,,,,,,,,,,,
1313.25,return_leg,BOT_7,RACK_185,1.0,EXIT_29,last_exit_to_return,EXIT_29,return,1200.25,1313.25,85.60000000000001,3.0,113.0,,,,,,,,,,,,,,,
1313.25,trip_completed,BOT_7,RACK_185,,,,,,,,,,,,,,,,1.0,1.0,1083.0,1313.25,230.25,171.40000000000003,224.25,0.0,6.0,230.25
1313.625,travel_leg,BOT_24,RACK_211,1.0,EXIT_12,receiving_to_first_exit,receiving,EXIT_12,1214.0,1313.625,76.5,2.0,99.625,,,,,,,,,,,,,,,
1316.375,exit_stop_service,BOT_28,RACK_204,1.0,EXIT_15,,,,,,,,,0.0,1310.375,1316.375,6.0,1.0,,,,,,,,,,
1318.25,exit_stop_service,BOT_11,RACK_221,1.0,EXIT_21,,,,,,,,,0.0,1312.25,1318.25,6.0,1.0,,,,,,,,,,
1319.625,exit_stop_service,BOT_24,RACK_211,1.0,EXIT_12,,,,,,,,,0.0,1313.625,1319.625,6.0,1.0,,,,,,,,,,
1322.625,travel_leg,BOT_34,RACK_220,1.0,EXIT_24,receiving_to_first_exit,receiving,EXIT_24,1257.625,1322.625,48.8,2.0,65.0,,,,,,,,,,,,,,,
1325.625,return_leg,BOT_35,RACK_191,1.0,EXIT_10,last_exit_to_return,EXIT_10,return,1235.125,1325.625,67.60000000000001,3.0,90.5,,,,,,,,,,,,,,,
1325.625,trip_completed,BOT_35,RACK_191,,,,,,,,,,,,,,,,1.0,1.0,1143.5,1325.625,182.125,132.90000000000003,176.125,0.0,6.0,182.125
1326.0,return_leg,BOT_6,RACK_217,1.0,EXIT_21,last_exit_to_return,EXIT_21,return,1287.0,1326.0,26.4,3.0,38.99999999999999,,,,,,,,,,,,,,,
1326.0,trip_completed,BOT_6,RACK_217,,,,,,,,,,,,,,,,1.0,1.0,1243.75,1326.0,82.25,52.99999999999999,76.24999999999999,0.0,6.0,82.25
1328.625,exit_stop_service,BOT_34,RACK_220,1.0,EXIT_24,,,,,,,,,0.0,1322.625,1328.625,6.0,1.0,,,,,,,,,,
1328.75,travel_leg,BOT_29,RACK_212,1.0,EXIT_29,receiving_to_first_exit,receiving,EXIT_29,1217.5,1328.75,85.80000000000001,2.0,111.25000000000001,,,,,,,,,,,,,,,
1329.625,return_leg,BOT_21,RACK_201,1.0,EXIT_25,last_exit_to_return,EXIT_25,return,1253.625,1329.625,55.99999999999999,3.0,75.99999999999999,,,,,,,,,,,,,,,
1329.625,trip_completed,BOT_21,RACK_201,,,,,,,,,,,,,,,,1.0,1.0,1173.375,1329.625,156.25,112.19999999999999,150.24999999999997,0.0,6.0,156.25
1332.625,travel_leg,BOT_27,RACK_208,1.0,EXIT_16,receiving_to_first_exit,receiving,EXIT_16,1205.0,1332.625,98.89999999999998,2.0,127.62499999999997,,,,,,,,,,,,,,,
1334.75,exit_stop_service,BOT_29,RACK_212,1.0,EXIT_29,,,,,,,,,0.0,1328.75,1334.75,6.0,1.0,,,,,,,,,,
1338.625,exit_stop_service,BOT_27,RACK_208,1.0,EXIT_16,,,,,,,,,0.0,1332.625,1338.625,6.0,1.0,,,,,,,,,,
1338.875,travel_leg,BOT_12,RACK_210,1.0,EXIT_31,receiving_to_first_exit,receiving,EXIT_31,1209.125,1338.875,100.60000000000002,2.0,129.75000000000003,,,,,,,,,,,,,,,
1344.875,exit_stop_service,BOT_12,RACK_210,1.0,EXIT_31,,,,,,,,,0.0,1338.875,1344.875,6.0,1.0,,,,,,,,,,
1346.25,travel_leg,BOT_25,RACK_218,1.0,EXIT_28,receiving_to_first_exit,receiving,EXIT_28,1244.25,1346.25,78.4,2.0,102.0,,,,,,,,,,,,,,,
1350.375,return_leg,BOT_20,RACK_216,1.0,EXIT_5,last_exit_to_return,EXIT_5,return,1294.875,1350.375,39.6,3.0,55.5,,,,,,,,,,,,,,,
1350.375,trip_completed,BOT_20,RACK_216,,,,,,,,,,,,,,,,1.0,1.0,1238.25,1350.375,112.125,76.9,106.125,0.0,6.0,112.125
1351.5,return_leg,BOT_17,RACK_206,1.0,EXIT_25,last_exit_to_return,EXIT_25,return,1275.5,1351.5,55.99999999999999,3.0,75.99999999999999,,,,,,,,,,,,,,,
1351.5,trip_completed,BOT_17,RACK_206,,,,,,,,,,,,,,,,1.0,1.0,1195.25,1351.5,156.25,112.19999999999999,150.24999999999997,0.0,6.0,156.25
1352.25,exit_stop_service,BOT_25,RACK_218,1.0,EXIT_28,,,,,,,,,0.0,1346.25,1352.25,6.0,1.0,,,,,,,,,,
1355.0,travel_leg,BOT_9,RACK_226,1.0,EXIT_24,receiving_to_first_exit,receiving,EXIT_24,1290.0,1355.0,48.8,2.0,65.0,,,,,,,,,,,,,,,
1357.25,return_leg,BOT_11,RACK_221,1.0,EXIT_21,last_exit_to_return,EXIT_21,return,1318.25,1357.25,26.4,3.0,38.99999999999999,,,,,,,,,,,,,,,
1357.25,trip_completed,BOT_11,RACK_221,,,,,,,,,,,,,,,,1.0,1.0,1275.0,1357.25,82.25,52.99999999999999,76.24999999999999,0.0,6.0,82.25
1360.25,travel_leg,BOT_15,RACK_214,1.0,EXIT_31,receiving_to_first_exit,receiving,EXIT_31,1230.5,1360.25,100.60000000000002,2.0,129.75000000000003,,,,,,,,,,,,,,,
1361.0,exit_stop_service,BOT_9,RACK_226,1.0,EXIT_24,,,,,,,,,0.0,1355.0,1361.0,6.0,1.0,,,,,,,,,,
1361.75,return_leg,BOT_8,RACK_213,1.0,EXIT_24,last_exit_to_return,EXIT_24,return,1295.0,1361.75,48.599999999999994,3.0,66.75,,,,,,,,,,,,,,,
1361.75,trip_completed,BOT_8,RACK_213,,,,,,,,,,,,,,,,1.0,1.0,1224.0,1361.75,137.75,97.39999999999999,131.75,0.0,6.0,137.75
1366.25,exit_stop_service,BOT_15,RACK_214,1.0,EXIT_31,,,,,,,,,0.0,1360.25,1366.25,6.0,1.0,,,,,,,,,,
1367.25,return_leg,BOT_18,RACK_197,1.0,EXIT_28,last_exit_to_return,EXIT_28,return,1263.5,1367.25,78.2,3.0,103.75,,,,,,,,,,,,,,,
1367.25,trip_completed,BOT_18,RACK_197,,,,,,,,,,,,,,,,1.0,1.0,1155.5,1367.25,211.75,156.60000000000002,205.75,0.0,6.0,211.75
1369.375,return_leg,BOT_23,RACK_215,1.0,EXIT_24,last_exit_to_return,EXIT_24,return,1302.625,1369.375,48.599999999999994,3.0,66.75,,,,,,,,,,,,,,,
1369.375,trip_completed,BOT_23,RACK_215,,,,,,,,,,,,,,,,1.0,1.0,1231.625,1369.375,137.75,97.39999999999999,131.75,0.0,6.0,137.75
1373.25,return_leg,BOT_3,RACK_198,1.0,EXIT_28,last_exit_to_return,EXIT_28,return,1269.5,1373.25,78.2,3.0,103.75,,,,,,,,,,,,,,,
1373.25,trip_completed,BOT_3,RACK_198,,,,,,,,,,,,,,,,1.0,1.0,1160.5,1373.25,212.75,156.60000000000002,205.75,1.0,6.0,212.75
1379.25,return_leg,BOT_19,RACK_207,1.0,EXIT_26,last_exit_to_return,EXIT_26,return,1294.0,1379.25,63.39999999999999,3.0,85.24999999999999,,,,,,,,,,,,,,,
1379.25,trip_completed,BOT_19,RACK_207,,,,,,,,,,,,,,,,1.0,1.0,1204.5,1379.25,174.75,126.99999999999999,168.74999999999997,0.0,6.0,174.75
1382.0,travel_leg,BOT_30,RACK_222,1.0,EXIT_28,receiving_to_first_exit,receiving,EXIT_28,1280.0,1382.0,78.4,2.0,102.0,,,,,,,,,,,,,,,
1382.625,return_leg,BOT_2,RACK_200,1.0,EXIT_28,last_exit_to_return,EXIT_28,return,1278.875,1382.625,78.2,3.0,103.75,,,,,,,,,,,,,,,
1382.625,trip_completed,BOT_2,RACK_200,,,,,,,,,,,,,,,,1.0,1.0,1170.875,1382.625,211.75,156.60000000000002,205.75,0.0,6.0,211.75
1385.5,travel_leg,BOT_21,RACK_235,1.0,EXIT_22,receiving_to_first_exit,receiving,EXIT_22,1339.0,1385.5,34.0,2.0,46.5,,,,,,,,,,,,,,,
1387.125,travel_leg,BOT_14,RACK_230,1.0,EXIT_7,receiving_to_first_exit,receiving,EXIT_7,1322.5,1387.125,48.50000000000001,2.0,64.625,,,,,,,,,,,,,,,
1388.0,exit_stop_service,BOT_30,RACK_222,1.0,EXIT_28,,,,,,,,,0.0,1382.0,1388.0,6.0,1.0,,,,,,,,,,
1389.125,return_leg,BOT_4,RACK_173,2.0,EXIT_31,last_exit_to_return,EXIT_31,return,1257.625,1389.125,100.40000000000002,3.0,131.5,,,,,,,,,,,,,,,
1389.125,trip_completed,BOT_4,RACK_173,,,,,,,,,,,,,,,,2.0,2.0,1018.5,1389.125,370.625,272.5,358.625,0.0,12.0,370.625
1389.75,travel_leg,BOT_16,RACK_219,1.0,EXIT_18,receiving_to_first_exit,receiving,EXIT_18,1248.125,1389.75,110.09999999999997,2.0,141.62499999999994,,,,,,,,,,,,,,,
1391.5,exit_stop_service,BOT_21,RACK_235,1.0,EXIT_22,,,,,,,,,0.0,1385.5,1391.5,6.0,1.0,,,,,,,,,,
1393.125,exit_stop_service,BOT_14,RACK_230,1.0,EXIT_7,,,,,,,,,0.0,1387.125,1393.125,6.0,1.0,,,,,,,,,,
1394.25,return_leg,BOT_38,RACK_199,1.0,EXIT_29,last_exit_to_return,EXIT_29,return,1281.25,1394.25,85.60000000000001,3.0,113.0,,,,,,,,,,,,,,,
1394.25,trip_completed,BOT_38,RACK_199,,,,,,,,,,,,,,,,1.0,1.0,1164.0,1394.25,230.25,171.40000000000003,224.25,0.0,6.0,230.25
1394.5,travel_leg,BOT_11,RACK_238,1.0,EXIT_21,receiving_to_first_exit,receiving,EXIT_21,1357.25,1394.5,26.599999999999994,2.0,37.24999999999999,,,,,,,,,,,,,,,
1395.25,return_leg,BOT_32,RACK_202,1.0,EXIT_28,last_exit_to_return,EXIT_28,return,1291.5,1395.25,78.2,3.0,103.75,,,,,,,,,,,,,,,
1395.25,trip_completed,BOT_32,RACK_202,,,,,,,,,,,,,,,,1.0,1.0,1183.5,1395.25,211.75,156.60000000000002,205.75,0.0,6.0,211.75
1395.375,return_leg,BOT_34,RACK_220,1.0,EXIT_24,last_exit_to_return,EXIT_24,return,1328.625,1395.375,48.599999999999994,3.0,66.75,,,,,,,,,,,,,,,
1395.375,trip_completed,BOT_34,RACK_220,,,,,,,,,,,,,,,,1.0,1.0,1257.625,1395.375,137.75,97.39999999999999,131.75,0.0,6.0,137.75
1395.75,exit_stop_service,BOT_16,RACK_219,1.0,EXIT_18,,,,,,,,,0.0,1389.75,1395.75,6.0,1.0,,,,,,,,,,
1400.25,return_leg,BOT_33,RACK_195,1.0,EXIT_30,last_exit_to_return,EXIT_30,return,1278.0,1400.25,93.00000000000001,3.0,122.25000000000001,,,,,,,,,,,,,,,
1400.25,trip_completed,BOT_33,RACK_195,,,,,,,,,,,,,,,,1.0,1.0,1151.5,1400.25,248.75,186.20000000000005,242.75000000000003,0.0,6.0,248.75
1400.5,exit_stop_service,BOT_11,RACK_238,1.0,EXIT_21,,,,,,,,,0.0,1394.5,1400.5,6.0,1.0,,,,,,,,,,
1405.5,travel_leg,BOT_5,RACK_227,1.0,EXIT_28,receiving_to_first_exit,receiving,EXIT_28,1303.5,1405.5,78.4,2.0,102.0,,,,,,,,,,,,,,,
1406.25,travel_leg,BOT_37,RACK_229,1.0,EXIT_27,receiving_to_first_exit,receiving,EXIT_27,1313.5,1406.25,71.0,2.0,92.75,,,,,,,,,,,,,,,
1406.5,return_leg,BOT_22,RACK_205,1.0,EXIT_28,last_exit_to_return,EXIT_28,return,1302.75,1406.5,78.2,3.0,103.75,,,,,,,,,,,,,,,
1406.5,trip_completed,BOT_22,RACK_205,,,,,,,,,,,,,,,,1.0,1.0,1194.75,1406.5,211.75,156.60000000000002,205.75,0.0,6.0,211.75
1406.625,travel_leg,BOT_36,RACK_224,1.0,EXIT_15,receiving_to_first_exit,receiving,EXIT_15,1286.0,1406.625,93.29999999999998,2.0,120.62499999999997,,,,,,,,,,,,,,,
1407.625,travel_leg,BOT_6,RACK_234,1.0,EXIT_8,receiving_to_first_exit,receiving,EXIT_8,1336.0,1407.625,54.10000000000001,2.0,71.625,,,,,,,,,,,,,,,
1411.5,exit_stop_service,BOT_5,RACK_227,1.0,EXIT_28,,,,,,,,,0.0,1405.5,1411.5,6.0,1.0,,,,,,,,,,
1412.25,exit_stop_service,BOT_37,RACK_229,1.0,EXIT_27,,,,,,,,,0.0,1406.25,1412.25,6.0,1.0,,,,,,,,,,
1412.625,exit_stop_service,BOT_36,RACK_224,1.0,EXIT_15,,,,,,,,,0.0,1406.625,1412.625,6.0,1.0,,,,,,,,,,
1413.625,exit_stop_service,BOT_6,RACK_234,1.0,EXIT_8,,,,,,,,,0.0,1407.625,1413.625,6.0,1.0,,,,,,,,,,
1422.625,travel_leg,BOT_31,RACK_223,1.0,EXIT_18,receiving_to_first_exit,receiving,EXIT_18,1281.0,1422.625,110.09999999999997,2.0,141.62499999999994,,,,,,,,,,,,,,,
1423.5,travel_leg,BOT_3,RACK_242,1.0,EXIT_22,receiving_to_first_exit,receiving,EXIT_22,1377.0,1423.5,34.0,2.0,46.5,,,,,,,,,,,,,,,
1424.125,return_leg,BOT_24,RACK_211,1.0,EXIT_12,last_exit_to_return,EXIT_12,return,1319.625,1424.125,78.8,3.0,104.49999999999999,,,,,,,,,,,,,,,
1424.125,trip_completed,BOT_24,RACK_211,,,,,,,,,,,,,,,,1.0,1.0,1214.0,1424.125,210.125,155.3,204.125,0.0,6.0,210.125
1425.625,travel_leg,BOT_7,RACK_232,1.0,EXIT_12,receiving_to_first_exit,receiving,EXIT_12,1326.0,1425.625,76.5,2.0,99.625,,,,,,,,,,,,,,,
1426.5,travel_leg,BOT_10,RACK_231,1.0,EXIT_28,receiving_to_first_exit,receiving,EXIT_28,1324.5,1426.5,78.4,2.0,102.0,,,,,,,,,,,,,,,
1427.75,return_leg,BOT_9,RACK_226,1.0,EXIT_24,last_exit_to_return,EXIT_24,return,1361.0,1427.75,48.599999999999994,3.0,66.75,,,,,,,,,,,,,,,
1427.75,trip_completed,BOT_9,RACK_226,,,,,,,,,,,,,,,,1.0,1.0,1290.0,1427.75,137.75,97.39999999999999,131.75,0.0,6.0,137.75
1428.625,exit_stop_service,BOT_31,RACK_223,1.0,EXIT_18,,,,,,,,,0.0,1422.625,1428.625,6.0,1.0,,,,,,,,,,
1429.5,exit_stop_service,BOT_3,RACK_242,1.0,EXIT_22,,,,,,,,,0.0,1423.5,1429.5,6.0,1.0,,,,,,,,,,
1431.625,exit_stop_service,BOT_7,RACK_232,1.0,EXIT_12,,,,,,,,,0.0,1425.625,1431.625,6.0,1.0,,,,,,,,,,
1432.5,exit_stop_service,BOT_10,RACK_231,1.0,EXIT_28,,,,,,,,,0.0,1426.5,1432.5,6.0,1.0,,,,,,,,,,
1432.625,travel_leg,BOT_13,RACK_225,1.0,EXIT_19,receiving_to_first_exit,receiving,EXIT_19,1284.0,1432.625,115.69999999999996,2.0,148.62499999999994,,,,,,,,,,,,,,,
1434.0,travel_leg,BOT_19,RACK_243,1.0,EXIT_22,receiving_to_first_exit,receiving,EXIT_22,1387.5,1434.0,34.0,2.0,46.5,,,,,,,,,,,,,,,
1436.0,travel_leg,BOT_8,RACK_239,1.0,EXIT_25,receiving_to_first_exit,receiving,EXIT_25,1361.75,1436.0,56.19999999999999,2.0,74.24999999999999,,,,,,,,,,,,,,,
1438.625,exit_stop_service,BOT_13,RACK_225,1.0,EXIT_19,,,,,,,,,0.0,1432.625,1438.625,6.0,1.0,,,,,,,,,,
1438.75,travel_leg,BOT_1,RACK_228,1.0,EXIT_31,receiving_to_first_exit,receiving,EXIT_31,1309.0,1438.75,100.60000000000002,2.0,129.75000000000003,,,,,,,,,,,,,,,
1439.5,return_leg,BOT_11,RACK_238,1.0,EXIT_21,last_exit_to_return,EXIT_21,return,1400.5,1439.5,26.4,3.0,38.99999999999999,,,,,,,,,,,,,,,
1439.5,trip_completed,BOT_11,RACK_238,,,,,,,,,,,,,,,,1.0,1.0,1357.25,1439.5,82.25,52.99999999999999,76.24999999999999,0.0,6.0,82.25
1439.75,return_leg,BOT_21,RACK_235,1.0,EXIT_22,last_exit_to_return,EXIT_22,return,1391.5,1439.75,33.8,3.0,48.24999999999999,,,,,,,,,,,,,,,
1439.75,trip_completed,BOT_21,RACK_235,,,,,,,,,,,,,,,,1.0,1.0,1339.0,1439.75,100.75,67.8,94.75,0.0,6.0,100.75
1440.0,exit_stop_service,BOT_19,RACK_243,1.0,EXIT_22,,,,,,,,,0.0,1434.0,1440.0,6.0,1.0,,,,,,,,,,
1441.875,return_leg,BOT_28,RACK_204,1.0,EXIT_15,last_exit_to_return,EXIT_15,return,1316.375,1441.875,95.59999999999998,3.0,125.49999999999997,,,,,,,,,,,,,,,
1441.875,trip_completed,BOT_28,RACK_204,,,,,,,,,,,,,,,,1.0,1.0,1189.75,1441.875,252.125,188.89999999999998,246.12499999999994,0.0,6.0,252.125
1442.0,exit_stop_service,BOT_8,RACK_239,1.0,EXIT_25,,,,,,,,,0.0,1436.0,1442.0,6.0,1.0,,,,,,,,,,
1442.625,return_leg,BOT_26,RACK_194,1.0,EXIT_18,last_exit_to_return,EXIT_18,return,1296.125,1442.625,112.39999999999996,3.0,146.49999999999994,,,,,,,,,,,,,,,
1442.625,trip_completed,BOT_26,RACK_194,,,,,,,,,,,,,,,,1.0,1.0,1148.5,1442.625,294.125,222.49999999999994,288.1249999999999,0.0,6.0,294.125
1444.75,exit_stop_service,BOT_1,RACK_228,1.0,EXIT_31,,,,,,,,,0.0,1438.75,1444.75,6.0,1.0,,,,,,,,,,
1447.75,return_leg,BOT_29,RACK_212,1.0,EXIT_29,last_exit_to_return,EXIT_29,return,1334.75,1447.75,85.60000000000001,3.0,113.0,,,,,,,,,,,,,,,
1447.75,trip_completed,BOT_29,RACK_212,,,,,,,,,,,,,,,,1.0,1.0,1217.5,1447.75,230.25,171.40000000000003,224.25,0.0,6.0,230.25
1449.25,travel_leg,BOT_23,RACK_241,1.0,EXIT_25,receiving_to_first_exit,receiving,EXIT_25,1375.0,1449.25,56.19999999999999,2.0,74.24999999999999,,,,,,,,,,,,,,,
1455.25,exit_stop_service,BOT_23,RACK_241,1.0,EXIT_25,,,,,,,,,0.0,1449.25,1455.25,6.0,1.0,,,,,,,,,,
1456.0,return_leg,BOT_25,RACK_218,1.0,EXIT_28,last_exit_to_return,EXIT_28,return,1352.25,1456.0,78.2,3.0,103.75,,,,,,,,,,,,,,,
1456.0,trip_completed,BOT_25,RACK_218,,,,,,,,,,,,,,,,1.0,1.0,1244.25,1456.0,211.75,156.60000000000002,205.75,0.0,6.0,211.75
1458.0,travel_leg,BOT_4,RACK_245,1.0,EXIT_24,receiving_to_first_exit,receiving,EXIT_24,1393.0,1458.0,48.8,2.0,65.0,,,,,,,,,,,,,,,
1462.25,travel_leg,BOT_35,RACK_233,1.0,EXIT_31,receiving_to_first_exit,receiving,EXIT_31,1332.5,1462.25,100.60000000000002,2.0,129.75000000000003,,,,,,,,,,,,,,,
1462.625,return_leg,BOT_14,RACK_230,1.0,EXIT_7,last_exit_to_return,EXIT_7,return,1393.125,1462.625,50.800000000000004,3.0,69.5,,,,,,,,,,,,,,,
1462.625,trip_completed,BOT_14,RACK_230,,,,,,,,,,,,,,,,1.0,1.0,1322.5,1462.625,140.125,99.30000000000001,134.125,0.0,6.0,140.125
1464.0,exit_stop_service,BOT_4,RACK_245,1.0,EXIT_24,,,,,,,,,0.0,1458.0,1464.0,6.0,1.0,,,,,,,,,,
1468.0,travel_leg,BOT_34,RACK_248,1.0,EXIT_24,receiving_to_first_exit,receiving,EXIT_24,1403.0,1468.0,48.8,2.0,65.0,,,,,,,,,,,,,,,
1468.25,exit_stop_service,BOT_35,RACK_233,1.0,EXIT_31,,,,,,,,,0.0,1462.25,1468.25,6.0,1.0,,,,,,,,,,
1471.125,return_leg,BOT_27,RACK_208,1.0,EXIT_16,last_exit_to_return,EXIT_16,return,1338.625,1471.125,101.19999999999997,3.0,132.49999999999994,,,,,,,,,,,,,,,
1471.125,trip_completed,BOT_27,RACK_208,,,,,,,,,,,,,,,,1.0,1.0,1205.0,1471.125,266.125,200.09999999999997,260.1249999999999,0.0,6.0,266.125
1474.0,exit_stop_service,BOT_34,RACK_248,1.0,EXIT_24,,,,,,,,,0.0,1468.0,1474.0,6.0,1.0,,,,,,,,,,
1476.375,return_leg,BOT_12,RACK_210,1.0,EXIT_31,last_exit_to_return,EXIT_31,return,1344.875,1476.375,100.40000000000002,3.0,131.5,,,,,,,,,,,,,,,
1476.375,trip_completed,BOT_12,RACK_210,,,,,,,,,,,,,,,,1.0,1.0,1209.125,1476.375,267.25,201.00000000000006,261.25,0.0,6.0,267.25
1476.875,travel_leg,BOT_36,RACK_224,2.0,EXIT_24,between_exits,EXIT_15,EXIT_24,1412.625,1476.875,45.0,4.0,64.25,,,,,,,,,,,,,,,
1477.75,return_leg,BOT_3,RACK_242,1.0,EXIT_22,last_exit_to_return,EXIT_22,return,1429.5,1477.75,33.8,3.0,48.24999999999999,,,,,,,,,,,,,,,
1477.75,trip_completed,BOT_3,RACK_242,,,,,,,,,,,,,,,,1.0,1.0,1377.0,1477.75,100.75,67.8,94.75,0.0,6.0,100.75
1480.125,travel_leg,BOT_20,RACK_236,1.0,EXIT_31,receiving_to_first_exit,receiving,EXIT_31,1350.375,1480.125,100.60000000000002,2.0,129.75000000000003,,,,,,,,,,,,,,,
1481.25,travel_leg,BOT_17,RACK_237,1.0,EXIT_31,receiving_to_first_exit,receiving,EXIT_31,1351.5,1481.25,100.60000000000002,2.0,129.75000000000003,,,,,,,,,,,,,,,
1482.875,exit_stop_service,BOT_36,RACK_224,2.0,EXIT_24,,,,,,,,,0.0,1476.875,1482.875,6.0,1.0,,,,,,,,,,
1486.125,exit_stop_service,BOT_20,RACK_236,1.0,EXIT_31,,,,,,,,,0.0,1480.125,1486.125,6.0,1.0,,,,,,,,,,
1488.25,return_leg,BOT_19,RACK_243,1.0,EXIT_22,last_exit_to_return,EXIT_22,return,1440.0,1488.25,33.8,3.0,48.24999999999999,,,,,,,,,,,,,,,
1488.25,trip_completed,BOT_19,RACK_243,,,,,,,,,,,,,,,,1.0,1.0,1387.5,1488.25,100.75,67.8,94.75,0.0,6.0,100.75
1490.125,travel_leg,BOT_18,RACK_240,1.0,EXIT_15,receiving_to_first_exit,receiving,EXIT_15,1369.5,1490.125,93.29999999999998,2.0,120.62499999999997,,,,,,,,,,,,,,,
1490.125,return_leg,BOT_6,RACK_234,1.0,EXIT_8,last_exit_to_return,EXIT_8,return,1413.625,1490.125,56.400000000000006,3.0,76.5,,,,,,,,,,,,,,,
1490.125,trip_completed,BOT_6,RACK_234,,,,,,,,,,,,,,,,1.0,1.0,1336.0,1490.125,154.125,110.50000000000001,148.125,0.0,6.0,154.125
1491.5,travel_leg,BOT_24,RACK_251,1.0,EXIT_24,receiving_to_first_exit,receiving,EXIT_24,1426.5,1491.5,48.8,2.0,65.0,,,,,,,,,,,,,,,
1491.75,return_leg,BOT_30,RACK_222,1.0,EXIT_28,last_exit_to_return,EXIT_28,return,1388.0,1491.75,78.2,3.0,103.75,,,,,,,,,,,,,,,
1491.75,trip_completed,BOT_30,RACK_222,,,,,,,,,,,,,,,,1.0,1.0,1280.0,1491.75,211.75,156.60000000000002,205.75,0.0,6.0,211.75
1492.125,exit_stop_service,BOT_17,RACK_237,1.0,EXIT_31,,,,,,,,,4.875,1486.125,1492.125,6.0,1.0,,,,,,,,,,
1495.75,travel_leg,BOT_29,RACK_257,1.0,EXIT_21,receiving_to_first_exit,receiving,EXIT_21,1458.5,1495.75,26.599999999999994,2.0,37.24999999999999,,,,,,,,,,,,,,,
1496.125,exit_stop_service,BOT_18,RACK_240,1.0,EXIT_15,,,,,,,,,0.0,1490.125,1496.125,6.0,1.0,,,,,,,,,,
1497.5,exit_stop_service,BOT_24,RACK_251,1.0,EXIT_24,,,,,,,,,0.0,1491.5,1497.5,6.0,1.0,,,,,,,,,,
1497.75,return_leg,BOT_15,RACK_214,1.0,EXIT_31,last_exit_to_return,EXIT_31,return,1366.25,1497.75,100.40000000000002,3.0,131.5,,,,,,,,,,,,,,,
1497.75,trip_completed,BOT_15,RACK_214,,,,,,,,,,,,,,,,1.0,1.0,1230.5,1497.75,267.25,201.00000000000006,261.25,0.0,6.0,267.25
1501.75,exit_stop_service,BOT_29,RACK_257,1.0,EXIT_21,,,,,,,,,0.0,1495.75,1501.75,6.0,1.0,,,,,,,,,,
1506.75,return_leg,BOT_37,RACK_229,1.0,EXIT_27,last_exit_to_return,EXIT_27,return,1412.25,1506.75,70.8,3.0,94.49999999999999,,,,,,,,,,,,,,,
1506.75,trip_completed,BOT_37,RACK_229,,,,,,,,,,,,,,,,1.0,1.0,1313.5,1506.75,193.25,141.8,187.25,0.0,6.0,193.25
1507.0,travel_leg,BOT_25,RACK_258,1.0,EXIT_20,receiving_to_first_exit,receiving,EXIT_20,1479.0,1507.0,19.2,2.0,27.999999999999996,,,,,,,,,,,,,,,
1507.5,travel_leg,BOT_33,RACK_249,1.0,EXIT_28,receiving_to_first_exit,receiving,EXIT_28,1405.5,1507.5,78.4,2.0,102.0,,,,,,,,,,,,,,,
1513.0,exit_stop_service,BOT_25,RACK_258,1.0,EXIT_20,,,,,,,,,0.0,1507.0,1513.0,6.0,1.0,,,,,,,,,,
1513.5,exit_stop_service,BOT_33,RACK_249,1.0,EXIT_28,,,,,,,,,0.0,1507.5,1513.5,6.0,1.0,,,,,,,,,,
1515.25,return_leg,BOT_5,RACK_227,1.0,EXIT_28,last_exit_to_return,EXIT_28,return,1411.5,1515.25,78.2,3.0,103.75,,,,,,,,,,,,,,,
1515.25,trip_completed,BOT_5,RACK_227,,,,,,,,,,,,,,,,1.0,1.0,1303.5,1515.25,211.75,156.60000000000002,205.75,0.0,6.0,211.75
1518.0,return_leg,BOT_8,RACK_239,1.0,EXIT_25,last_exit_to_return,EXIT_25,return,1442.0,1518.0,55.99999999999999,3.0,75.99999999999999,,,,,,,,,,,,,,,
1518.0,trip_completed,BOT_8,RACK_239,,,,,,,,,,,,,,,,1.0,1.0,1361.75,1518.0,156.25,112.19999999999999,150.24999999999997,0.0,6.0,156.25
1518.75,travel_leg,BOT_2,RACK_244,1.0,EXIT_31,receiving_to_first_exit,receiving,EXIT_31,1389.0,1518.75,100.60000000000002,2.0,129.75000000000003,,,,,,,,,,,,,,,
1519.75,travel_leg,BOT_28,RACK_255,1.0,EXIT_25,receiving_to_first_exit,receiving,EXIT_25,1445.5,1519.75,56.19999999999999,2.0,74.24999999999999,,,,,,,,,,,,,,,
1524.75,travel_leg,BOT_38,RACK_246,1.0,EXIT_31,receiving_to_first_exit,receiving,EXIT_31,1395.0,1524.75,100.60000000000002,2.0,129.75000000000003,,,,,,,,,,,,,,,
1524.75,exit_stop_service,BOT_2,RACK_244,1.0,EXIT_31,,,,,,,,,0.0,1518.75,1524.75,6.0,1.0,,,,,,,,,,
1525.375,travel_leg,BOT_21,RACK_254,1.0,EXIT_10,receiving_to_first_exit,receiving,EXIT_10,1439.75,1525.375,65.30000000000001,2.0,85.62500000000001,,,,,,,,,,,,,,,
1525.75,exit_stop_service,BOT_28,RACK_255,1.0,EXIT_25,,,,,,,,,0.0,1519.75,1525.75,6.0,1.0,,,,,,,,,,
1528.75,travel_leg,BOT_26,RACK_256,1.0,EXIT_25,receiving_to_first_exit,receiving,EXIT_25,1454.5,1528.75,56.19999999999999,2.0,74.24999999999999,,,,,,,,,,,,,,,
1530.75,return_leg,BOT_4,RACK_245,1.0,EXIT_24,last_exit_to_return,EXIT_24,return,1464.0,1530.75,48.599999999999994,3.0,66.75,,,,,,,,,,,,,,,
1530.75,exit_stop_service,BOT_38,RACK_246,1.0,EXIT_31,,,,,,,,,0.0,1524.75,1530.75,6.0,1.0,,,,,,,,,,
1530.75,trip_completed,BOT_4,RACK_245,,,,,,,,,,,,,,,,1.0,1.0,1393.0,1530.75,137.75,97.39999999999999,131.75,0.0,6.0,137.75
1531.25,return_leg,BOT_23,RACK_241,1.0,EXIT_25,last_exit_to_return,EXIT_25,return,1455.25,1531.25,55.99999999999999,3.0,75.99999999999999,,,,,,,,,,,,,,,
1531.25,trip_completed,BOT_23,RACK_241,,,,,,,,,,,,,,,,1.0,1.0,1375.0,1531.25,156.25,112.19999999999999,150.24999999999997,0.0,6.0,156.25
1531.375,exit_stop_service,BOT_21,RACK_254,1.0,EXIT_10,,,,,,,,,0.0,1525.375,1531.375,6.0,1.0,,,,,,,,,,
1534.75,exit_stop_service,BOT_26,RACK_256,1.0,EXIT_25,,,,,,,,,0.0,1528.75,1534.75,6.0,1.0,,,,,,,,,,
1536.125,return_leg,BOT_7,RACK_232,1.0,EXIT_12,last_exit_to_return,EXIT_12,return,1431.625,1536.125,78.8,3.0,104.49999999999999,,,,,,,,,,,,,,,
1536.125,trip_completed,BOT_7,RACK_232,,,,,,,,,,,,,,,,1.0,1.0,1326.0,1536.125,210.125,155.3,204.125,0.0,6.0,210.125
1536.25,return_leg,BOT_10,RACK_231,1.0,EXIT_28,last_exit_to_return,EXIT_28,return,1432.5,1536.25,78.2,3.0,103.75,,,,,,,,,,,,,,,
1536.25,trip_completed,BOT_10,RACK_231,,,,,,,,,,,,,,,,1.0,1.0,1324.5,1536.25,211.75,156.60000000000002,205.75,0.0,6.0,211.75
1538.0,travel_leg,BOT_32,RACK_247,1.0,EXIT_32,receiving_to_first_exit,receiving,EXIT_32,1399.0,1538.0,108.00000000000003,2.0,139.00000000000003,,,,,,,,,,,,,,,
1540.75,return_leg,BOT_34,RACK_248,1.0,EXIT_24,last_exit_to_return,EXIT_24,return,1474.0,1540.75,48.599999999999994,3.0,66.75,,,,,,,,,,,,,,,
1540.75,return_leg,BOT_29,RACK_257,1.0,EXIT_21,last_exit_to_return,EXIT_21,return,1501.75,1540.75,26.4,3.0,38.99999999999999,,,,,,,,,,,,,,,
1540.75,trip_completed,BOT_34,RACK_248,,,,,,,,,,,,,,,,1.0,1.0,1403.0,1540.75,137.75,97.39999999999999,131.75,0.0,6.0,137.75
1540.75,trip_completed,BOT_29,RACK_257,,,,,,,,,,,,,,,,1.0,1.0,1458.5,1540.75,82.25,52.99999999999999,76.24999999999999,0.0,6.0,82.25
1542.25,return_leg,BOT_16,RACK_219,1.0,EXIT_18,last_exit_to_return,EXIT_18,return,1395.75,1542.25,112.39999999999996,3.0,146.49999999999994,,,,,,,,,,,,,,,
1542.25,trip_completed,BOT_16,RACK_219,,,,,,,,,,,,,,,,1.0,1.0,1248.125,1542.25,294.125,222.49999999999994,288.1249999999999,0.0,6.0,294.125
1542.75,return_leg,BOT_25,RACK_258,1.0,EXIT_20,last_exit_to_return,EXIT_20,return,1513.0,1542.75,19.0,3.0,29.75,,,,,,,,,,,,,,,
1542.75,trip_completed,BOT_25,RACK_258,,,,,,,,,,,,,,,,1.0,1.0,1479.0,1542.75,63.75,38.2,57.75,0.0,6.0,63.75
1544.0,exit_stop_service,BOT_32,RACK_247,1.0,EXIT_32,,,,,,,,,0.0,1538.0,1544.0,6.0,1.0,,,,,,,,,,
1547.625,travel_leg,BOT_22,RACK_250,1.0,EXIT_17,receiving_to_first_exit,receiving,EXIT_17,1413.0,1547.625,104.49999999999997,2.0,134.62499999999994,,,,,,,,,,,,,,,
1549.625,return_leg,BOT_36,RACK_224,2.0,EXIT_24,last_exit_to_return,EXIT_24,return,1482.875,1549.625,48.599999999999994,3.0,66.75,,,,,,,,,,,,,,,
1549.625,trip_completed,BOT_36,RACK_224,,,,,,,,,,,,,,,,2.0,2.0,1286.0,1549.625,263.625,186.89999999999998,251.62499999999997,0.0,12.0,263.625
1553.125,travel_leg,BOT_11,RACK_253,1.0,EXIT_14,receiving_to_first_exit,receiving,EXIT_14,1439.5,1553.125,87.69999999999999,2.0,113.62499999999999,,,,,,,,,,,,,,,
1553.625,exit_stop_service,BOT_22,RACK_250,1.0,EXIT_17,,,,,,,,,0.0,1547.625,1553.625,6.0,1.0,,,,,,,,,,
1557.5,travel_leg,BOT_9,RACK_252,1.0,EXIT_31,receiving_to_first_exit,receiving,EXIT_31,1427.75,1557.5,100.60000000000002,2.0,129.75000000000003,,,,,,,,,,,,,,,
1559.125,exit_stop_service,BOT_11,RACK_253,1.0,EXIT_14,,,,,,,,,0.0,1553.125,1559.125,6.0,1.0,,,,,,,,,,
1561.0,travel_leg,BOT_15,RACK_266,1.0,EXIT_22,receiving_to_first_exit,receiving,EXIT_22,1514.5,1561.0,34.0,2.0,46.5,,,,,,,,,,,,,,,
1563.5,exit_stop_service,BOT_9,RACK_252,1.0,EXIT_31,,,,,,,,,0.0,1557.5,1563.5,6.0,1.0,,,,,,,,,,
1564.25,return_leg,BOT_24,RACK_251,1.0,EXIT_24,last_exit_to_return,EXIT_24,return,1497.5,1564.25,48.599999999999994,3.0,66.75,,,,,,,,,,,,,,,
1564.25,trip_completed,BOT_24,RACK_251,,,,,,,,,,,,,,,,1.0,1.0,1426.5,1564.25,137.75,97.39999999999999,131.75,0.0,6.0,137.75
1565.5,travel_leg,BOT_12,RACK_261,1.0,EXIT_24,receiving_to_first_exit,receiving,EXIT_24,1500.5,1565.5,48.8,2.0,65.0,,,,,,,,,,,,,,,
1567.0,exit_stop_service,BOT_15,RACK_266,1.0,EXIT_22,,,,,,,,,0.0,1561.0,1567.0,6.0,1.0,,,,,,,,,,
1571.5,exit_stop_service,BOT_12,RACK_261,1.0,EXIT_24,,,,,,,,,0.0,1565.5,1571.5,6.0,1.0,,,,,,,,,,
1572.125,travel_leg,BOT_5,RACK_268,1.0,EXIT_4,receiving_to_first_exit,receiving,EXIT_4,1528.5,1572.125,31.700000000000003,2.0,43.625,,,,,,,,,,,,,,,
1575.125,return_leg,BOT_31,RACK_223,1.0,EXIT_18,last_exit_to_return,EXIT_18,return,1428.625,1575.125,112.39999999999996,3.0,146.49999999999994,,,,,,,,,,,,,,,
1575.125,trip_completed,BOT_31,RACK_223,,,,,,,,,,,,,,,,1.0,1.0,1281.0,1575.125,294.125,222.49999999999994,288.1249999999999,0.0,6.0,294.125
1576.25,return_leg,BOT_1,RACK_228,1.0,EXIT_31,last_exit_to_return,EXIT_31,return,1444.75,1576.25,100.40000000000002,3.0,131.5,,,,,,,,,,,,,,,
1576.25,trip_completed,BOT_1,RACK_228,,,,,,,,,,,,,,,,1.0,1.0,1309.0,1576.25,267.25,201.00000000000006,261.25,0.0,6.0,267.25
1578.125,exit_stop_service,BOT_5,RACK_268,1.0,EXIT_4,,,,,,,,,0.0,1572.125,1578.125,6.0,1.0,,,,,,,,,,
1581.125,travel_leg,BOT_23,RACK_271,1.0,EXIT_3,receiving_to_first_exit,receiving,EXIT_3,1544.5,1581.125,26.1,2.0,36.625,,,,,,,,,,,,,,,
1587.125,exit_stop_service,BOT_23,RACK_271,1.0,EXIT_3,,,,,,,,,0.0,1581.125,1587.125,6.0,1.0,,,,,,,,,,
1589.5,travel_leg,BOT_19,RACK_263,1.0,EXIT_26,receiving_to_first_exit,receiving,EXIT_26,1506.0,1589.5,63.599999999999994,2.0,83.49999999999999,,,,,,,,,,,,,,,
1592.125,return_leg,BOT_13,RACK_225,1.0,EXIT_19,last_exit_to_return,EXIT_19,return,1438.625,1592.125,117.99999999999996,3.0,153.49999999999994,,,,,,,,,,,,,,,
1592.125,trip_completed,BOT_13,RACK_225,,,,,,,,,,,,,,,,1.0,1.0,1284.0,1592.125,308.125,233.69999999999993,302.1249999999999,0.0,6.0,308.125
1595.0,travel_leg,BOT_30,RACK_265,1.0,EXIT_26,receiving_to_first_exit,receiving,EXIT_26,1511.5,1595.0,63.599999999999994,2.0,83.49999999999999,,,,,,,,,,,,,,,
1595.5,exit_stop_service,BOT_19,RACK_263,1.0,EXIT_26,,,,,,,,,0.0,1589.5,1595.5,6.0,1.0,,,,,,,,,,
1599.75,return_leg,BOT_35,RACK_233,1.0,EXIT_31,last_exit_to_return,EXIT_31,return,1468.25,1599.75,100.40000000000002,3.0,131.5,,,,,,,,,,,,,,,
1599.75,trip_completed,BOT_35,RACK_233,,,,,,,,,,,,,,,,1.0,1.0,1332.5,1599.75,267.25,201.00000000000006,261.25,0.0,6.0,267.25
1601.5,exit_stop_service,BOT_30,RACK_265,1.0,EXIT_26,,,,,,,,,0.5,1595.5,1601.5,6.0,1.0,,,,,,,,,,
1601.75,return_leg,BOT_28,RACK_255,1.0,EXIT_25,last_exit_to_return,EXIT_25,return,1525.75,1601.75,55.99999999999999,3.0,75.99999999999999,,,,,,,,,,,,,,,
1601.75,trip_completed,BOT_28,RACK_255,,,,,,,,,,,,,,,,1.0,1.0,1445.5,1601.75,156.25,112.19999999999999,150.24999999999997,0.0,6.0,156.25
1603.75,travel_leg,BOT_27,RACK_260,1.0,EXIT_29,receiving_to_first_exit,receiving,EXIT_29,1492.5,1603.75,85.80000000000001,2.0,111.25000000000001,,,,,,,,,,,,,,,
1604.5,travel_leg,BOT_37,RACK_267,1.0,EXIT_26,receiving_to_first_exit,receiving,EXIT_26,1521.0,1604.5,63.599999999999994,2.0,83.49999999999999,,,,,,,,,,,,,,,
1609.75,exit_stop_service,BOT_27,RACK_260,1.0,EXIT_29,,,,,,,,,0.0,1603.75,1609.75,6.0,1.0,,,,,,,,,,
1610.5,exit_stop_service,BOT_37,RACK_267,1.0,EXIT_26,,,,,,,,,0.0,1604.5,1610.5,6.0,1.0,,,,,,,,,,
1610.75,return_leg,BOT_26,RACK_256,1.0,EXIT_25,last_exit_to_return,EXIT_25,return,1534.75,1610.75,55.99999999999999,3.0,75.99999999999999,,,,,,,,,,,,,,,
1610.75,trip_completed,BOT_26,RACK_256,,,,,,,,,,,,,,,,1.0,1.0,1454.5,1610.75,156.25,112.19999999999999,150.24999999999997,0.0,6.0,156.25
1611.25,travel_leg,BOT_14,RACK_259,1.0,EXIT_31,receiving_to_first_exit,receiving,EXIT_31,1481.5,1611.25,100.60000000000002,2.0,129.75000000000003,,,,,,,,,,,,,,,
1615.25,travel_leg,BOT_3,RACK_262,1.0,EXIT_29,receiving_to_first_exit,receiving,EXIT_29,1504.0,1615.25,85.80000000000001,2.0,111.25000000000001,,,,,,,,,,,,,,,
1615.25,return_leg,BOT_15,RACK_266,1.0,EXIT_22,last_exit_to_return,EXIT_22,return,1567.0,1615.25,33.8,3.0,48.24999999999999,,,,,,,,,,,,,,,
1615.25,trip_completed,BOT_15,RACK_266,,,,,,,,,,,,,,,,1.0,1.0,1514.5,1615.25,100.75,67.8,94.75,0.0,6.0,100.75
1616.125,travel_leg,BOT_6,RACK_264,1.0,EXIT_13,receiving_to_first_exit,receiving,EXIT_13,1509.5,1616.125,82.1,2.0,106.62499999999999,,,,,,,,,,,,,,,
1617.25,return_leg,BOT_33,RACK_249,1.0,EXIT_28,last_exit_to_return,EXIT_28,return,1513.5,1617.25,78.2,3.0,103.75,,,,,,,,,,,,,,,
1617.25,exit_stop_service,BOT_14,RACK_259,1.0,EXIT_31,,,,,,,,,0.0,1611.25,1617.25,6.0,1.0,,,,,,,,,,
1617.25,trip_completed,BOT_33,RACK_249,,,,,,,,,,,,,,,,1.0,1.0,1405.5,1617.25,211.75,156.60000000000002,205.75,0.0,6.0,211.75
1617.625,return_leg,BOT_20,RACK_236,1.0,EXIT_31,last_exit_to_return,EXIT_31,return,1486.125,1617.625,100.40000000000002,3.0,131.5,,,,,,,,,,,,,,,
1617.625,trip_completed,BOT_20,RACK_236,,,,,,,,,,,,,,,,1.0,1.0,1350.375,1617.625,267.25,201.00000000000006,261.25,0.0,6.0,267.25
1620.5,travel_leg,BOT_36,RACK_278,1.0,EXIT_22,receiving_to_first_exit,receiving,EXIT_22,1574.0,1620.5,34.0,2.0,46.5,,,,,,,,,,,,,,,
1621.25,exit_stop_service,BOT_3,RACK_262,1.0,EXIT_29,,,,,,,,,0.0,1615.25,1621.25,6.0,1.0,,,,,,,,,,
1621.625,return_leg,BOT_18,RACK_240,1.0,EXIT_15,last_exit_to_return,EXIT_15,return,1496.125,1621.625,95.59999999999998,3.0,125.49999999999997,,,,,,,,,,,,,,,
1621.625,trip_completed,BOT_18,RACK_240,,,,,,,,,,,,,,,,1.0,1.0,1369.5,1621.625,252.125,188.89999999999998,246.12499999999994,0.0,6.0,252.125
1621.875,return_leg,BOT_21,RACK_254,1.0,EXIT_10,last_exit_to_return,EXIT_10,return,1531.375,1621.875,67.60000000000001,3.0,90.5,,,,,,,,,,,,,,,
1621.875,trip_completed,BOT_21,RACK_254,,,,,,,,,,,,,,,,1.0,1.0,1439.75,1621.875,182.125,132.90000000000003,176.125,0.0,6.0,182.125
1622.125,exit_stop_service,BOT_6,RACK_264,1.0,EXIT_13,,,,,,,,,0.0,1616.125,1622.125,6.0,1.0,,,,,,,,,,
1623.5,travel_leg,BOT_34,RACK_274,1.0,EXIT_24,receiving_to_first_exit,receiving,EXIT_24,1558.5,1623.5,48.8,2.0,65.0,,,,,,,,,,,,,,,
1623.625,return_leg,BOT_17,RACK_237,1.0,EXIT_31,last_exit_to_return,EXIT_31,return,1492.125,1623.625,100.40000000000002,3.0,131.5,,,,,,,,,,,,,,,
1623.625,trip_completed,BOT_17,RACK_237,,,,,,,,,,,,,,,,1.0,1.0,1351.5,1623.625,272.125,201.00000000000006,261.25,4.875,6.0,272.125
1626.5,exit_stop_service,BOT_36,RACK_278,1.0,EXIT_22,,,,,,,,,0.0,1620.5,1626.5,6.0,1.0,,,,,,,,,,
1626.625,return_leg,BOT_5,RACK_268,1.0,EXIT_4,last_exit_to_return,EXIT_4,return,1578.125,1626.625,34.0,3.0,48.5,,,,,,,,,,,,,,,
1626.625,trip_completed,BOT_5,RACK_268,,,,,,,,,,,,,,,,1.0,1.0,1528.5,1626.625,98.125,65.7,92.125,0.0,6.0,98.125
1628.625,return_leg,BOT_23,RACK_271,1.0,EXIT_3,last_exit_to_return,EXIT_3,return,1587.125,1628.625,28.4,3.0,41.49999999999999,,,,,,,,,,,,,,,
1628.625,trip_completed,BOT_23,RACK_271,,,,,,,,,,,,,,,,1.0,1.0,1544.5,1628.625,84.125,54.5,78.125,0.0,6.0,84.125
1629.5,exit_stop_service,BOT_34,RACK_274,1.0,EXIT_24,,,,,,,,,0.0,1623.5,1629.5,6.0,1.0,,,,,,,,,,
1633.75,travel_leg,BOT_29,RACK_275,1.0,EXIT_25,receiving_to_first_exit,receiving,EXIT_25,1559.5,1633.75,56.19999999999999,2.0,74.24999999999999,,,,,,,,,,,,,,,
1635.5,travel_leg,BOT_10,RACK_273,1.0,EXIT_26,receiving_to_first_exit,receiving,EXIT_26,1552.0,1635.5,63.599999999999994,2.0,83.49999999999999,,,,,,,,,,,,,,,
1638.25,return_leg,BOT_12,RACK_261,1.0,EXIT_24,last_exit_to_return,EXIT_24,return,1571.5,1638.25,48.599999999999994,3.0,66.75,,,,,,,,,,,,,,,
1638.25,trip_completed,BOT_12,RACK_261,,,,,,,,,,,,,,,,1.0,1.0,1500.5,1638.25,137.75,97.39999999999999,131.75,0.0,6.0,137.75
1639.75,exit_stop_service,BOT_29,RACK_275,1.0,EXIT_25,,,,,,,,,0.0,1633.75,1639.75,6.0,1.0,,,,,,,,,,
1641.5,exit_stop_service,BOT_10,RACK_273,1.0,EXIT_26,,,,,,,,,0.0,1635.5,1641.5,6.0,1.0,,,,,,,,,,
1646.25,travel_leg,BOT_8,RACK_269,1.0,EXIT_29,receiving_to_first_exit,receiving,EXIT_29,1535.0,1646.25,85.80000000000001,2.0,111.25000000000001,,,,,,,,,,,,,,,
1651.75,travel_leg,BOT_4,RACK_270,1.0,EXIT_29,receiving_to_first_exit,receiving,EXIT_29,1540.5,1651.75,85.80000000000001,2.0,111.25000000000001,,,,,,,,,,,,,,,
1652.25,exit_stop_service,BOT_8,RACK_269,1.0,EXIT_29,,,,,,,,,0.0,1646.25,1652.25,6.0,1.0,,,,,,,,,,
1656.25,return_leg,BOT_2,RACK_244,1.0,EXIT_31,last_exit_to_return,EXIT_31,return,1524.75,1656.25,100.40000000000002,3.0,131.5,,,,,,,,,,,,,,,
1656.25,trip_completed,BOT_2,RACK_244,,,,,,,,,,,,,,,,1.0,1.0,1389.0,1656.25,267.25,201.00000000000006,261.25,0.0,6.0,267.25
1656.5,travel_leg,BOT_18,RACK_289,1.0,EXIT_20,receiving_to_first_exit,receiving,EXIT_20,1628.5,1656.5,19.2,2.0,27.999999999999996,,,,,,,,,,,,,,,
1658.25,exit_stop_service,BOT_4,RACK_270,1.0,EXIT_29,,,,,,,,,0.5,1652.25,1658.25,6.0,1.0,,,,,,,,,,
1660.25,travel_leg,BOT_7,RACK_272,1.0,EXIT_29,receiving_to_first_exit,receiving,EXIT_29,1549.0,1660.25,85.80000000000001,2.0,111.25000000000001,,,,,,,,,,,,,,,
1662.25,return_leg,BOT_38,RACK_246,1.0,EXIT_31,last_exit_to_return,EXIT_31,return,1530.75,1662.25,100.40000000000002,3.0,131.5,,,,,,,,,,,,,,,
1662.25,trip_completed,BOT_38,RACK_246,,,,,,,,,,,,,,,,1.0,1.0,1395.0,1662.25,267.25,201.00000000000006,261.25,0.0,6.0,267.25
1662.5,exit_stop_service,BOT_18,RACK_289,1.0,EXIT_20,,,,,,,,,0.0,1656.5,1662.5,6.0,1.0,,,,,,,,,,
1663.5,travel_leg,BOT_16,RACK_276,1.0,EXIT_28,receiving_to_first_exit,receiving,EXIT_28,1561.5,1663.5,78.4,2.0,102.0,,,,,,,,,,,,,,,
1666.25,exit_stop_service,BOT_7,RACK_272,1.0,EXIT_29,,,,,,,,,0.0,1660.25,1666.25,6.0,1.0,,,,,,,,,,
1667.5,travel_leg,BOT_23,RACK_293,1.0,EXIT_20,receiving_to_first_exit,receiving,EXIT_20,1639.5,1667.5,19.2,2.0,27.999999999999996,,,,,,,,,,,,,,,
1669.5,exit_stop_service,BOT_16,RACK_276,1.0,EXIT_28,,,,,,,,,0.0,1663.5,1669.5,6.0,1.0,,,,,,,,,,
1673.5,exit_stop_service,BOT_23,RACK_293,1.0,EXIT_20,,,,,,,,,0.0,1667.5,1673.5,6.0,1.0,,,,,,,,,,
1674.75,travel_leg,BOT_31,RACK_280,1.0,EXIT_27,receiving_to_first_exit,receiving,EXIT_27,1582.0,1674.75,71.0,2.0,92.75,,,,,,,,,,,,,,,
1674.75,return_leg,BOT_36,RACK_278,1.0,EXIT_22,last_exit_to_return,EXIT_22,return,1626.5,1674.75,33.8,3.0,48.24999999999999,,,,,,,,,,,,,,,
1674.75,trip_completed,BOT_36,RACK_278,,,,,,,,,,,,,,,,1.0,1.0,1574.0,1674.75,100.75,67.8,94.75,0.0,6.0,100.75
1677.625,return_leg,BOT_11,RACK_253,1.0,EXIT_14,last_exit_to_return,EXIT_14,return,1559.125,1677.625,89.99999999999999,3.0,118.49999999999997,,,,,,,,,,,,,,,
1677.625,trip_completed,BOT_11,RACK_253,,,,,,,,,,,,,,,,1.0,1.0,1439.5,1677.625,238.125,177.7,232.12499999999994,0.0,6.0,238.125
1680.75,return_leg,BOT_19,RACK_263,1.0,EXIT_26,last_exit_to_return,EXIT_26,return,1595.5,1680.75,63.39999999999999,3.0,85.24999999999999,,,,,,,,,,,,,,,
1680.75,exit_stop_service,BOT_31,RACK_280,1.0,EXIT_27,,,,,,,,,0.0,1674.75,1680.75,6.0,1.0,,,,,,,,,,
1680.75,trip_completed,BOT_19,RACK_263,,,,,,,,,,,,,,,,1.0,1.0,1506.0,1680.75,174.75,126.99999999999999,168.74999999999997,0.0,6.0,174.75
1682.75,travel_leg,BOT_25,RACK_277,1.0,EXIT_29,receiving_to_first_exit,receiving,EXIT_29,1571.5,1682.75,85.80000000000001,2.0,111.25000000000001,,,,,,,,,,,,,,,
1684.75,return_leg,BOT_32,RACK_247,1.0,EXIT_32,last_exit_to_return,EXIT_32,return,1544.0,1684.75,107.80000000000003,3.0,140.75000000000003,,,,,,,,,,,,,,,
1684.75,trip_completed,BOT_32,RACK_247,,,,,,,,,,,,,,,,1.0,1.0,1399.0,1684.75,285.75,215.80000000000007,279.75000000000006,0.0,6.0,285.75
1686.75,return_leg,BOT_30,RACK_265,1.0,EXIT_26,last_exit_to_return,EXIT_26,return,1601.5,1686.75,63.39999999999999,3.0,85.24999999999999,,,,,,,,,,,,,,,
1686.75,trip_completed,BOT_30,RACK_265,,,,,,,,,,,,,,,,1.0,1.0,1511.5,1686.75,175.25,126.99999999999999,168.74999999999997,0.5,6.0,175.25
1688.75,exit_stop_service,BOT_25,RACK_277,1.0,EXIT_29,,,,,,,,,0.0,1682.75,1688.75,6.0,1.0,,,,,,,,,,
1692.25,return_leg,BOT_18,RACK_289,1.0,EXIT_20,last_exit_to_return,EXIT_20,return,1662.5,1692.25,19.0,3.0,29.75,,,,,,,,,,,,,,,
1692.25,trip_completed,BOT_18,RACK_289,,,,,,,,,,,,,,,,1.0,1.0,1628.5,1692.25,63.75,38.2,57.75,0.0,6.0,63.75
1692.75,travel_leg,BOT_24,RACK_279,1.0,EXIT_29,receiving_to_first_exit,receiving,EXIT_29,1581.5,1692.75,85.80000000000001,2.0,111.25000000000001,,,,,,,,,,,,,,,
1693.125,return_leg,BOT_22,RACK_250,1.0,EXIT_17,last_exit_to_return,EXIT_17,return,1553.625,1693.125,106.79999999999997,3.0,139.49999999999994,,,,,,,,,,,,,,,
1693.125,trip_completed,BOT_22,RACK_250,,,,,,,,,,,,,,,,1.0,1.0,1413.0,1693.125,280.125,211.29999999999995,274.1249999999999,0.0,6.0,280.125
1695.0,return_leg,BOT_9,RACK_252,1.0,EXIT_31,last_exit_to_return,EXIT_31,return,1563.5,1695.0,100.40000000000002,3.0,131.5,,,,,,,,,,,,,,,
1695.0,trip_completed,BOT_9,RACK_252,,,,,,,,,,,,,,,,1.0,1.0,1427.75,1695.0,267.25,201.00000000000006,261.25,0.0,6.0,267.25
1695.75,return_leg,BOT_37,RACK_267,1.0,EXIT_26,last_exit_to_return,EXIT_26,return,1610.5,1695.75,63.39999999999999,3.0,85.24999999999999,,,,,,,,,,,,,,,
1695.75,trip_completed,BOT_37,RACK_267,,,,,,,,,,,,,,,,1.0,1.0,1521.0,1695.75,174.75,126.99999999999999,168.74999999999997,0.0,6.0,174.75
1696.25,return_leg,BOT_34,RACK_274,1.0,EXIT_24,last_exit_to_return,EXIT_24,return,1629.5,1696.25,48.599999999999994,3.0,66.75,,,,,,,,,,,,,,,
1696.25,trip_completed,BOT_34,RACK_274,,,,,,,,,,,,,,,,1.0,1.0,1558.5,1696.25,137.75,97.39999999999999,131.75,0.0,6.0,137.75
1698.75,exit_stop_service,BOT_24,RACK_279,1.0,EXIT_29,,,,,,,,,0.0,1692.75,1698.75,6.0,1.0,,,,,,,,,,
1703.25,return_leg,BOT_23,RACK_293,1.0,EXIT_20,last_exit_to_return,EXIT_20,return,1673.5,1703.25,19.0,3.0,29.75,,,,,,,,,,,,,,,
1703.25,trip_completed,BOT_23,RACK_293,,,,,,,,,,,,,,,,1.0,1.0,1639.5,1703.25,63.75,38.2,57.75,0.0,6.0,63.75
1704.75,travel_leg,BOT_38,RACK_296,1.0,EXIT_21,receiving_to_first_exit,receiving,EXIT_21,1667.5,1704.75,26.599999999999994,2.0,37.24999999999999,,,,,,,,,,,,,,,
1705.5,travel_leg,BOT_12,RACK_294,1.0,EXIT_24,receiving_to_first_exit,receiving,EXIT_24,1640.5,1705.5,48.8,2.0,65.0,,,,,,,,,,,,,,,
1706.25,travel_leg,BOT_13,RACK_282,1.0,EXIT_27,receiving_to_first_exit,receiving,EXIT_27,1613.5,1706.25,71.0,2.0,92.75,,,,,,,,,,,,,,,
1710.75,exit_stop_service,BOT_38,RACK_296,1.0,EXIT_21,,,,,,,,,0.0,1704.75,1710.75,6.0,1.0,,,,,,,,,,
1711.5,exit_stop_service,BOT_12,RACK_294,1.0,EXIT_24,,,,,,,,,0.0,1705.5,1711.5,6.0,1.0,,,,,,,,,,
1712.0,travel_leg,BOT_36,RACK_297,1.0,EXIT_21,receiving_to_first_exit,receiving,EXIT_21,1674.75,1712.0,26.599999999999994,2.0,37.24999999999999,,,,,,,,,,,,,,,
1712.25,exit_stop_service,BOT_13,RACK_282,1.0,EXIT_27,,,,,,,,,0.0,1706.25,1712.25,6.0,1.0,,,,,,,,,,
1714.5,travel_leg,BOT_1,RACK_281,1.0,EXIT_28,receiving_to_first_exit,receiving,EXIT_28,1612.5,1714.5,78.4,2.0,102.0,,,,,,,,,,,,,,,
1715.75,return_leg,BOT_29,RACK_275,1.0,EXIT_25,last_exit_to_return,EXIT_25,return,1639.75,1715.75,55.99999999999999,3.0,75.99999999999999,,,,,,,,,,,,,,,
1715.75,trip_completed,BOT_29,RACK_275,,,,,,,,,,,,,,,,1.0,1.0,1559.5,1715.75,156.25,112.19999999999999,150.24999999999997,0.0,6.0,156.25
1718.0,exit_stop_service,BOT_36,RACK_297,1.0,EXIT_21,,,,,,,,,0.0,1712.0,1718.0,6.0,1.0,,,,,,,,,,
1718.5,travel_leg,BOT_28,RACK_284,1.0,EXIT_28,receiving_to_first_exit,receiving,EXIT_28,1616.5,1718.5,78.4,2.0,102.0,,,,,,,,,,,,,,,
1720.5,exit_stop_service,BOT_1,RACK_281,1.0,EXIT_28,,,,,,,,,0.0,1714.5,1720.5,6.0,1.0,,,,,,,,,,
1722.75,return_leg,BOT_27,RACK_260,1.0,EXIT_29,last_exit_to_return,EXIT_29,return,1609.75,1722.75,85.60000000000001,3.0,113.0,,,,,,,,,,,,,,,
1722.75,trip_completed,BOT_27,RACK_260,,,,,,,,,,,,,,,,1.0,1.0,1492.5,1722.75,230.25,171.40000000000003,224.25,0.0,6.0,230.25
1726.5,exit_stop_service,BOT_28,RACK_284,1.0,EXIT_28,,,,,,,,,2.0,1720.5,1726.5,6.0,1.0,,,,,,,,,,
1726.75,return_leg,BOT_10,RACK_273,1.0,EXIT_26,last_exit_to_return,EXIT_26,return,1641.5,1726.75,63.39999999999999,3.0,85.24999999999999,,,,,,,,,,,,,,,
1726.75,trip_completed,BOT_10,RACK_273,,,,,,,,,,,,,,,,1.0,1.0,1552.0,1726.75,174.75,126.99999999999999,168.74999999999997,0.0,6.0,174.75
1727.125,travel_leg,BOT_26,RACK_285,1.0,EXIT_13,receiving_to_first_exit,receiving,EXIT_13,1620.5,1727.125,82.1,2.0,106.62499999999999,,,,,,,,,,,,,,,
1727.75,travel_leg,BOT_35,RACK_283,1.0,EXIT_29,receiving_to_first_exit,receiving,EXIT_29,1616.5,1727.75,85.80000000000001,2.0,111.25000000000001,,,,,,,,,,,,,,,
1729.25,travel_leg,BOT_5,RACK_292,1.0,EXIT_27,receiving_to_first_exit,receiving,EXIT_27,1636.5,1729.25,71.0,2.0,92.75,,,,,,,,,,,,,,,
1733.125,exit_stop_service,BOT_26,RACK_285,1.0,EXIT_13,,,,,,,,,0.0,1727.125,1733.125,6.0,1.0,,,,,,,,,,
1733.625,return_leg,BOT_6,RACK_264,1.0,EXIT_13,last_exit_to_return,EXIT_13,return,1622.125,1733.625,84.39999999999999,3.0,111.49999999999999,,,,,,,,,,,,,,,
1733.625,trip_completed,BOT_6,RACK_264,,,,,,,,,,,,,,,,1.0,1.0,1509.5,1733.625,224.125,166.5,218.12499999999997,0.0,6.0,224.125
1733.75,exit_stop_service,BOT_35,RACK_283,1.0,EXIT_29,,,,,,,,,0.0,1727.75,1733.75,6.0,1.0,,,,,,,,,,
1734.25,return_leg,BOT_3,RACK_262,1.0,EXIT_29,last_exit_to_return,EXIT_29,return,1621.25,1734.25,85.60000000000001,3.0,113.0,,,,,,,,,,,,,,,
1734.25,trip_completed,BOT_3,RACK_262,,,,,,,,,,,,,,,,1.0,1.0,1504.0,1734.25,230.25,171.40000000000003,224.25,0.0,6.0,230.25
1734.75,travel_leg,BOT_15,RACK_286,1.0,EXIT_29,receiving_to_first_exit,receiving,EXIT_29,1623.5,1734.75,85.80000000000001,2.0,111.25000000000001,,,,,,,,,,,,,,,
1735.25,exit_stop_service,BOT_5,RACK_292,1.0,EXIT_27,,,,,,,,,0.0,1729.25,1735.25,6.0,1.0,,,,,,,,,,
1735.75,travel_leg,BOT_33,RACK_287,1.0,EXIT_29,receiving_to_first_exit,receiving,EXIT_29,1624.5,1735.75,85.80000000000001,2.0,111.25000000000001,,,,,,,,,,,,,,,
1739.75,travel_leg,BOT_2,RACK_295,1.0,EXIT_26,receiving_to_first_exit,receiving,EXIT_26,1656.25,1739.75,63.599999999999994,2.0,83.49999999999999,,,,,,,,,,,,,,,
1740.75,exit_stop_service,BOT_15,RACK_286,1.0,EXIT_29,,,,,,,,,0.0,1734.75,1740.75,6.0,1.0,,,,,,,,,,
1742.75,travel_leg,BOT_21,RACK_290,1.0,EXIT_29,receiving_to_first_exit,receiving,EXIT_29,1631.5,1742.75,85.80000000000001,2.0,111.25000000000001,,,,,,,,,,,,,,,
1745.5,travel_leg,BOT_20,RACK_288,1.0,EXIT_30,receiving_to_first_exit,receiving,EXIT_30,1625.0,1745.5,93.20000000000002,2.0,120.50000000000001,,,,,,,,,,,,,,,
1745.75,exit_stop_service,BOT_2,RACK_295,1.0,EXIT_26,,,,,,,,,0.0,1739.75,1745.75,6.0,1.0,,,,,,,,,,
1746.75,exit_stop_service,BOT_33,RACK_287,1.0,EXIT_29,,,,,,,,,5.0,1740.75,1746.75,6.0,1.0,,,,,,,,,,
1748.125,travel_leg,BOT_17,RACK_291,1.0,EXIT_14,receiving_to_first_exit,receiving,EXIT_14,1634.5,1748.125,87.69999999999999,2.0,113.62499999999999,,,,,,,,,,,,,,,
1748.75,return_leg,BOT_14,RACK_259,1.0,EXIT_31,last_exit_to_return,EXIT_31,return,1617.25,1748.75,100.40000000000002,3.0,131.5,,,,,,,,,,,,,,,
1748.75,trip_completed,BOT_14,RACK_259,,,,,,,,,,,,,,,,1.0,1.0,1481.5,1748.75,267.25,201.00000000000006,261.25,0.0,6.0,267.25
1749.75,return_leg,BOT_38,RACK_296,1.0,EXIT_21,last_exit_to_return,EXIT_21,return,1710.75,1749.75,26.4,3.0,38.99999999999999,,,,,,,,,,,,,,,
1749.75,trip_completed,BOT_38,RACK_296,,,,,,,,,,,,,,,,1.0,1.0,1667.5,1749.75,82.25,52.99999999999999,76.24999999999999,0.0,6.0,82.25
1751.5,exit_stop_service,BOT_20,RACK_288,1.0,EXIT_30,,,,,,,,,0.0,1745.5,1751.5,6.0,1.0,,,,,,,,,,
1752.75,exit_stop_service,BOT_21,RACK_290,1.0,EXIT_29,,,,,,,,,4.0,1746.75,1752.75,6.0,1.0,,,,,,,,,,
1754.125,exit_stop_service,BOT_17,RACK_291,1.0,EXIT_14,,,,,,,,,0.0,1748.125,1754.125,6.0,1.0,,,,,,,,,,
1755.0,travel_leg,BOT_9,RACK_304,1.0,EXIT_22,receiving_to_first_exit,receiving,EXIT_22,1708.5,1755.0,34.0,2.0,46.5,,,,,,,,,,,,,,,
1757.0,return_leg,BOT_36,RACK_297,1.0,EXIT_21,last_exit_to_return,EXIT_21,return,1718.0,1757.0,26.4,3.0,38.99999999999999,,,,,,,,,,,,,,,
1757.0,trip_completed,BOT_36,RACK_297,,,,,,,,,,,,,,,,1.0,1.0,1674.75,1757.0,82.25,52.99999999999999,76.24999999999999,0.0,6.0,82.25
1758.25,travel_leg,BOT_19,RACK_299,1.0,EXIT_25,receiving_to_first_exit,receiving,EXIT_25,1684.0,1758.25,56.19999999999999,2.0,74.24999999999999,,,,,,,,,,,,,,,
1761.0,exit_stop_service,BOT_9,RACK_304,1.0,EXIT_22,,,,,,,,,0.0,1755.0,1761.0,6.0,1.0,,,,,,,,,,
1764.25,exit_stop_service,BOT_19,RACK_299,1.0,EXIT_25,,,,,,,,,0.0,1758.25,1764.25,6.0,1.0,,,,,,,,,,
1765.25,return_leg,BOT_8,RACK_269,1.0,EXIT_29,last_exit_to_return,EXIT_29,return,1652.25,1765.25,85.60000000000001,3.0,113.0,,,,,,,,,,,,,,,
1765.25,trip_completed,BOT_8,RACK_269,,,,,,,,,,,,,,,,1.0,1.0,1535.0,1765.25,230.25,171.40000000000003,224.25,0.0,6.0,230.25
1771.25,return_leg,BOT_4,RACK_270,1.0,EXIT_29,last_exit_to_return,EXIT_29,return,1658.25,1771.25,85.60000000000001,3.0,113.0,,,,,,,,,,,,,,,
1771.25,trip_completed,BOT_4,RACK_270,,,,,,,,,,,,,,,,1.0,1.0,1540.5,1771.25,230.75,171.40000000000003,224.25,0.5,6.0,230.75
1773.25,return_leg,BOT_16,RACK_276,1.0,EXIT_28,last_exit_to_return,EXIT_28,return,1669.5,1773.25,78.2,3.0,103.75,,,,,,,,,,,,,,,
1773.25,trip_completed,BOT_16,RACK_276,,,,,,,,,,,,,,,,1.0,1.0,1561.5,1773.25,211.75,156.60000000000002,205.75,0.0,6.0,211.75
1775.25,return_leg,BOT_31,RACK_280,1.0,EXIT_27,last_exit_to_return,EXIT_27,return,1680.75,1775.25,70.8,3.0,94.49999999999999,,,,,,,,,,,,,,,
1775.25,trip_completed,BOT_31,RACK_280,,,,,,,,,,,,,,,,1.0,1.0,1582.0,1775.25,193.25,141.8,187.25,0.0,6.0,193.25
1778.25,return_leg,BOT_12,RACK_294,1.0,EXIT_24,last_exit_to_return,EXIT_24,return,1711.5,1778.25,48.599999999999994,3.0,66.75,,,,,,,,,,,,,,,
1778.25,trip_completed,BOT_12,RACK_294,,,,,,,,,,,,,,,,1.0,1.0,1640.5,1778.25,137.75,97.39999999999999,131.75,0.0,6.0,137.75
1779.25,return_leg,BOT_7,RACK_272,1.0,EXIT_29,last_exit_to_return,EXIT_29,return,1666.25,1779.25,85.60000000000001,3.0,113.0,,,,,,,,,,,,,,,
1779.25,trip_completed,BOT_7,RACK_272,,,,,,,,,,,,,,,,1.0,1.0,1549.0,1779.25,230.25,171.40000000000003,224.25,0.0,6.0,230.25
1780.75,travel_leg,BOT_30,RACK_301,1.0,EXIT_27,receiving_to_first_exit,receiving,EXIT_27,1688.0,1780.75,71.0,2.0,92.75,,,,,,,,,,,,,,,
1781.0,travel_leg,BOT_11,RACK_298,1.0,EXIT_28,receiving_to_first_exit,receiving,EXIT_28,1679.0,1781.0,78.4,2.0,102.0,,,,,,,,,,,,,,,
1786.75,exit_stop_service,BOT_30,RACK_301,1.0,EXIT_27,,,,,,,,,0.0,1780.75,1786.75,6.0,1.0,,,,,,,,,,
1787.0,exit_stop_service,BOT_11,RACK_298,1.0,EXIT_28,,,,,,,,,0.0,1781.0,1787.0,6.0,1.0,,,,,,,,,,
1796.0,travel_leg,BOT_18,RACK_302,1.0,EXIT_28,receiving_to_first_exit,receiving,EXIT_28,1694.0,1796.0,78.4,2.0,102.0,,,,,,,,,,,,,,,
1796.25,travel_leg,BOT_22,RACK_303,1.0,EXIT_27,receiving_to_first_exit,receiving,EXIT_27,1703.5,1796.25,71.0,2.0,92.75,,,,,,,,,,,,,,,
1796.75,travel_leg,BOT_32,RACK_300,1.0,EXIT_29,receiving_to_first_exit,receiving,EXIT_29,1685.5,1796.75,85.80000000000001,2.0,111.25000000000001,,,,,,,,,,,,,,,
1799.5,travel_leg,BOT_23,RACK_307,1.0,EXIT_26,receiving_to_first_exit,receiving,EXIT_26,1716.0,1799.5,63.599999999999994,2.0,83.49999999999999,,,,,,,,,,,,,,,
1801.75,return_leg,BOT_25,RACK_277,1.0,EXIT_29,last_exit_to_return,EXIT_29,return,1688.75,1801.75,85.60000000000001,3.0,113.0,,,,,,,,,,,,,,,
1801.75,trip_completed,BOT_25,RACK_277,,,,,,,,,,,,,,,,1.0,1.0,1571.5,1801.75,230.25,171.40000000000003,224.25,0.0,6.0,230.25
1802.0,exit_stop_service,BOT_18,RACK_302,1.0,EXIT_28,,,,,,,,,0.0,1796.0,1802.0,6.0,1.0,,,,,,,,,,
1802.25,exit_stop_service,BOT_22,RACK_303,1.0,EXIT_27,,,,,,,,,0.0,1796.25,1802.25,6.0,1.0,,,,,,,,,,
1802.75,exit_stop_service,BOT_32,RACK_300,1.0,EXIT_29,,,,,,,,,0.0,1796.75,1802.75,6.0,1.0,,,,,,,,,,
1805.5,exit_stop_service,BOT_23,RACK_307,1.0,EXIT_26,,,,,,,,,0.0,1799.5,1805.5,6.0,1.0,,,,,,,,,,
1806.75,return_leg,BOT_13,RACK_282,1.0,EXIT_27,last_exit_to_return,EXIT_27,return,1712.25,1806.75,70.8,3.0,94.49999999999999,,,,,,,,,,,,,,,
1806.75,trip_completed,BOT_13,RACK_282,,,,,,,,,,,,,,,,1.0,1.0,1613.5,1806.75,193.25,141.8,187.25,0.0,6.0,193.25
1809.25,return_leg,BOT_9,RACK_304,1.0,EXIT_22,last_exit_to_return,EXIT_22,return,1761.0,1809.25,33.8,3.0,48.24999999999999,,,,,,,,,,,,,,,
1809.25,trip_completed,BOT_9,RACK_304,,,,,,,,,,,,,,,,1.0,1.0,1708.5,1809.25,100.75,67.8,94.75,0.0,6.0,100.75
1811.75,return_leg,BOT_24,RACK_279,1.0,EXIT_29,last_exit_to_return,EXIT_29,return,1698.75,1811.75,85.60000000000001,3.0,113.0,,,,,,,,,,,,,,,
1811.75,trip_completed,BOT_24,RACK_279,,,,,,,,,,,,,,,,1.0,1.0,1581.5,1811.75,230.25,171.40000000000003,224.25,0.0,6.0,230.25
1815.0,travel_leg,BOT_37,RACK_305,1.0,EXIT_28,receiving_to_first_exit,receiving,EXIT_28,1713.0,1815.0,78.4,2.0,102.0,,,,,,,,,,,,,,,
1817.0,travel_leg,BOT_34,RACK_306,1.0,EXIT_28,receiving_to_first_exit,receiving,EXIT_28,1715.0,1817.0,78.4,2.0,102.0,,,,,,,,,,,,,,,
1821.0,exit_stop_service,BOT_37,RACK_305,1.0,EXIT_28,,,,,,,,,0.0,1815.0,1821.0,6.0,1.0,,,,,,,,,,
1824.25,return_leg,BOT_1,RACK_281,1.0,EXIT_28,last_exit_to_return,EXIT_28,return,1720.5,1824.25,78.2,3.0,103.75,,,,,,,,,,,,,,,
1824.25,trip_completed,BOT_1,RACK_281,,,,,,,,,,,,,,,,1.0,1.0,1612.5,1824.25,211.75,156.60000000000002,205.75,0.0,6.0,211.75
1827.0,exit_stop_service,BOT_34,RACK_306,1.0,EXIT_28,,,,,,,,,4.0,1821.0,1827.0,6.0,1.0,,,,,,,,,,
1829.75,return_leg,BOT_5,RACK_292,1.0,EXIT_27,last_exit_to_return,EXIT_27,return,1735.25,1829.75,70.8,3.0,94.49999999999999,,,,,,,,,,,,,,,
1829.75,trip_completed,BOT_5,RACK_292,,,,,,,,,,,,,,,,1.0,1.0,1636.5,1829.75,193.25,141.8,187.25,0.0,6.0,193.25
1830.25,return_leg,BOT_28,RACK_284,1.0,EXIT_28,last_exit_to_return,EXIT_28,return,1726.5,1830.25,78.2,3.0,103.75,,,,,,,,,,,,,,,
1830.25,trip_completed,BOT_28,RACK_284,,,,,,,,,,,,,,,,1.0,1.0,1616.5,1830.25,213.75,156.60000000000002,205.75,2.0,6.0,213.75
1831.0,return_leg,BOT_2,RACK_295,1.0,EXIT_26,last_exit_to_return,EXIT_26,return,1745.75,1831.0,63.39999999999999,3.0,85.24999999999999,,,,,,,,,,,,,,,
1831.0,trip_completed,BOT_2,RACK_295,,,,,,,,,,,,,,,,1.0,1.0,1656.25,1831.0,174.75,126.99999999999999,168.74999999999997,0.0,6.0,174.75
1832.0,travel_leg,BOT_10,RACK_310,1.0,EXIT_28,receiving_to_first_exit,receiving,EXIT_28,1730.0,1832.0,78.4,2.0,102.0,,,,,,,,,,,,,,,
1834.0,travel_leg,BOT_27,RACK_309,1.0,EXIT_29,receiving_to_first_exit,receiving,EXIT_29,1722.75,1834.0,85.80000000000001,2.0,111.25000000000001,,,,,,,,,,,,,,,
1838.0,exit_stop_service,BOT_10,RACK_310,1.0,EXIT_28,,,,,,,,,0.0,1832.0,1838.0,6.0,1.0,,,,,,,,,,
1839.5,travel_leg,BOT_36,RACK_315,1.0,EXIT_24,receiving_to_first_exit,receiving,EXIT_24,1774.5,1839.5,48.8,2.0,65.0,,,,,,,,,,,,,,,
1840.0,travel_leg,BOT_29,RACK_308,1.0,EXIT_30,receiving_to_first_exit,receiving,EXIT_30,1719.5,1840.0,93.20000000000002,2.0,120.50000000000001,,,,,,,,,,,,,,,
1840.0,exit_stop_service,BOT_27,RACK_309,1.0,EXIT_29,,,,,,,,,0.0,1834.0,1840.0,6.0,1.0,,,,,,,,,,
1840.25,return_leg,BOT_19,RACK_299,1.0,EXIT_25,last_exit_to_return,EXIT_25,return,1764.25,1840.25,55.99999999999999,3.0,75.99999999999999,,,,,,,,,,,,,,,
1840.25,trip_completed,BOT_19,RACK_299,,,,,,,,,,,,,,,,1.0,1.0,1684.0,1840.25,156.25,112.19999999999999,150.24999999999997,0.0,6.0,156.25
1844.625,return_leg,BOT_26,RACK_285,1.0,EXIT_13,last_exit_to_return,EXIT_13,return,1733.125,1844.625,84.39999999999999,3.0,111.49999999999999,,,,,,,,,,,,,,,
1844.625,trip_completed,BOT_26,RACK_285,,,,,,,,,,,,,,,,1.0,1.0,1620.5,1844.625,224.125,166.5,218.12499999999997,0.0,6.0,224.125
1845.5,exit_stop_service,BOT_36,RACK_315,1.0,EXIT_24,,,,,,,,,0.0,1839.5,1845.5,6.0,1.0,,,,,,,,,,
1846.0,exit_stop_service,BOT_29,RACK_308,1.0,EXIT_30,,,,,,,,,0.0,1840.0,1846.0,6.0,1.0,,,,,,,,,,
1846.75,return_leg,BOT_35,RACK_283,1.0,EXIT_29,last_exit_to_return,EXIT_29,return,1733.75,1846.75,85.60000000000001,3.0,113.0,,,,,,,,,,,,,,,
1846.75,trip_completed,BOT_35,RACK_283,,,,,,,,,,,,,,,,1.0,1.0,1616.5,1846.75,230.25,171.40000000000003,224.25,0.0,6.0,230.25
1853.75,return_leg,BOT_15,RACK_286,1.0,EXIT_29,last_exit_to_return,EXIT_29,return,1740.75,1853.75,85.60000000000001,3.0,113.0,,,,,,,,,,,,,,,
1853.75,trip_completed,BOT_15,RACK_286,,,,,,,,,,,,,,,,1.0,1.0,1623.5,1853.75,230.25,171.40000000000003,224.25,0.0,6.0,230.25
1859.25,travel_leg,BOT_3,RACK_312,1.0,EXIT_29,receiving_to_first_exit,receiving,EXIT_29,1748.0,1859.25,85.80000000000001,2.0,111.25000000000001,,,,,,,,,,,,,,,
1859.75,return_leg,BOT_33,RACK_287,1.0,EXIT_29,last_exit_to_return,EXIT_29,return,1746.75,1859.75,85.60000000000001,3.0,113.0,,,,,,,,,,,,,,,
1859.75,trip_completed,BOT_33,RACK_287,,,,,,,,,,,,,,,,1.0,1.0,1624.5,1859.75,235.25,171.40000000000003,224.25,5.0,6.0,235.25
1863.375,travel_leg,BOT_6,RACK_311,1.0,EXIT_31,receiving_to_first_exit,receiving,EXIT_31,1733.625,1863.375,100.60000000000002,2.0,129.75000000000003,,,,,,,,,,,,,,,
1864.0,travel_leg,BOT_8,RACK_316,1.0,EXIT_26,receiving_to_first_exit,receiving,EXIT_26,1780.5,1864.0,63.599999999999994,2.0,83.49999999999999,,,,,,,,,,,,,,,
1865.25,exit_stop_service,BOT_3,RACK_312,1.0,EXIT_29,,,,,,,,,0.0,1859.25,1865.25,6.0,1.0,,,,,,,,,,
1865.75,return_leg,BOT_21,RACK_290,1.0,EXIT_29,last_exit_to_return,EXIT_29,return,1752.75,1865.75,85.60000000000001,3.0,113.0,,,,,,,,,,,,,,,
1865.75,trip_completed,BOT_21,RACK_290,,,,,,,,,,,,,,,,1.0,1.0,1631.5,1865.75,234.25,171.40000000000003,224.25,4.0,6.0,234.25
1869.375,exit_stop_service,BOT_6,RACK_311,1.0,EXIT_31,,,,,,,,,0.0,1863.375,1869.375,6.0,1.0,,,,,,,,,,
1870.0,exit_stop_service,BOT_8,RACK_316,1.0,EXIT_26,,,,,,,,,0.0,1864.0,1870.0,6.0,1.0,,,,,,,,,,
1872.625,return_leg,BOT_17,RACK_291,1.0,EXIT_14,last_exit_to_return,EXIT_14,return,1754.125,1872.625,89.99999999999999,3.0,118.49999999999997,,,,,,,,,,,,,,,
1872.625,trip_completed,BOT_17,RACK_291,,,,,,,,,,,,,,,,1.0,1.0,1634.5,1872.625,238.125,177.7,232.12499999999994,0.0,6.0,238.125
1873.75,return_leg,BOT_20,RACK_288,1.0,EXIT_30,last_exit_to_return,EXIT_30,return,1751.5,1873.75,93.00000000000001,3.0,122.25000000000001,,,,,,,,,,,,,,,
1873.75,trip_completed,BOT_20,RACK_288,,,,,,,,,,,,,,,,1.0,1.0,1625.0,1873.75,248.75,186.20000000000005,242.75000000000003,0.0,6.0,248.75
1881.25,return_leg,BOT_30,RACK_301,1.0,EXIT_27,last_exit_to_return,EXIT_27,return,1786.75,1881.25,70.8,3.0,94.49999999999999,,,,,,,,,,,,,,,
1881.25,trip_completed,BOT_30,RACK_301,,,,,,,,,,,,,,,,1.0,1.0,1688.0,1881.25,193.25,141.8,187.25,0.0,6.0,193.25
1881.75,travel_leg,BOT_38,RACK_314,1.0,EXIT_29,receiving_to_first_exit,receiving,EXIT_29,1770.5,1881.75,85.80000000000001,2.0,111.25000000000001,,,,,,,,,,,,,,,
1887.625,travel_leg,BOT_4,RACK_317,1.0,EXIT_11,receiving_to_first_exit,receiving,EXIT_11,1795.0,1887.625,70.9,2.0,92.625,,,,,,,,,,,,,,,
1887.75,exit_stop_service,BOT_38,RACK_314,1.0,EXIT_29,,,,,,,,,0.0,1881.75,1887.75,6.0,1.0,,,,,,,,,,
1890.75,return_leg,BOT_11,RACK_298,1.0,EXIT_28,last_exit_to_return,EXIT_28,return,1787.0,1890.75,78.2,3.0,103.75,,,,,,,,,,,,,,,
1890.75,return_leg,BOT_23,RACK_307,1.0,EXIT_26,last_exit_to_return,EXIT_26,return,1805.5,1890.75,63.39999999999999,3.0,85.24999999999999,,,,,,,,,,,,,,,
1890.75,trip_completed,BOT_11,RACK_298,,,,,,,,,,,,,,,,1.0,1.0,1679.0,1890.75,211.75,156.60000000000002,205.75,0.0,6.0,211.75
1890.75,trip_completed,BOT_23,RACK_307,,,,,,,,,,,,,,,,1.0,1.0,1716.0,1890.75,174.75,126.99999999999999,168.74999999999997,0.0,6.0,174.75
1893.625,exit_stop_service,BOT_4,RACK_317,1.0,EXIT_11,,,,,,,,,0.0,1887.625,1893.625,6.0,1.0,,,,,,,,,,
1895.75,travel_leg,BOT_25,RACK_322,1.0,EXIT_25,receiving_to_first_exit,receiving,EXIT_25,1821.5,1895.75,56.19999999999999,2.0,74.24999999999999,,,,,,,,,,,,,,,
1896.75,return_leg,BOT_22,RACK_303,1.0,EXIT_27,last_exit_to_return,EXIT_27,return,1802.25,1896.75,70.8,3.0,94.49999999999999,,,,,,,,,,,,,,,
1896.75,trip_completed,BOT_22,RACK_303,,,,,,,,,,,,,,,,1.0,1.0,1703.5,1896.75,193.25,141.8,187.25,0.0,6.0,193.25
1898.25,travel_leg,BOT_14,RACK_313,1.0,EXIT_31,receiving_to_first_exit,receiving,EXIT_31,1768.5,1898.25,100.60000000000002,2.0,129.75000000000003,,,,,,,,,,,,,,,
1901.75,exit_stop_service,BOT_25,RACK_322,1.0,EXIT_25,,,,,,,,,0.0,1895.75,1901.75,6.0,1.0,,,,,,,,,,
1904.25,exit_stop_service,BOT_14,RACK_313,1.0,EXIT_31,,,,,,,,,0.0,1898.25,1904.25,6.0,1.0,,,,,,,,,,
1905.75,return_leg,BOT_18,RACK_302,1.0,EXIT_28,last_exit_to_return,EXIT_28,return,1802.0,1905.75,78.2,3.0,103.75,,,,,,,,,,,,,,,
1905.75,trip_completed,BOT_18,RACK_302,,,,,,,,,,,,,,,,1.0,1.0,1694.0,1905.75,211.75,156.60000000000002,205.75,0.0,6.0,211.75
1912.25,return_leg,BOT_36,RACK_315,1.0,EXIT_24,last_exit_to_return,EXIT_24,return,1845.5,1912.25,48.599999999999994,3.0,66.75,,,,,,,,,,,,,,,
1912.25,trip_completed,BOT_36,RACK_315,,,,,,,,,,,,,,,,1.0,1.0,1774.5,1912.25,137.75,97.39999999999999,131.75,0.0,6.0,137.75
1914.5,travel_leg,BOT_28,RACK_328,1.0,EXIT_24,receiving_to_first_exit,receiving,EXIT_24,1849.5,1914.5,48.8,2.0,65.0,,,,,,,,,,,,,,,
1915.75,return_leg,BOT_32,RACK_300,1.0,EXIT_29,last_exit_to_return,EXIT_29,return,1802.75,1915.75,85.60000000000001,3.0,113.0,,,,,,,,,,,,,,,
1915.75,trip_completed,BOT_32,RACK_300,,,,,,,,,,,,,,,,1.0,1.0,1685.5,1915.75,230.25,171.40000000000003,224.25,0.0,6.0,230.25
1916.0,travel_leg,BOT_16,RACK_318,1.0,EXIT_30,receiving_to_first_exit,receiving,EXIT_30,1795.5,1916.0,93.20000000000002,2.0,120.50000000000001,,,,,,,,,,,,,,,
1917.5,travel_leg,BOT_33,RACK_334,1.0,EXIT_20,receiving_to_first_exit,receiving,EXIT_20,1889.5,1917.5,19.2,2.0,27.999999999999996,,,,,,,,,,,,,,,
1919.625,travel_leg,BOT_7,RACK_321,1.0,EXIT_12,receiving_to_first_exit,receiving,EXIT_12,1820.0,1919.625,76.5,2.0,99.625,,,,,,,,,,,,,,,
1920.5,exit_stop_service,BOT_28,RACK_328,1.0,EXIT_24,,,,,,,,,0.0,1914.5,1920.5,6.0,1.0,,,,,,,,,,
1922.0,exit_stop_service,BOT_16,RACK_318,1.0,EXIT_30,,,,,,,,,0.0,1916.0,1922.0,6.0,1.0,,,,,,,,,,
1923.5,exit_stop_service,BOT_33,RACK_334,1.0,EXIT_20,,,,,,,,,0.0,1917.5,1923.5,6.0,1.0,,,,,,,,,,
1924.75,return_leg,BOT_37,RACK_305,1.0,EXIT_28,last_exit_to_return,EXIT_28,return,1821.0,1924.75,78.2,3.0,103.75,,,,,,,,,,,,,,,
1924.75,trip_completed,BOT_37,RACK_305,,,,,,,,,,,,,,,,1.0,1.0,1713.0,1924.75,211.75,156.60000000000002,205.75,0.0,6.0,211.75
1925.625,exit_stop_service,BOT_7,RACK_321,1.0,EXIT_12,,,,,,,,,0.0,1919.625,1925.625,6.0,1.0,,,,,,,,,,
1930.0,travel_leg,BOT_11,RACK_339,1.0,EXIT_20,receiving_to_first_exit,receiving,EXIT_20,1902.0,1930.0,19.2,2.0,27.999999999999996,,,,,,,,,,,,,,,
1930.75,return_leg,BOT_34,RACK_306,1.0,EXIT_28,last_exit_to_return,EXIT_28,return,1827.0,1930.75,78.2,3.0,103.75,,,,,,,,,,,,,,,
1930.75,trip_completed,BOT_34,RACK_306,,,,,,,,,,,,,,,,1.0,1.0,1715.0,1930.75,215.75,156.60000000000002,205.75,4.0,6.0,215.75
1932.625,travel_leg,BOT_13,RACK_323,1.0,EXIT_12,receiving_to_first_exit,receiving,EXIT_12,1833.0,1932.625,76.5,2.0,99.625,,,,,,,,,,,,,,,
1933.125,travel_leg,BOT_23,RACK_340,1.0,EXIT_2,receiving_to_first_exit,receiving,EXIT_2,1903.5,1933.125,20.5,2.0,29.625,,,,,,,,,,,,,,,
1936.0,exit_stop_service,BOT_11,RACK_339,1.0,EXIT_20,,,,,,,,,0.0,1930.0,1936.0,6.0,1.0,,,,,,,,,,
1937.125,travel_leg,BOT_1,RACK_326,1.0,EXIT_11,receiving_to_first_exit,receiving,EXIT_11,1844.5,1937.125,70.9,2.0,92.625,,,,,,,,,,,,,,,
1937.5,travel_leg,BOT_12,RACK_320,1.0,EXIT_30,receiving_to_first_exit,receiving,EXIT_30,1817.0,1937.5,93.20000000000002,2.0,120.50000000000001,,,,,,,,,,,,,,,
1938.625,exit_stop_service,BOT_13,RACK_323,1.0,EXIT_12,,,,,,,,,0.0,1932.625,1938.625,6.0,1.0,,,,,,,,,,
1939.125,exit_stop_service,BOT_23,RACK_340,1.0,EXIT_2,,,,,,,,,0.0,1933.125,1939.125,6.0,1.0,,,,,,,,,,
1939.5,travel_leg,BOT_22,RACK_341,1.0,EXIT_20,receiving_to_first_exit,receiving,EXIT_20,1911.5,1939.5,19.2,2.0,27.999999999999996,,,,,,,,,,,,,,,
1941.0,travel_leg,BOT_9,RACK_324,1.0,EXIT_28,receiving_to_first_exit,receiving,EXIT_28,1839.0,1941.0,78.4,2.0,102.0,,,,,,,,,,,,,,,
1941.0,travel_leg,BOT_35,RACK_332,1.0,EXIT_24,receiving_to_first_exit,receiving,EXIT_24,1876.0,1941.0,48.8,2.0,65.0,,,,,,,,,,,,,,,
1941.75,return_leg,BOT_10,RACK_310,1.0,EXIT_28,last_exit_to_return,EXIT_28,return,1838.0,1941.75,78.2,3.0,103.75,,,,,,,,,,,,,,,
1941.75,trip_completed,BOT_10,RACK_310,,,,,,,,,,,,,,,,1.0,1.0,1730.0,1941.75,211.75,156.60000000000002,205.75,0.0,6.0,211.75
1943.125,exit_stop_service,BOT_1,RACK_326,1.0,EXIT_11,,,,,,,,,0.0,1937.125,1943.125,6.0,1.0,,,,,,,,,,
1943.5,travel_leg,BOT_24,RACK_325,1.0,EXIT_28,receiving_to_first_exit,receiving,EXIT_28,1841.5,1943.5,78.4,2.0,102.0,,,,,,,,,,,,,,,
1943.5,exit_stop_service,BOT_12,RACK_320,1.0,EXIT_30,,,,,,,,,0.0,1937.5,1943.5,6.0,1.0,,,,,,,,,,
1945.5,exit_stop_service,BOT_22,RACK_341,1.0,EXIT_20,,,,,,,,,0.0,1939.5,1945.5,6.0,1.0,,,,,,,,,,
1947.0,exit_stop_service,BOT_9,RACK_324,1.0,EXIT_28,,,,,,,,,0.0,1941.0,1947.0,6.0,1.0,,,,,,,,,,
1947.0,exit_stop_service,BOT_35,RACK_332,1.0,EXIT_24,,,,,,,,,0.0,1941.0,1947.0,6.0,1.0,,,,,,,,,,
1949.625,travel_leg,BOT_31,RACK_319,1.0,EXIT_18,receiving_to_first_exit,receiving,EXIT_18,1808.0,1949.625,110.09999999999997,2.0,141.62499999999994,,,,,,,,,,,,,,,
1951.625,travel_leg,BOT_21,RACK_335,1.0,EXIT_6,receiving_to_first_exit,receiving,EXIT_6,1894.0,1951.625,42.900000000000006,2.0,57.62500000000001,,,,,,,,,,,,,,,
1952.125,travel_leg,BOT_2,RACK_329,1.0,EXIT_11,receiving_to_first_exit,receiving,EXIT_11,1859.5,1952.125,70.9,2.0,92.625,,,,,,,,,,,,,,,
1953.0,return_leg,BOT_27,RACK_309,1.0,EXIT_29,last_exit_to_return,EXIT_29,return,1840.0,1953.0,85.60000000000001,3.0,113.0,,,,,,,,,,,,,,,
1953.0,exit_stop_service,BOT_24,RACK_325,1.0,EXIT_28,,,,,,,,,3.5,1947.0,1953.0,6.0,1.0,,,,,,,,,,
1953.0,trip_completed,BOT_27,RACK_309,,,,,,,,,,,,,,,,1.0,1.0,1722.75,1953.0,230.25,171.40000000000003,224.25,0.0,6.0,230.25
1953.25,return_leg,BOT_33,RACK_334,1.0,EXIT_20,last_exit_to_return,EXIT_20,return,1923.5,1953.25,19.0,3.0,29.75,,,,,,,,,,,,,,,
1953.25,trip_completed,BOT_33,RACK_334,,,,,,,,,,,,,,,,1.0,1.0,1889.5,1953.25,63.75,38.2,57.75,0.0,6.0,63.75
1955.25,return_leg,BOT_8,RACK_316,1.0,EXIT_26,last_exit_to_return,EXIT_26,return,1870.0,1955.25,63.39999999999999,3.0,85.24999999999999,,,,,,,,,,,,,,,
1955.25,trip_completed,BOT_8,RACK_316,,,,,,,,,,,,,,,,1.0,1.0,1780.5,1955.25,174.75,126.99999999999999,168.74999999999997,0.0,6.0,174.75
1955.625,exit_stop_service,BOT_31,RACK_319,1.0,EXIT_18,,,,,,,,,0.0,1949.625,1955.625,6.0,1.0,,,,,,,,,,
1957.625,exit_stop_service,BOT_21,RACK_335,1.0,EXIT_6,,,,,,,,,0.0,1951.625,1957.625,6.0,1.0,,,,,,,,,,
1958.125,exit_stop_service,BOT_2,RACK_329,1.0,EXIT_11,,,,,,,,,0.0,1952.125,1958.125,6.0,1.0,,,,,,,,,,
1963.125,travel_leg,BOT_18,RACK_342,1.0,EXIT_5,receiving_to_first_exit,receiving,EXIT_5,1912.5,1963.125,37.300000000000004,2.0,50.625,,,,,,,,,,,,,,,
1965.75,return_leg,BOT_11,RACK_339,1.0,EXIT_20,last_exit_to_return,EXIT_20,return,1936.0,1965.75,19.0,3.0,29.75,,,,,,,,,,,,,,,
1965.75,trip_completed,BOT_11,RACK_339,,,,,,,,,,,,,,,,1.0,1.0,1902.0,1965.75,63.75,38.2,57.75,0.0,6.0,63.75
1968.25,return_leg,BOT_29,RACK_308,1.0,EXIT_30,last_exit_to_return,EXIT_30,return,1846.0,1968.25,93.00000000000001,3.0,122.25000000000001,,,,,,,,,,,,,,,
1968.25,trip_completed,BOT_29,RACK_308,,,,,,,,,,,,,,,,1.0,1.0,1719.5,1968.25,248.75,186.20000000000005,242.75000000000003,0.0,6.0,248.75
1969.125,exit_stop_service,BOT_18,RACK_342,1.0,EXIT_5,,,,,,,,,0.0,1963.125,1969.125,6.0,1.0,,,,,,,,,,
1973.625,return_leg,BOT_23,RACK_340,1.0,EXIT_2,last_exit_to_return,EXIT_2,return,1939.125,1973.625,22.799999999999997,3.0,34.5,,,,,,,,,,,,,,,
1973.625,trip_completed,BOT_23,RACK_340,,,,,,,,,,,,,,,,1.0,1.0,1903.5,1973.625,70.125,43.3,64.125,0.0,6.0,70.125
1974.25,travel_leg,BOT_15,RACK_333,1.0,EXIT_27,receiving_to_first_exit,receiving,EXIT_27,1881.5,1974.25,71.0,2.0,92.75,,,,,,,,,,,,,,,
1975.25,return_leg,BOT_22,RACK_341,1.0,EXIT_20,last_exit_to_return,EXIT_20,return,1945.5,1975.25,19.0,3.0,29.75,,,,,,,,,,,,,,,
1975.25,trip_completed,BOT_22,RACK_341,,,,,,,,,,,,,,,,1.0,1.0,1911.5,1975.25,63.75,38.2,57.75,0.0,6.0,63.75
1976.75,travel_leg,BOT_5,RACK_327,1.0,EXIT_31,receiving_to_first_exit,receiving,EXIT_31,1847.0,1976.75,100.60000000000002,2.0,129.75000000000003,,,,,,,,,,,,,,,
1977.75,return_leg,BOT_25,RACK_322,1.0,EXIT_25,last_exit_to_return,EXIT_25,return,1901.75,1977.75,55.99999999999999,3.0,75.99999999999999,,,,,,,,,,,,,,,
1977.75,trip_completed,BOT_25,RACK_322,,,,,,,,,,,,,,,,1.0,1.0,1821.5,1977.75,156.25,112.19999999999999,150.24999999999997,0.0,6.0,156.25
1978.25,return_leg,BOT_3,RACK_312,1.0,EXIT_29,last_exit_to_return,EXIT_29,return,1865.25,1978.25,85.60000000000001,3.0,113.0,,,,,,,,,,,,,,,
1978.25,trip_completed,BOT_3,RACK_312,,,,,,,,,,,,,,,,1.0,1.0,1748.0,1978.25,230.25,171.40000000000003,224.25,0.0,6.0,230.25
1980.25,exit_stop_service,BOT_15,RACK_333,1.0,EXIT_27,,,,,,,,,0.0,1974.25,1980.25,6.0,1.0,,,,,,,,,,
1982.75,exit_stop_service,BOT_5,RACK_327,1.0,EXIT_31,,,,,,,,,0.0,1976.75,1982.75,6.0,1.0,,,,,,,,,,
1987.125,travel_leg,BOT_26,RACK_331,1.0,EXIT_15,receiving_to_first_exit,receiving,EXIT_15,1866.5,1987.125,93.29999999999998,2.0,120.62499999999997,,,,,,,,,,,,,,,
1987.25,return_leg,BOT_28,RACK_328,1.0,EXIT_24,last_exit_to_return,EXIT_24,return,1920.5,1987.25,48.599999999999994,3.0,66.75,,,,,,,,,,,,,,,
1987.25,trip_completed,BOT_28,RACK_328,,,,,,,,,,,,,,,,1.0,1.0,1849.5,1987.25,137.75,97.39999999999999,131.75,0.0,6.0,137.75
1991.125,return_leg,BOT_4,RACK_317,1.0,EXIT_11,last_exit_to_return,EXIT_11,return,1893.625,1991.125,73.2,3.0,97.5,,,,,,,,,,,,,,,
1991.125,trip_completed,BOT_4,RACK_317,,,,,,,,,,,,,,,,1.0,1.0,1795.0,1991.125,196.125,144.10000000000002,190.125,0.0,6.0,196.125
1993.125,exit_stop_service,BOT_26,RACK_331,1.0,EXIT_15,,,,,,,,,0.0,1987.125,1993.125,6.0,1.0,,,,,,,,,,
1993.25,travel_leg,BOT_19,RACK_330,1.0,EXIT_31,receiving_to_first_exit,receiving,EXIT_31,1863.5,1993.25,100.60000000000002,2.0,129.75000000000003,,,,,,,,,,,,,,,
1999.25,exit_stop_service,BOT_19,RACK_330,1.0,EXIT_31,,,,,,,,,0.0,1993.25,1999.25,6.0,1.0,,,,,,,,,,
2000.75,return_leg,BOT_38,RACK_314,1.0,EXIT_29,last_exit_to_return,EXIT_29,return,1887.75,2000.75,85.60000000000001,3.0,113.0,,,,,,,,,,,,,,,
2000.75,trip_completed,BOT_38,RACK_314,,,,,,,,,,,,,,,,1.0,1.0,1770.5,2000.75,230.25,171.40000000000003,224.25,0.0,6.0,230.25
2000.875,return_leg,BOT_6,RACK_311,1.0,EXIT_31,last_exit_to_return,EXIT_31,return,1869.375,2000.875,100.40000000000002,3.0,131.5,,,,,,,,,,,,,,,
2000.875,trip_completed,BOT_6,RACK_311,,,,,,,,,,,,,,,,1.0,1.0,1733.625,2000.875,267.25,201.00000000000006,261.25,0.0,6.0,267.25
2004.125,travel_leg,BOT_30,RACK_338,1.0,EXIT_13,receiving_to_first_exit,receiving,EXIT_13,1897.5,2004.125,82.1,2.0,106.62499999999999,,,,,,,,,,,,,,,
2008.0,travel_leg,BOT_32,RACK_344,1.0,EXIT_26,receiving_to_first_exit,receiving,EXIT_26,1924.5,2008.0,63.599999999999994,2.0,83.49999999999999,,,,,,,,,,,,,,,
2008.25,travel_leg,BOT_20,RACK_337,1.0,EXIT_29,receiving_to_first_exit,receiving,EXIT_29,1897.0,2008.25,85.80000000000001,2.0,111.25000000000001,,,,,,,,,,,,,,,
2010.125,exit_stop_service,BOT_30,RACK_338,1.0,EXIT_13,,,,,,,,,0.0,2004.125,2010.125,6.0,1.0,,,,,,,,,,
2013.75,return_leg,BOT_35,RACK_332,1.0,EXIT_24,last_exit_to_return,EXIT_24,return,1947.0,2013.75,48.599999999999994,3.0,66.75,,,,,,,,,,,,,,,
2013.75,trip_completed,BOT_35,RACK_332,,,,,,,,,,,,,,,,1.0,1.0,1876.0,2013.75,137.75,97.39999999999999,131.75,0.0,6.0,137.75
2014.0,exit_stop_service,BOT_32,RACK_344,1.0,EXIT_26,,,,,,,,,0.0,2008.0,2014.0,6.0,1.0,,,,,,,,,,
2014.25,exit_stop_service,BOT_20,RACK_337,1.0,EXIT_29,,,,,,,,,0.0,2008.25,2014.25,6.0,1.0,,,,,,,,,,
2018.0,travel_leg,BOT_27,RACK_348,1.0,EXIT_24,receiving_to_first_exit,receiving,EXIT_24,1953.0,2018.0,48.8,2.0,65.0,,,,,,,,,,,,,,,
2018.5,travel_leg,BOT_36,RACK_343,1.0,EXIT_28,receiving_to_first_exit,receiving,EXIT_28,1916.5,2018.5,78.4,2.0,102.0,,,,,,,,,,,,,,,
2020.125,return_leg,BOT_21,RACK_335,1.0,EXIT_6,last_exit_to_return,EXIT_6,return,1957.625,2020.125,45.2,3.0,62.5,,,,,,,,,,,,,,,
2020.125,trip_completed,BOT_21,RACK_335,,,,,,,,,,,,,,,,1.0,1.0,1894.0,2020.125,126.125,88.10000000000001,120.125,0.0,6.0,126.125
2024.0,exit_stop_service,BOT_27,RACK_348,1.0,EXIT_24,,,,,,,,,0.0,2018.0,2024.0,6.0,1.0,,,,,,,,,,
2024.5,exit_stop_service,BOT_36,RACK_343,1.0,EXIT_28,,,,,,,,,0.0,2018.5,2024.5,6.0,1.0,,,,,,,,,,
2024.625,return_leg,BOT_18,RACK_342,1.0,EXIT_5,last_exit_to_return,EXIT_5,return,1969.125,2024.625,39.6,3.0,55.5,,,,,,,,,,,,,,,
2024.625,trip_completed,BOT_18,RACK_342,,,,,,,,,,,,,,,,1.0,1.0,1912.5,2024.625,112.125,76.9,106.125,0.0,6.0,112.125
2030.125,return_leg,BOT_7,RACK_321,1.0,EXIT_12,last_exit_to_return,EXIT_12,return,1925.625,2030.125,78.8,3.0,104.49999999999999,,,,,,,,,,,,,,,
2030.125,trip_completed,BOT_7,RACK_321,,,,,,,,,,,,,,,,1.0,1.0,1820.0,2030.125,210.125,155.3,204.125,0.0,6.0,210.125
2035.75,return_leg,BOT_14,RACK_313,1.0,EXIT_31,last_exit_to_return,EXIT_31,return,1904.25,2035.75,100.40000000000002,3.0,131.5,,,,,,,,,,,,,,,
2035.75,trip_completed,BOT_14,RACK_313,,,,,,,,,,,,,,,,1.0,1.0,1768.5,2035.75,267.25,201.00000000000006,261.25,0.0,6.0,267.25
2036.625,travel_leg,BOT_17,RACK_336,1.0,EXIT_18,receiving_to_first_exit,receiving,EXIT_18,1895.0,2036.625,110.09999999999997,2.0,141.62499999999994,,,,,,,,,,,,,,,
2040.625,return_leg,BOT_1,RACK_326,1.0,EXIT_11,last_exit_to_return,EXIT_11,return,1943.125,2040.625,73.2,3.0,97.5,,,,,,,,,,,,,,,
2040.625,trip_completed,BOT_1,RACK_326,,,,,,,,,,,,,,,,1.0,1.0,1844.5,2040.625,196.125,144.10000000000002,190.125,0.0,6.0,196.125
2042.625,exit_stop_service,BOT_17,RACK_336,1.0,EXIT_18,,,,,,,,,0.0,2036.625,2042.625,6.0,1.0,,,,,,,,,,
2043.125,return_leg,BOT_13,RACK_323,1.0,EXIT_12,last_exit_to_return,EXIT_12,return,1938.625,2043.125,78.8,3.0,104.49999999999999,,,,,,,,,,,,,,,
2043.125,trip_completed,BOT_13,RACK_323,,,,,,,,,,,,,,,,1.0,1.0,1833.0,2043.125,210.125,155.3,204.125,0.0,6.0,210.125
2044.25,return_leg,BOT_16,RACK_318,1.0,EXIT_30,last_exit_to_return,EXIT_30,return,1922.0,2044.25,93.00000000000001,3.0,122.25000000000001,,,,,,,,,,,,,,,
2044.25,trip_completed,BOT_16,RACK_318,,,,,,,,,,,,,,,,1.0,1.0,1795.5,2044.25,248.75,186.20000000000005,242.75000000000003,0.0,6.0,248.75
2047.25,travel_leg,BOT_34,RACK_346,1.0,EXIT_29,receiving_to_first_exit,receiving,EXIT_29,1936.0,2047.25,85.80000000000001,2.0,111.25000000000001,,,,,,,,,,,,,,,
2048.0,travel_leg,BOT_8,RACK_350,1.0,EXIT_27,receiving_to_first_exit,receiving,EXIT_27,1955.25,2048.0,71.0,2.0,92.75,,,,,,,,,,,,,,,
2050.75,return_leg,BOT_9,RACK_324,1.0,EXIT_28,last_exit_to_return,EXIT_28,return,1947.0,2050.75,78.2,3.0,103.75,,,,,,,,,,,,,,,
2050.75,trip_completed,BOT_9,RACK_324,,,,,,,,,,,,,,,,1.0,1.0,1839.0,2050.75,211.75,156.60000000000002,205.75,0.0,6.0,211.75
2052.25,travel_leg,BOT_28,RACK_357,1.0,EXIT_24,receiving_to_first_exit,receiving,EXIT_24,1987.25,2052.25,48.8,2.0,65.0,,,,,,,,,,,,,,,
2053.25,exit_stop_service,BOT_34,RACK_346,1.0,EXIT_29,,,,,,,,,0.0,2047.25,2053.25,6.0,1.0,,,,,,,,,,
2054.0,exit_stop_service,BOT_8,RACK_350,1.0,EXIT_27,,,,,,,,,0.0,2048.0,2054.0,6.0,1.0,,,,,,,,,,
2055.625,return_leg,BOT_2,RACK_329,1.0,EXIT_11,last_exit_to_return,EXIT_11,return,1958.125,2055.625,73.2,3.0,97.5,,,,,,,,,,,,,,,
2055.625,trip_completed,BOT_2,RACK_329,,,,,,,,,,,,,,,,1.0,1.0,1859.5,2055.625,196.125,144.10000000000002,190.125,0.0,6.0,196.125
2056.75,return_leg,BOT_24,RACK_325,1.0,EXIT_28,last_exit_to_return,EXIT_28,return,1953.0,2056.75,78.2,3.0,103.75,,,,,,,,,,,,,,,
2056.75,trip_completed,BOT_24,RACK_325,,,,,,,,,,,,,,,,1.0,1.0,1841.5,2056.75,215.25,156.60000000000002,205.75,3.5,6.0,215.25
2057.75,travel_leg,BOT_37,RACK_345,1.0,EXIT_31,receiving_to_first_exit,receiving,EXIT_31,1928.0,2057.75,100.60000000000002,2.0,129.75000000000003,,,,,,,,,,,,,,,
2058.25,exit_stop_service,BOT_28,RACK_357,1.0,EXIT_24,,,,,,,,,0.0,2052.25,2058.25,6.0,1.0,,,,,,,,,,
2058.5,travel_leg,BOT_11,RACK_351,1.0,EXIT_27,receiving_to_first_exit,receiving,EXIT_27,1965.75,2058.5,71.0,2.0,92.75,,,,,,,,,,,,,,,
2063.75,exit_stop_service,BOT_37,RACK_345,1.0,EXIT_31,,,,,,,,,0.0,2057.75,2063.75,6.0,1.0,,,,,,,,,,
2064.5,exit_stop_service,BOT_11,RACK_351,1.0,EXIT_27,,,,,,,,,0.0,2058.5,2064.5,6.0,1.0,,,,,,,,,,
2065.75,return_leg,BOT_12,RACK_320,1.0,EXIT_30,last_exit_to_return,EXIT_30,return,1943.5,2065.75,93.00000000000001,3.0,122.25000000000001,,,,,,,,,,,,,,,
2065.75,trip_completed,BOT_12,RACK_320,,,,,,,,,,,,,,,,1.0,1.0,1817.0,2065.75,248.75,186.20000000000005,242.75000000000003,0.0,6.0,248.75
2066.375,travel_leg,BOT_23,RACK_353,1.0,EXIT_27,receiving_to_first_exit,receiving,EXIT_27,1973.625,2066.375,71.0,2.0,92.75,,,,,,,,,,,,,,,
2071.125,travel_leg,BOT_18,RACK_363,1.0,EXIT_22,receiving_to_first_exit,receiving,EXIT_22,2024.625,2071.125,34.0,2.0,46.5,,,,,,,,,,,,,,,
2071.5,travel_leg,BOT_10,RACK_347,1.0,EXIT_31,receiving_to_first_exit,receiving,EXIT_31,1941.75,2071.5,100.60000000000002,2.0,129.75000000000003,,,,,,,,,,,,,,,
2072.375,exit_stop_service,BOT_23,RACK_353,1.0,EXIT_27,,,,,,,,,0.0,2066.375,2072.375,6.0,1.0,,,,,,,,,,
2073.75,travel_leg,BOT_33,RACK_349,1.0,EXIT_30,receiving_to_first_exit,receiving,EXIT_30,1953.25,2073.75,93.20000000000002,2.0,120.50000000000001,,,,,,,,,,,,,,,
2074.75,return_leg,BOT_15,RACK_333,1.0,EXIT_27,last_exit_to_return,EXIT_27,return,1980.25,2074.75,70.8,3.0,94.49999999999999,,,,,,,,,,,,,,,
2074.75,trip_completed,BOT_15,RACK_333,,,,,,,,,,,,,,,,1.0,1.0,1881.5,2074.75,193.25,141.8,187.25,0.0,6.0,193.25
2077.125,exit_stop_service,BOT_18,RACK_363,1.0,EXIT_22,,,,,,,,,0.0,2071.125,2077.125,6.0,1.0,,,,,,,,,,
2077.5,exit_stop_service,BOT_10,RACK_347,1.0,EXIT_31,,,,,,,,,0.0,2071.5,2077.5,6.0,1.0,,,,,,,,,,
2079.75,travel_leg,BOT_25,RACK_355,1.0,EXIT_28,receiving_to_first_exit,receiving,EXIT_28,1977.75,2079.75,78.4,2.0,102.0,,,,,,,,,,,,,,,
2079.75,exit_stop_service,BOT_33,RACK_349,1.0,EXIT_30,,,,,,,,,0.0,2073.75,2079.75,6.0,1.0,,,,,,,,,,
2083.875,travel_leg,BOT_4,RACK_358,1.0,EXIT_27,receiving_to_first_exit,receiving,EXIT_27,1991.125,2083.875,71.0,2.0,92.75,,,,,,,,,,,,,,,
2085.75,exit_stop_service,BOT_25,RACK_355,1.0,EXIT_28,,,,,,,,,0.0,2079.75,2085.75,6.0,1.0,,,,,,,,,,
2086.5,travel_leg,BOT_22,RACK_354,1.0,EXIT_29,receiving_to_first_exit,receiving,EXIT_29,1975.25,2086.5,85.80000000000001,2.0,111.25000000000001,,,,,,,,,,,,,,,
2086.5,travel_leg,BOT_6,RACK_360,1.0,EXIT_10,receiving_to_first_exit,receiving,EXIT_10,2000.875,2086.5,65.30000000000001,2.0,85.62500000000001,,,,,,,,,,,,,,,
2089.875,exit_stop_service,BOT_4,RACK_358,1.0,EXIT_27,,,,,,,,,0.0,2083.875,2089.875,6.0,1.0,,,,,,,,,,
2090.75,return_leg,BOT_27,RACK_348,1.0,EXIT_24,last_exit_to_return,EXIT_24,return,2024.0,2090.75,48.599999999999994,3.0,66.75,,,,,,,,,,,,,,,
2090.75,trip_completed,BOT_27,RACK_348,,,,,,,,,,,,,,,,1.0,1.0,1953.0,2090.75,137.75,97.39999999999999,131.75,0.0,6.0,137.75
2092.5,exit_stop_service,BOT_22,RACK_354,1.0,EXIT_29,,,,,,,,,0.0,2086.5,2092.5,6.0,1.0,,,,,,,,,,
2092.5,exit_stop_service,BOT_6,RACK_360,1.0,EXIT_10,,,,,,,,,0.0,2086.5,2092.5,6.0,1.0,,,,,,,,,,
2099.25,return_leg,BOT_32,RACK_344,1.0,EXIT_26,last_exit_to_return,EXIT_26,return,2014.0,2099.25,63.39999999999999,3.0,85.24999999999999,,,,,,,,,,,,,,,
2099.25,trip_completed,BOT_32,RACK_344,,,,,,,,,,,,,,,,1.0,1.0,1924.5,2099.25,174.75,126.99999999999999,168.74999999999997,0.0,6.0,174.75
2102.125,return_leg,BOT_31,RACK_319,1.0,EXIT_18,last_exit_to_return,EXIT_18,return,1955.625,2102.125,112.39999999999996,3.0,146.49999999999994,,,,,,,,,,,,,,,
2102.125,trip_completed,BOT_31,RACK_319,,,,,,,,,,,,,,,,1.0,1.0,1808.0,2102.125,294.125,222.49999999999994,288.1249999999999,0.0,6.0,294.125
2103.625,travel_leg,BOT_21,RACK_362,1.0,EXIT_26,receiving_to_first_exit,receiving,EXIT_26,2020.125,2103.625,63.599999999999994,2.0,83.49999999999999,,,,,,,,,,,,,,,
2107.25,travel_leg,BOT_29,RACK_352,1.0,EXIT_32,receiving_to_first_exit,receiving,EXIT_32,1968.25,2107.25,108.00000000000003,2.0,139.00000000000003,,,,,,,,,,,,,,,
2109.625,exit_stop_service,BOT_21,RACK_362,1.0,EXIT_26,,,,,,,,,0.0,2103.625,2109.625,6.0,1.0,,,,,,,,,,
2113.25,exit_stop_service,BOT_29,RACK_352,1.0,EXIT_32,,,,,,,,,0.0,2107.25,2113.25,6.0,1.0,,,,,,,,,,
2114.25,return_leg,BOT_5,RACK_327,1.0,EXIT_31,last_exit_to_return,EXIT_31,return,1982.75,2114.25,100.40000000000002,3.0,131.5,,,,,,,,,,,,,,,
2114.25,trip_completed,BOT_5,RACK_327,,,,,,,,,,,,,,,,1.0,1.0,1847.0,2114.25,267.25,201.00000000000006,261.25,0.0,6.0,267.25
2118.625,return_leg,BOT_26,RACK_331,1.0,EXIT_15,last_exit_to_return,EXIT_15,return,1993.125,2118.625,95.59999999999998,3.0,125.49999999999997,,,,,,,,,,,,,,,
2118.625,trip_completed,BOT_26,RACK_331,,,,,,,,,,,,,,,,1.0,1.0,1866.5,2118.625,252.125,188.89999999999998,246.12499999999994,0.0,6.0,252.125
2119.875,travel_leg,BOT_3,RACK_356,1.0,EXIT_18,receiving_to_first_exit,receiving,EXIT_18,1978.25,2119.875,110.09999999999997,2.0,141.62499999999994,,,,,,,,,,,,,,,
2121.25,travel_leg,BOT_15,RACK_373,1.0,EXIT_22,receiving_to_first_exit,receiving,EXIT_22,2074.75,2121.25,34.0,2.0,46.5,,,,,,,,,,,,,,,
2121.625,return_leg,BOT_30,RACK_338,1.0,EXIT_13,last_exit_to_return,EXIT_13,return,2010.125,2121.625,84.39999999999999,3.0,111.49999999999999,,,,,,,,,,,,,,,
2121.625,trip_completed,BOT_30,RACK_338,,,,,,,,,,,,,,,,1.0,1.0,1897.5,2121.625,224.125,166.5,218.12499999999997,0.0,6.0,224.125
2125.0,travel_leg,BOT_35,RACK_361,1.0,EXIT_29,receiving_to_first_exit,receiving,EXIT_29,2013.75,2125.0,85.80000000000001,2.0,111.25000000000001,,,,,,,,,,,,,,,
2125.0,return_leg,BOT_28,RACK_357,1.0,EXIT_24,last_exit_to_return,EXIT_24,return,2058.25,2125.0,48.599999999999994,3.0,66.75,,,,,,,,,,,,,,,
2125.0,trip_completed,BOT_28,RACK_357,,,,,,,,,,,,,,,,1.0,1.0,1987.25,2125.0,137.75,97.39999999999999,131.75,0.0,6.0,137.75
2125.375,return_leg,BOT_18,RACK_363,1.0,EXIT_22,last_exit_to_return,EXIT_22,return,2077.125,2125.375,33.8,3.0,48.24999999999999,,,,,,,,,,,,,,,
2125.375,trip_completed,BOT_18,RACK_363,,,,,,,,,,,,,,,,1.0,1.0,2024.625,2125.375,100.75,67.8,94.75,0.0,6.0,100.75
2125.875,exit_stop_service,BOT_3,RACK_356,1.0,EXIT_18,,,,,,,,,0.0,2119.875,2125.875,6.0,1.0,,,,,,,,,,
2127.25,return_leg,BOT_20,RACK_337,1.0,EXIT_29,last_exit_to_return,EXIT_29,return,2014.25,2127.25,85.60000000000001,3.0,113.0,,,,,,,,,,,,,,,
2127.25,exit_stop_service,BOT_15,RACK_373,1.0,EXIT_22,,,,,,,,,0.0,2121.25,2127.25,6.0,1.0,,,,,,,,,,
2127.25,trip_completed,BOT_20,RACK_337,,,,,,,,,,,,,,,,1.0,1.0,1897.0,2127.25,230.25,171.40000000000003,224.25,0.0,6.0,230.25
2128.25,return_leg,BOT_36,RACK_343,1.0,EXIT_28,last_exit_to_return,EXIT_28,return,2024.5,2128.25,78.2,3.0,103.75,,,,,,,,,,,,,,,
2128.25,trip_completed,BOT_36,RACK_343,,,,,,,,,,,,,,,,1.0,1.0,1916.5,2128.25,211.75,156.60000000000002,205.75,0.0,6.0,211.75
2128.5,travel_leg,BOT_14,RACK_365,1.0,EXIT_27,receiving_to_first_exit,receiving,EXIT_27,2035.75,2128.5,71.0,2.0,92.75,,,,,,,,,,,,,,,
2130.5,travel_leg,BOT_38,RACK_359,1.0,EXIT_31,receiving_to_first_exit,receiving,EXIT_31,2000.75,2130.5,100.60000000000002,2.0,129.75000000000003,,,,,,,,,,,,,,,
2130.75,return_leg,BOT_19,RACK_330,1.0,EXIT_31,last_exit_to_return,EXIT_31,return,1999.25,2130.75,100.40000000000002,3.0,131.5,,,,,,,,,,,,,,,
2130.75,trip_completed,BOT_19,RACK_330,,,,,,,,,,,,,,,,1.0,1.0,1863.5,2130.75,267.25,201.00000000000006,261.25,0.0,6.0,267.25
2131.0,exit_stop_service,BOT_35,RACK_361,1.0,EXIT_29,,,,,,,,,0.0,2125.0,2131.0,6.0,1.0,,,,,,,,,,
2134.5,exit_stop_service,BOT_14,RACK_365,1.0,EXIT_27,,,,,,,,,0.0,2128.5,2134.5,6.0,1.0,,,,,,,,,,
2135.75,travel_leg,BOT_13,RACK_367,1.0,EXIT_11,receiving_to_first_exit,receiving,EXIT_11,2043.125,2135.75,70.9,2.0,92.625,,,,,,,,,,,,,,,
2136.5,exit_stop_service,BOT_38,RACK_359,1.0,EXIT_31,,,,,,,,,0.0,2130.5,2136.5,6.0,1.0,,,,,,,,,,
2141.375,travel_leg,BOT_7,RACK_364,1.0,EXIT_29,receiving_to_first_exit,receiving,EXIT_29,2030.125,2141.375,85.80000000000001,2.0,111.25000000000001,,,,,,,,,,,,,,,
2141.75,exit_stop_service,BOT_13,RACK_367,1.0,EXIT_11,,,,,,,,,0.0,2135.75,2141.75,6.0,1.0,,,,,,,,,,
2146.25,travel_leg,BOT_16,RACK_368,1.0,EXIT_28,receiving_to_first_exit,receiving,EXIT_28,2044.25,2146.25,78.4,2.0,102.0,,,,,,,,,,,,,,,
2147.375,exit_stop_service,BOT_7,RACK_364,1.0,EXIT_29,,,,,,,,,0.0,2141.375,2147.375,6.0,1.0,,,,,,,,,,
2148.375,travel_leg,BOT_2,RACK_370,1.0,EXIT_27,receiving_to_first_exit,receiving,EXIT_27,2055.625,2148.375,71.0,2.0,92.75,,,,,,,,,,,,,,,
2148.5,return_leg,BOT_8,RACK_350,1.0,EXIT_27,last_exit_to_return,EXIT_27,return,2054.0,2148.5,70.8,3.0,94.49999999999999,,,,,,,,,,,,,,,
2148.5,trip_completed,BOT_8,RACK_350,,,,,,,,,,,,,,,,1.0,1.0,1955.25,2148.5,193.25,141.8,187.25,0.0,6.0,193.25
2152.25,exit_stop_service,BOT_16,RACK_368,1.0,EXIT_28,,,,,,,,,0.0,2146.25,2152.25,6.0,1.0,,,,,,,,,,
2154.375,exit_stop_service,BOT_2,RACK_370,1.0,EXIT_27,,,,,,,,,0.0,2148.375,2154.375,6.0,1.0,,,,,,,,,,
2159.0,return_leg,BOT_11,RACK_351,1.0,EXIT_27,last_exit_to_return,EXIT_27,return,2064.5,2159.0,70.8,3.0,94.49999999999999,,,,,,,,,,,,,,,
2159.0,trip_completed,BOT_11,RACK_351,,,,,,,,,,,,,,,,1.0,1.0,1965.75,2159.0,193.25,141.8,187.25,0.0,6.0,193.25
2160.75,travel_leg,BOT_5,RACK_377,1.0,EXIT_22,receiving_to_first_exit,receiving,EXIT_22,2114.25,2160.75,34.0,2.0,46.5,,,,,,,,,,,,,,,
2162.0,travel_leg,BOT_9,RACK_369,1.0,EXIT_29,receiving_to_first_exit,receiving,EXIT_29,2050.75,2162.0,85.80000000000001,2.0,111.25000000000001,,,,,,,,,,,,,,,
2162.25,travel_leg,BOT_28,RACK_380,1.0,EXIT_21,receiving_to_first_exit,receiving,EXIT_21,2125.0,2162.25,26.599999999999994,2.0,37.24999999999999,,,,,,,,,,,,,,,
2166.25,return_leg,BOT_34,RACK_346,1.0,EXIT_29,last_exit_to_return,EXIT_29,return,2053.25,2166.25,85.60000000000001,3.0,113.0,,,,,,,,,,,,,,,
2166.25,trip_completed,BOT_34,RACK_346,,,,,,,,,,,,,,,,1.0,1.0,1936.0,2166.25,230.25,171.40000000000003,224.25,0.0,6.0,230.25
2166.75,exit_stop_service,BOT_5,RACK_377,1.0,EXIT_22,,,,,,,,,0.0,2160.75,2166.75,6.0,1.0,,,,,,,,,,
2166.875,return_leg,BOT_23,RACK_353,1.0,EXIT_27,last_exit_to_return,EXIT_27,return,2072.375,2166.875,70.8,3.0,94.49999999999999,,,,,,,,,,,,,,,
2166.875,trip_completed,BOT_23,RACK_353,,,,,,,,,,,,,,,,1.0,1.0,1973.625,2166.875,193.25,141.8,187.25,0.0,6.0,193.25
2168.0,exit_stop_service,BOT_9,RACK_369,1.0,EXIT_29,,,,,,,,,0.0,2162.0,2168.0,6.0,1.0,,,,,,,,,,
2168.25,exit_stop_service,BOT_28,RACK_380,1.0,EXIT_21,,,,,,,,,0.0,2162.25,2168.25,6.0,1.0,,,,,,,,,,
2171.125,travel_leg,BOT_8,RACK_385,1.0,EXIT_1,receiving_to_first_exit,receiving,EXIT_1,2148.5,2171.125,14.899999999999999,2.0,22.624999999999996,,,,,,,,,,,,,,,
2174.25,travel_leg,BOT_27,RACK_374,1.0,EXIT_26,receiving_to_first_exit,receiving,EXIT_26,2090.75,2174.25,63.599999999999994,2.0,83.49999999999999,,,,,,,,,,,,,,,
2174.375,travel_leg,BOT_19,RACK_384,1.0,EXIT_4,receiving_to_first_exit,receiving,EXIT_4,2130.75,2174.375,31.700000000000003,2.0,43.625,,,,,,,,,,,,,,,
2175.5,return_leg,BOT_15,RACK_373,1.0,EXIT_22,last_exit_to_return,EXIT_22,return,2127.25,2175.5,33.8,3.0,48.24999999999999,,,,,,,,,,,,,,,
2175.5,trip_completed,BOT_15,RACK_373,,,,,,,,,,,,,,,,1.0,1.0,2074.75,2175.5,100.75,67.8,94.75,0.0,6.0,100.75
2177.125,exit_stop_service,BOT_8,RACK_385,1.0,EXIT_1,,,,,,,,,0.0,2171.125,2177.125,6.0,1.0,,,,,,,,,,
2180.25,exit_stop_service,BOT_27,RACK_374,1.0,EXIT_26,,,,,,,,,0.0,2174.25,2180.25,6.0,1.0,,,,,,,,,,
2180.375,exit_stop_service,BOT_19,RACK_384,1.0,EXIT_4,,,,,,,,,0.0,2174.375,2180.375,6.0,1.0,,,,,,,,,,
2182.25,travel_leg,BOT_1,RACK_366,1.0,EXIT_18,receiving_to_first_exit,receiving,EXIT_18,2040.625,2182.25,110.09999999999997,2.0,141.62499999999994,,,,,,,,,,,,,,,
2183.0,return_leg,BOT_6,RACK_360,1.0,EXIT_10,last_exit_to_return,EXIT_10,return,2092.5,2183.0,67.60000000000001,3.0,90.5,,,,,,,,,,,,,,,
2183.0,trip_completed,BOT_6,RACK_360,,,,,,,,,,,,,,,,1.0,1.0,2000.875,2183.0,182.125,132.90000000000003,176.125,0.0,6.0,182.125
2184.375,return_leg,BOT_4,RACK_358,1.0,EXIT_27,last_exit_to_return,EXIT_27,return,2089.875,2184.375,70.8,3.0,94.49999999999999,,,,,,,,,,,,,,,
2184.375,trip_completed,BOT_4,RACK_358,,,,,,,,,,,,,,,,1.0,1.0,1991.125,2184.375,193.25,141.8,187.25,0.0,6.0,193.25
2186.375,travel_leg,BOT_12,RACK_372,1.0,EXIT_15,receiving_to_first_exit,receiving,EXIT_15,2065.75,2186.375,93.29999999999998,2.0,120.62499999999997,,,,,,,,,,,,,,,
2186.5,travel_leg,BOT_24,RACK_371,1.0,EXIT_31,receiving_to_first_exit,receiving,EXIT_31,2056.75,2186.5,100.60000000000002,2.0,129.75000000000003,,,,,,,,,,,,,,,
2188.25,exit_stop_service,BOT_1,RACK_366,1.0,EXIT_18,,,,,,,,,0.0,2182.25,2188.25,6.0,1.0,,,,,,,,,,
2188.875,travel_leg,BOT_34,RACK_387,1.0,EXIT_1,receiving_to_first_exit,receiving,EXIT_1,2166.25,2188.875,14.899999999999999,2.0,22.624999999999996,,,,,,,,,,,,,,,
2189.125,return_leg,BOT_17,RACK_336,1.0,EXIT_18,last_exit_to_return,EXIT_18,return,2042.625,2189.125,112.39999999999996,3.0,146.49999999999994,,,,,,,,,,,,,,,
2189.125,trip_completed,BOT_17,RACK_336,,,,,,,,,,,,,,,,1.0,1.0,1895.0,2189.125,294.125,222.49999999999994,288.1249999999999,0.0,6.0,294.125
2189.5,return_leg,BOT_25,RACK_355,1.0,EXIT_28,last_exit_to_return,EXIT_28,return,2085.75,2189.5,78.2,3.0,103.75,,,,,,,,,,,,,,,
2189.5,trip_completed,BOT_25,RACK_355,,,,,,,,,,,,,,,,1.0,1.0,1977.75,2189.5,211.75,156.60000000000002,205.75,0.0,6.0,211.75
2190.375,travel_leg,BOT_18,RACK_381,1.0,EXIT_24,receiving_to_first_exit,receiving,EXIT_24,2125.375,2190.375,48.8,2.0,65.0,,,,,,,,,,,,,,,
2192.0,travel_leg,BOT_32,RACK_375,1.0,EXIT_27,receiving_to_first_exit,receiving,EXIT_27,2099.25,2192.0,71.0,2.0,92.75,,,,,,,,,,,,,,,
2192.375,exit_stop_service,BOT_12,RACK_372,1.0,EXIT_15,,,,,,,,,0.0,2186.375,2192.375,6.0,1.0,,,,,,,,,,
2192.5,exit_stop_service,BOT_24,RACK_371,1.0,EXIT_31,,,,,,,,,0.0,2186.5,2192.5,6.0,1.0,,,,,,,,,,
2194.875,return_leg,BOT_21,RACK_362,1.0,EXIT_26,last_exit_to_return,EXIT_26,return,2109.625,2194.875,63.39999999999999,3.0,85.24999999999999,,,,,,,,,,,,,,,
2194.875,exit_stop_service,BOT_34,RACK_387,1.0,EXIT_1,,,,,,,,,0.0,2188.875,2194.875,6.0,1.0,,,,,,,,,,
2194.875,trip_completed,BOT_21,RACK_362,,,,,,,,,,,,,,,,1.0,1.0,2020.125,2194.875,174.75,126.99999999999999,168.74999999999997,0.0,6.0,174.75
2195.25,return_leg,BOT_37,RACK_345,1.0,EXIT_31,last_exit_to_return,EXIT_31,return,2063.75,2195.25,100.40000000000002,3.0,131.5,,,,,,,,,,,,,,,
2195.25,trip_completed,BOT_37,RACK_345,,,,,,,,,,,,,,,,1.0,1.0,1928.0,2195.25,267.25,201.00000000000006,261.25,0.0,6.0,267.25
2196.375,exit_stop_service,BOT_18,RACK_381,1.0,EXIT_24,,,,,,,,,0.0,2190.375,2196.375,6.0,1.0,,,,,,,,,,
2198.0,exit_stop_service,BOT_32,RACK_375,1.0,EXIT_27,,,,,,,,,0.0,2192.0,2198.0,6.0,1.0,,,,,,,,,,
2202.0,return_leg,BOT_33,RACK_349,1.0,EXIT_30,last_exit_to_return,EXIT_30,return,2079.75,2202.0,93.00000000000001,3.0,122.25000000000001,,,,,,,,,,,,,,,
2202.0,trip_completed,BOT_33,RACK_349,,,,,,,,,,,,,,,,1.0,1.0,1953.25,2202.0,248.75,186.20000000000005,242.75000000000003,0.0,6.0,248.75
2202.125,travel_leg,BOT_26,RACK_378,1.0,EXIT_26,receiving_to_first_exit,receiving,EXIT_26,2118.625,2202.125,63.599999999999994,2.0,83.49999999999999,,,,,,,,,,,,,,,
2204.625,return_leg,BOT_8,RACK_385,1.0,EXIT_1,last_exit_to_return,EXIT_1,return,2177.125,2204.625,17.2,3.0,27.499999999999996,,,,,,,,,,,,,,,
2204.625,trip_completed,BOT_8,RACK_385,,,,,,,,,,,,,,,,1.0,1.0,2148.5,2204.625,56.125,32.099999999999994,50.12499999999999,0.0,6.0,56.125
2205.5,return_leg,BOT_22,RACK_354,1.0,EXIT_29,last_exit_to_return,EXIT_29,return,2092.5,2205.5,85.60000000000001,3.0,113.0,,,,,,,,,,,,,,,
2205.5,trip_completed,BOT_22,RACK_354,,,,,,,,,,,,,,,,1.0,1.0,1975.25,2205.5,230.25,171.40000000000003,224.25,0.0,6.0,230.25
2207.25,return_leg,BOT_28,RACK_380,1.0,EXIT_21,last_exit_to_return,EXIT_21,return,2168.25,2207.25,26.4,3.0,38.99999999999999,,,,,,,,,,,,,,,
2207.25,trip_completed,BOT_28,RACK_380,,,,,,,,,,,,,,,,1.0,1.0,2125.0,2207.25,82.25,52.99999999999999,76.24999999999999,0.0,6.0,82.25
2208.125,exit_stop_service,BOT_26,RACK_378,1.0,EXIT_26,,,,,,,,,0.0,2202.125,2208.125,6.0,1.0,,,,,,,,,,
2209.0,return_leg,BOT_10,RACK_347,1.0,EXIT_31,last_exit_to_return,EXIT_31,return,2077.5,2209.0,100.40000000000002,3.0,131.5,,,,,,,,,,,,,,,
2209.0,trip_completed,BOT_10,RACK_347,,,,,,,,,,,,,,,,1.0,1.0,1941.75,2209.0,267.25,201.00000000000006,261.25,0.0,6.0,267.25
2215.0,return_leg,BOT_5,RACK_377,1.0,EXIT_22,last_exit_to_return,EXIT_22,return,2166.75,2215.0,33.8,3.0,48.24999999999999,,,,,,,,,,,,,,,
2215.0,trip_completed,BOT_5,RACK_377,,,,,,,,,,,,,,,,1.0,1.0,2114.25,2215.0,100.75,67.8,94.75,0.0,6.0,100.75
2222.375,return_leg,BOT_34,RACK_387,1.0,EXIT_1,last_exit_to_return,EXIT_1,return,2194.875,2222.375,17.2,3.0,27.499999999999996,,,,,,,,,,,,,,,
2222.375,trip_completed,BOT_34,RACK_387,,,,,,,,,,,,,,,,1.0,1.0,2166.25,2222.375,56.125,32.099999999999994,50.12499999999999,0.0,6.0,56.125
2226.875,travel_leg,BOT_20,RACK_382,1.0,EXIT_12,receiving_to_first_exit,receiving,EXIT_12,2127.25,2226.875,76.5,2.0,99.625,,,,,,,,,,,,,,,
2228.875,return_leg,BOT_19,RACK_384,1.0,EXIT_4,last_exit_to_return,EXIT_4,return,2180.375,2228.875,34.0,3.0,48.5,,,,,,,,,,,,,,,
2228.875,trip_completed,BOT_19,RACK_384,,,,,,,,,,,,,,,,1.0,1.0,2130.75,2228.875,98.125,65.7,92.125,0.0,6.0,98.125
2229.0,return_leg,BOT_14,RACK_365,1.0,EXIT_27,last_exit_to_return,EXIT_27,return,2134.5,2229.0,70.8,3.0,94.49999999999999,,,,,,,,,,,,,,,
2229.0,trip_completed,BOT_14,RACK_365,,,,,,,,,,,,,,,,1.0,1.0,2035.75,2229.0,193.25,141.8,187.25,0.0,6.0,193.25
2230.0,travel_leg,BOT_33,RACK_396,1.0,EXIT_20,receiving_to_first_exit,receiving,EXIT_20,2202.0,2230.0,19.2,2.0,27.999999999999996,,,,,,,,,,,,,,,
2230.25,travel_leg,BOT_36,RACK_383,1.0,EXIT_28,receiving_to_first_exit,receiving,EXIT_28,2128.25,2230.25,78.4,2.0,102.0,,,,,,,,,,,,,,,
2231.875,travel_leg,BOT_23,RACK_388,1.0,EXIT_24,receiving_to_first_exit,receiving,EXIT_24,2166.875,2231.875,48.8,2.0,65.0,,,,,,,,,,,,,,,
2232.875,exit_stop_service,BOT_20,RACK_382,1.0,EXIT_12,,,,,,,,,0.0,2226.875,2232.875,6.0,1.0,,,,,,,,,,
2235.25,travel_leg,BOT_30,RACK_379,1.0,EXIT_14,receiving_to_first_exit,receiving,EXIT_14,2121.625,2235.25,87.69999999999999,2.0,113.62499999999999,,,,,,,,,,,,,,,
2236.0,exit_stop_service,BOT_33,RACK_396,1.0,EXIT_20,,,,,,,,,0.0,2230.0,2236.0,6.0,1.0,,,,,,,,,,
2236.25,exit_stop_service,BOT_36,RACK_383,1.0,EXIT_28,,,,,,,,,0.0,2230.25,2236.25,6.0,1.0,,,,,,,,,,
2237.875,exit_stop_service,BOT_23,RACK_388,1.0,EXIT_24,,,,,,,,,0.0,2231.875,2237.875,6.0,1.0,,,,,,,,,,
2239.25,return_leg,BOT_13,RACK_367,1.0,EXIT_11,last_exit_to_return,EXIT_11,return,2141.75,2239.25,73.2,3.0,97.5,,,,,,,,,,,,,,,
2239.25,trip_completed,BOT_13,RACK_367,,,,,,,,,,,,,,,,1.0,1.0,2043.125,2239.25,196.125,144.10000000000002,190.125,0.0,6.0,196.125
2241.25,exit_stop_service,BOT_30,RACK_379,1.0,EXIT_14,,,,,,,,,0.0,2235.25,2241.25,6.0,1.0,,,,,,,,,,
2243.75,travel_leg,BOT_31,RACK_376,1.0,EXIT_18,receiving_to_first_exit,receiving,EXIT_18,2102.125,2243.75,110.09999999999997,2.0,141.62499999999994,,,,,,,,,,,,,,,
2244.0,return_leg,BOT_35,RACK_361,1.0,EXIT_29,last_exit_to_return,EXIT_29,return,2131.0,2244.0,85.60000000000001,3.0,113.0,,,,,,,,,,,,,,,
2244.0,trip_completed,BOT_35,RACK_361,,,,,,,,,,,,,,,,1.0,1.0,2013.75,2244.0,230.25,171.40000000000003,224.25,0.0,6.0,230.25
2248.875,return_leg,BOT_2,RACK_370,1.0,EXIT_27,last_exit_to_return,EXIT_27,return,2154.375,2248.875,70.8,3.0,94.49999999999999,,,,,,,,,,,,,,,
2248.875,trip_completed,BOT_2,RACK_370,,,,,,,,,,,,,,,,1.0,1.0,2055.625,2248.875,193.25,141.8,187.25,0.0,6.0,193.25
2249.75,exit_stop_service,BOT_31,RACK_376,1.0,EXIT_18,,,,,,,,,0.0,2243.75,2249.75,6.0,1.0,,,,,,,,,,
2252.0,travel_leg,BOT_22,RACK_398,1.0,EXIT_22,receiving_to_first_exit,receiving,EXIT_22,2205.5,2252.0,34.0,2.0,46.5,,,,,,,,,,,,,,,
2254.0,return_leg,BOT_29,RACK_352,1.0,EXIT_32,last_exit_to_return,EXIT_32,return,2113.25,2254.0,107.80000000000003,3.0,140.75000000000003,,,,,,,,,,,,,,,
2254.0,trip_completed,BOT_29,RACK_352,,,,,,,,,,,,,,,,1.0,1.0,1968.25,2254.0,285.75,215.80000000000007,279.75000000000006,0.0,6.0,285.75
2255.5,travel_leg,BOT_10,RACK_400,1.0,EXIT_22,receiving_to_first_exit,receiving,EXIT_22,2209.0,2255.5,34.0,2.0,46.5,,,,,,,,,,,,,,,
2256.0,return_leg,BOT_16,RACK_368,1.0,EXIT_28,last_exit_to_return,EXIT_28,return,2152.25,2256.0,78.2,3.0,103.75,,,,,,,,,,,,,,,
2256.0,trip_completed,BOT_16,RACK_368,,,,,,,,,,,,,,,,1.0,1.0,2044.25,2256.0,211.75,156.60000000000002,205.75,0.0,6.0,211.75
2258.0,exit_stop_service,BOT_22,RACK_398,1.0,EXIT_22,,,,,,,,,0.0,2252.0,2258.0,6.0,1.0,,,,,,,,,,
2258.625,travel_leg,BOT_11,RACK_386,1.0,EXIT_12,receiving_to_first_exit,receiving,EXIT_12,2159.0,2258.625,76.5,2.0,99.625,,,,,,,,,,,,,,,
2260.375,return_leg,BOT_7,RACK_364,1.0,EXIT_29,last_exit_to_return,EXIT_29,return,2147.375,2260.375,85.60000000000001,3.0,113.0,,,,,,,,,,,,,,,
2260.375,trip_completed,BOT_7,RACK_364,,,,,,,,,,,,,,,,1.0,1.0,2030.125,2260.375,230.25,171.40000000000003,224.25,0.0,6.0,230.25
2263.125,return_leg,BOT_18,RACK_381,1.0,EXIT_24,last_exit_to_return,EXIT_24,return,2196.375,2263.125,48.599999999999994,3.0,66.75,,,,,,,,,,,,,,,
2263.125,trip_completed,BOT_18,RACK_381,,,,,,,,,,,,,,,,1.0,1.0,2125.375,2263.125,137.75,97.39999999999999,131.75,0.0,6.0,137.75
2264.0,exit_stop_service,BOT_10,RACK_400,1.0,EXIT_22,,,,,,,,,2.5,2258.0,2264.0,6.0,1.0,,,,,,,,,,
2264.625,exit_stop_service,BOT_11,RACK_386,1.0,EXIT_12,,,,,,,,,0.0,2258.625,2264.625,6.0,1.0,,,,,,,,,,
2265.5,return_leg,BOT_27,RACK_374,1.0,EXIT_26,last_exit_to_return,EXIT_26,return,2180.25,2265.5,63.39999999999999,3.0,85.24999999999999,,,,,,,,,,,,,,,
2265.5,trip_completed,BOT_27,RACK_374,,,,,,,,,,,,,,,,1.0,1.0,2090.75,2265.5,174.75,126.99999999999999,168.74999999999997,0.0,6.0,174.75
2265.75,return_leg,BOT_33,RACK_396,1.0,EXIT_20,last_exit_to_return,EXIT_20,return,2236.0,2265.75,19.0,3.0,29.75,,,,,,,,,,,,,,,
2265.75,trip_completed,BOT_33,RACK_396,,,,,,,,,,,,,,,,1.0,1.0,2202.0,2265.75,63.75,38.2,57.75,0.0,6.0,63.75
2268.0,return_leg,BOT_38,RACK_359,1.0,EXIT_31,last_exit_to_return,EXIT_31,return,2136.5,2268.0,100.40000000000002,3.0,131.5,,,,,,,,,,,,,,,
2268.0,trip_completed,BOT_38,RACK_359,,,,,,,,,,,,,,,,1.0,1.0,2000.75,2268.0,267.25,201.00000000000006,261.25,0.0,6.0,267.25
2269.625,travel_leg,BOT_8,RACK_397,1.0,EXIT_24,receiving_to_first_exit,receiving,EXIT_24,2204.625,2269.625,48.8,2.0,65.0,,,,,,,,,,,,,,,
2272.375,return_leg,BOT_3,RACK_356,1.0,EXIT_18,last_exit_to_return,EXIT_18,return,2125.875,2272.375,112.39999999999996,3.0,146.49999999999994,,,,,,,,,,,,,,,
2272.375,trip_completed,BOT_3,RACK_356,,,,,,,,,,,,,,,,1.0,1.0,1978.25,2272.375,294.125,222.49999999999994,288.1249999999999,0.0,6.0,294.125
2272.625,travel_leg,BOT_17,RACK_392,1.0,EXIT_26,receiving_to_first_exit,receiving,EXIT_26,2189.125,2272.625,63.599999999999994,2.0,83.49999999999999,,,,,,,,,,,,,,,
2275.625,exit_stop_service,BOT_8,RACK_397,1.0,EXIT_24,,,,,,,,,0.0,2269.625,2275.625,6.0,1.0,,,,,,,,,,
2278.625,exit_stop_service,BOT_17,RACK_392,1.0,EXIT_26,,,,,,,,,0.0,2272.625,2278.625,6.0,1.0,,,,,,,,,,
2281.0,return_leg,BOT_9,RACK_369,1.0,EXIT_29,last_exit_to_return,EXIT_29,return,2168.0,2281.0,85.60000000000001,3.0,113.0,,,,,,,,,,,,,,,
2281.0,trip_completed,BOT_9,RACK_369,,,,,,,,,,,,,,,,1.0,1.0,2050.75,2281.0,230.25,171.40000000000003,224.25,0.0,6.0,230.25
2286.75,travel_leg,BOT_15,RACK_389,1.0,EXIT_29,receiving_to_first_exit,receiving,EXIT_29,2175.5,2286.75,85.80000000000001,2.0,111.25000000000001,,,,,,,,,,,,,,,
2289.125,travel_leg,BOT_25,RACK_393,1.0,EXIT_12,receiving_to_first_exit,receiving,EXIT_12,2189.5,2289.125,76.5,2.0,99.625,,,,,,,,,,,,,,,
2292.5,return_leg,BOT_32,RACK_375,1.0,EXIT_27,last_exit_to_return,EXIT_27,return,2198.0,2292.5,70.8,3.0,94.49999999999999,,,,,,,,,,,,,,,
2292.5,trip_completed,BOT_32,RACK_375,,,,,,,,,,,,,,,,1.0,1.0,2099.25,2292.5,193.25,141.8,187.25,0.0,6.0,193.25
2292.75,exit_stop_service,BOT_15,RACK_389,1.0,EXIT_29,,,,,,,,,0.0,2286.75,2292.75,6.0,1.0,,,,,,,,,,
2293.375,return_leg,BOT_26,RACK_378,1.0,EXIT_26,last_exit_to_return,EXIT_26,return,2208.125,2293.375,63.39999999999999,3.0,85.24999999999999,,,,,,,,,,,,,,,
2293.375,trip_completed,BOT_26,RACK_378,,,,,,,,,,,,,,,,1.0,1.0,2118.625,2293.375,174.75,126.99999999999999,168.74999999999997,0.0,6.0,174.75
2294.25,travel_leg,BOT_6,RACK_390,1.0,EXIT_29,receiving_to_first_exit,receiving,EXIT_29,2183.0,2294.25,85.80000000000001,2.0,111.25000000000001,,,,,,,,,,,,,,,
2295.125,exit_stop_service,BOT_25,RACK_393,1.0,EXIT_12,,,,,,,,,0.0,2289.125,2295.125,6.0,1.0,,,,,,,,,,
2300.25,exit_stop_service,BOT_6,RACK_390,1.0,EXIT_29,,,,,,,,,0.0,2294.25,2300.25,6.0,1.0,,,,,,,,,,
2303.25,travel_leg,BOT_14,RACK_404,1.0,EXIT_25,receiving_to_first_exit,receiving,EXIT_25,2229.0,2303.25,56.19999999999999,2.0,74.24999999999999,,,,,,,,,,,,,,,
2304.25,travel_leg,BOT_13,RACK_405,1.0,EXIT_24,receiving_to_first_exit,receiving,EXIT_24,2239.25,2304.25,48.8,2.0,65.0,,,,,,,,,,,,,,,
2304.625,return_leg,BOT_23,RACK_388,1.0,EXIT_24,last_exit_to_return,EXIT_24,return,2237.875,2304.625,48.599999999999994,3.0,66.75,,,,,,,,,,,,,,,
2304.625,trip_completed,BOT_23,RACK_388,,,,,,,,,,,,,,,,1.0,1.0,2166.875,2304.625,137.75,97.39999999999999,131.75,0.0,6.0,137.75
2306.125,travel_leg,BOT_21,RACK_394,1.0,EXIT_29,receiving_to_first_exit,receiving,EXIT_29,2194.875,2306.125,85.80000000000001,2.0,111.25000000000001,,,,,,,,,,,,,,,
2306.25,return_leg,BOT_22,RACK_398,1.0,EXIT_22,last_exit_to_return,EXIT_22,return,2258.0,2306.25,33.8,3.0,48.24999999999999,,,,,,,,,,,,,,,
2306.25,trip_completed,BOT_22,RACK_398,,,,,,,,,,,,,,,,1.0,1.0,2205.5,2306.25,100.75,67.8,94.75,0.0,6.0,100.75
2306.625,travel_leg,BOT_16,RACK_409,1.0,EXIT_5,receiving_to_first_exit,receiving,EXIT_5,2256.0,2306.625,37.300000000000004,2.0,50.625,,,,,,,,,,,,,,,
2306.875,travel_leg,BOT_28,RACK_399,1.0,EXIT_12,receiving_to_first_exit,receiving,EXIT_12,2207.25,2306.875,76.5,2.0,99.625,,,,,,,,,,,,,,,
2309.25,exit_stop_service,BOT_14,RACK_404,1.0,EXIT_25,,,,,,,,,0.0,2303.25,2309.25,6.0,1.0,,,,,,,,,,
2310.25,exit_stop_service,BOT_13,RACK_405,1.0,EXIT_24,,,,,,,,,0.0,2304.25,2310.25,6.0,1.0,,,,,,,,,,
2312.125,exit_stop_service,BOT_21,RACK_394,1.0,EXIT_29,,,,,,,,,0.0,2306.125,2312.125,6.0,1.0,,,,,,,,,,
2312.25,return_leg,BOT_10,RACK_400,1.0,EXIT_22,last_exit_to_return,EXIT_22,return,2264.0,2312.25,33.8,3.0,48.24999999999999,,,,,,,,,,,,,,,
2312.25,trip_completed,BOT_10,RACK_400,,,,,,,,,,,,,,,,1.0,1.0,2209.0,2312.25,103.25,67.8,94.75,2.5,6.0,103.25
2312.625,exit_stop_service,BOT_16,RACK_409,1.0,EXIT_5,,,,,,,,,0.0,2306.625,2312.625,6.0,1.0,,,,,,,,,,
2312.875,exit_stop_service,BOT_28,RACK_399,1.0,EXIT_12,,,,,,,,,0.0,2306.875,2312.875,6.0,1.0,,,,,,,,,,
2314.125,travel_leg,BOT_4,RACK_391,1.0,EXIT_31,receiving_to_first_exit,receiving,EXIT_31,2184.375,2314.125,100.60000000000002,2.0,129.75000000000003,,,,,,,,,,,,,,,
2317.875,return_leg,BOT_12,RACK_372,1.0,EXIT_15,last_exit_to_return,EXIT_15,return,2192.375,2317.875,95.59999999999998,3.0,125.49999999999997,,,,,,,,,,,,,,,
2317.875,trip_completed,BOT_12,RACK_372,,,,,,,,,,,,,,,,1.0,1.0,2065.75,2317.875,252.125,188.89999999999998,246.12499999999994,0.0,6.0,252.125
2318.875,travel_leg,BOT_3,RACK_415,1.0,EXIT_22,receiving_to_first_exit,receiving,EXIT_22,2272.375,2318.875,34.0,2.0,46.5,,,,,,,,,,,,,,,
2319.0,travel_leg,BOT_29,RACK_408,1.0,EXIT_24,receiving_to_first_exit,receiving,EXIT_24,2254.0,2319.0,48.8,2.0,65.0,,,,,,,,,,,,,,,
2320.125,exit_stop_service,BOT_4,RACK_391,1.0,EXIT_31,,,,,,,,,0.0,2314.125,2320.125,6.0,1.0,,,,,,,,,,
2321.625,travel_leg,BOT_19,RACK_403,1.0,EXIT_27,receiving_to_first_exit,receiving,EXIT_27,2228.875,2321.625,71.0,2.0,92.75,,,,,,,,,,,,,,,
2324.0,return_leg,BOT_24,RACK_371,1.0,EXIT_31,last_exit_to_return,EXIT_31,return,2192.5,2324.0,100.40000000000002,3.0,131.5,,,,,,,,,,,,,,,
2324.0,trip_completed,BOT_24,RACK_371,,,,,,,,,,,,,,,,1.0,1.0,2056.75,2324.0,267.25,201.00000000000006,261.25,0.0,6.0,267.25
2324.875,exit_stop_service,BOT_3,RACK_415,1.0,EXIT_22,,,,,,,,,0.0,2318.875,2324.875,6.0,1.0,,,,,,,,,,
2325.0,travel_leg,BOT_37,RACK_395,1.0,EXIT_31,receiving_to_first_exit,receiving,EXIT_31,2195.25,2325.0,100.60000000000002,2.0,129.75000000000003,,,,,,,,,,,,,,,
2325.0,exit_stop_service,BOT_29,RACK_408,1.0,EXIT_24,,,,,,,,,0.0,2319.0,2325.0,6.0,1.0,,,,,,,,,,
2325.375,travel_leg,BOT_7,RACK_410,1.0,EXIT_24,receiving_to_first_exit,receiving,EXIT_24,2260.375,2325.375,48.8,2.0,65.0,,,,,,,,,,,,,,,
2326.25,travel_leg,BOT_5,RACK_401,1.0,EXIT_29,receiving_to_first_exit,receiving,EXIT_29,2215.0,2326.25,85.80000000000001,2.0,111.25000000000001,,,,,,,,,,,,,,,
2327.625,exit_stop_service,BOT_19,RACK_403,1.0,EXIT_27,,,,,,,,,0.0,2321.625,2327.625,6.0,1.0,,,,,,,,,,
2331.0,exit_stop_service,BOT_37,RACK_395,1.0,EXIT_31,,,,,,,,,0.0,2325.0,2331.0,6.0,1.0,,,,,,,,,,
2331.375,exit_stop_service,BOT_7,RACK_410,1.0,EXIT_24,,,,,,,,,0.0,2325.375,2331.375,6.0,1.0,,,,,,,,,,
2331.625,travel_leg,BOT_9,RACK_416,1.0,EXIT_5,receiving_to_first_exit,receiving,EXIT_5,2281.0,2331.625,37.300000000000004,2.0,50.625,,,,,,,,,,,,,,,
2332.25,exit_stop_service,BOT_5,RACK_401,1.0,EXIT_29,,,,,,,,,0.0,2326.25,2332.25,6.0,1.0,,,,,,,,,,
2333.0,travel_leg,BOT_38,RACK_414,1.0,EXIT_24,receiving_to_first_exit,receiving,EXIT_24,2268.0,2333.0,48.8,2.0,65.0,,,,,,,,,,,,,,,
2334.75,return_leg,BOT_1,RACK_366,1.0,EXIT_18,last_exit_to_return,EXIT_18,return,2188.25,2334.75,112.39999999999996,3.0,146.49999999999994,,,,,,,,,,,,,,,
2334.75,travel_leg,BOT_18,RACK_411,1.0,EXIT_8,receiving_to_first_exit,receiving,EXIT_8,2263.125,2334.75,54.10000000000001,2.0,71.625,,,,,,,,,,,,,,,
2334.75,trip_completed,BOT_1,RACK_366,,,,,,,,,,,,,,,,1.0,1.0,2040.625,2334.75,294.125,222.49999999999994,288.1249999999999,0.0,6.0,294.125
2336.75,travel_leg,BOT_35,RACK_406,1.0,EXIT_27,receiving_to_first_exit,receiving,EXIT_27,2244.0,2336.75,71.0,2.0,92.75,,,,,,,,,,,,,,,
2337.375,return_leg,BOT_20,RACK_382,1.0,EXIT_12,last_exit_to_return,EXIT_12,return,2232.875,2337.375,78.8,3.0,104.49999999999999,,,,,,,,,,,,,,,
2337.375,trip_completed,BOT_20,RACK_382,,,,,,,,,,,,,,,,1.0,1.0,2127.25,2337.375,210.125,155.3,204.125,0.0,6.0,210.125
2337.625,exit_stop_service,BOT_9,RACK_416,1.0,EXIT_5,,,,,,,,,0.0,2331.625,2337.625,6.0,1.0,,,,,,,,,,
2339.0,travel_leg,BOT_32,RACK_417,1.0,EXIT_22,receiving_to_first_exit,receiving,EXIT_22,2292.5,2339.0,34.0,2.0,46.5,,,,,,,,,,,,,,,
2339.0,exit_stop_service,BOT_38,RACK_414,1.0,EXIT_24,,,,,,,,,0.0,2333.0,2339.0,6.0,1.0,,,,,,,,,,
2340.0,return_leg,BOT_36,RACK_383,1.0,EXIT_28,last_exit_to_return,EXIT_28,return,2236.25,2340.0,78.2,3.0,103.75,,,,,,,,,,,,,,,
2340.0,trip_completed,BOT_36,RACK_383,,,,,,,,,,,,,,,,1.0,1.0,2128.25,2340.0,211.75,156.60000000000002,205.75,0.0,6.0,211.75
2340.75,exit_stop_service,BOT_18,RACK_411,1.0,EXIT_8,,,,,,,,,0.0,2334.75,2340.75,6.0,1.0,,,,,,,,,,
2341.625,travel_leg,BOT_2,RACK_407,1.0,EXIT_27,receiving_to_first_exit,receiving,EXIT_27,2248.875,2341.625,71.0,2.0,92.75,,,,,,,,,,,,,,,
2342.375,return_leg,BOT_8,RACK_397,1.0,EXIT_24,last_exit_to_return,EXIT_24,return,2275.625,2342.375,48.599999999999994,3.0,66.75,,,,,,,,,,,,,,,
2342.375,trip_completed,BOT_8,RACK_397,,,,,,,,,,,,,,,,1.0,1.0,2204.625,2342.375,137.75,97.39999999999999,131.75,0.0,6.0,137.75
2342.75,exit_stop_service,BOT_35,RACK_406,1.0,EXIT_27,,,,,,,,,0.0,2336.75,2342.75,6.0,1.0,,,,,,,,,,
2345.0,exit_stop_service,BOT_32,RACK_417,1.0,EXIT_22,,,,,,,,,0.0,2339.0,2345.0,6.0,1.0,,,,,,,,,,
2348.75,exit_stop_service,BOT_2,RACK_407,1.0,EXIT_27,,,,,,,,,1.125,2342.75,2348.75,6.0,1.0,,,,,,,,,,
2349.25,travel_leg,BOT_33,RACK_413,1.0,EXIT_26,receiving_to_first_exit,receiving,EXIT_26,2265.75,2349.25,63.599999999999994,2.0,83.49999999999999,,,,,,,,,,,,,,,
2350.0,travel_leg,BOT_34,RACK_402,1.0,EXIT_16,receiving_to_first_exit,receiving,EXIT_16,2222.375,2350.0,98.89999999999998,2.0,127.62499999999997,,,,,,,,,,,,,,,
2355.25,exit_stop_service,BOT_33,RACK_413,1.0,EXIT_26,,,,,,,,,0.0,2349.25,2355.25,6.0,1.0,,,,,,,,,,
2356.0,exit_stop_service,BOT_34,RACK_402,1.0,EXIT_16,,,,,,,,,0.0,2350.0,2356.0,6.0,1.0,,,,,,,,,,
2358.25,travel_leg,BOT_27,RACK_412,1.0,EXIT_27,receiving_to_first_exit,receiving,EXIT_27,2265.5,2358.25,71.0,2.0,92.75,,,,,,,,,,,,,,,
2358.75,travel_leg,BOT_10,RACK_421,1.0,EXIT_22,receiving_to_first_exit,receiving,EXIT_22,2312.25,2358.75,34.0,2.0,46.5,,,,,,,,,,,,,,,
2359.75,return_leg,BOT_30,RACK_379,1.0,EXIT_14,last_exit_to_return,EXIT_14,return,2241.25,2359.75,89.99999999999999,3.0,118.49999999999997,,,,,,,,,,,,,,,
2359.75,trip_completed,BOT_30,RACK_379,,,,,,,,,,,,,,,,1.0,1.0,2121.625,2359.75,238.125,177.7,232.12499999999994,0.0,6.0,238.125
2362.0,travel_leg,BOT_22,RACK_420,1.0,EXIT_23,receiving_to_first_exit,receiving,EXIT_23,2306.25,2362.0,41.4,2.0,55.74999999999999,,,,,,,,,,,,,,,
2363.875,return_leg,BOT_17,RACK_392,1.0,EXIT_26,last_exit_to_return,EXIT_26,return,2278.625,2363.875,63.39999999999999,3.0,85.24999999999999,,,,,,,,,,,,,,,
2363.875,trip_completed,BOT_17,RACK_392,,,,,,,,,,,,,,,,1.0,1.0,2189.125,2363.875,174.75,126.99999999999999,168.74999999999997,0.0,6.0,174.75
2364.25,exit_stop_service,BOT_27,RACK_412,1.0,EXIT_27,,,,,,,,,0.0,2358.25,2364.25,6.0,1.0,,,,,,,,,,
2364.75,exit_stop_service,BOT_10,RACK_421,1.0,EXIT_22,,,,,,,,,0.0,2358.75,2364.75,6.0,1.0,,,,,,,,,,
2368.0,exit_stop_service,BOT_22,RACK_420,1.0,EXIT_23,,,,,,,,,0.0,2362.0,2368.0,6.0,1.0,,,,,,,,,,
2368.125,return_leg,BOT_16,RACK_409,1.0,EXIT_5,last_exit_to_return,EXIT_5,return,2312.625,2368.125,39.6,3.0,55.5,,,,,,,,,,,,,,,
2368.125,trip_completed,BOT_16,RACK_409,,,,,,,,,,,,,,,,1.0,1.0,2256.0,2368.125,112.125,76.9,106.125,0.0,6.0,112.125
2369.125,return_leg,BOT_11,RACK_386,1.0,EXIT_12,last_exit_to_return,EXIT_12,return,2264.625,2369.125,78.8,3.0,104.49999999999999,,,,,,,,,,,,,,,
2369.125,trip_completed,BOT_11,RACK_386,,,,,,,,,,,,,,,,1.0,1.0,2159.0,2369.125,210.125,155.3,204.125,0.0,6.0,210.125
2369.625,travel_leg,BOT_23,RACK_419,1.0,EXIT_24,receiving_to_first_exit,receiving,EXIT_24,2304.625,2369.625,48.8,2.0,65.0,,,,,,,,,,,,,,,
2373.125,return_leg,BOT_3,RACK_415,1.0,EXIT_22,last_exit_to_return,EXIT_22,return,2324.875,2373.125,33.8,3.0,48.24999999999999,,,,,,,,,,,,,,,
2373.125,trip_completed,BOT_3,RACK_415,,,,,,,,,,,,,,,,1.0,1.0,2272.375,2373.125,100.75,67.8,94.75,0.0,6.0,100.75
2375.625,exit_stop_service,BOT_23,RACK_419,1.0,EXIT_24,,,,,,,,,0.0,2369.625,2375.625,6.0,1.0,,,,,,,,,,
2377.0,return_leg,BOT_13,RACK_405,1.0,EXIT_24,last_exit_to_return,EXIT_24,return,2310.25,2377.0,48.599999999999994,3.0,66.75,,,,,,,,,,,,,,,
2377.0,trip_completed,BOT_13,RACK_405,,,,,,,,,,,,,,,,1.0,1.0,2239.25,2377.0,137.75,97.39999999999999,131.75,0.0,6.0,137.75
2383.875,travel_leg,BOT_20,RACK_425,1.0,EXIT_22,receiving_to_first_exit,receiving,EXIT_22,2337.375,2383.875,34.0,2.0,46.5,,,,,,,,,,,,,,,
2385.25,return_leg,BOT_14,RACK_404,1.0,EXIT_25,last_exit_to_return,EXIT_25,return,2309.25,2385.25,55.99999999999999,3.0,75.99999999999999,,,,,,,,,,,,,,,
2385.25,trip_completed,BOT_14,RACK_404,,,,,,,,,,,,,,,,1.0,1.0,2229.0,2385.25,156.25,112.19999999999999,150.24999999999997,0.0,6.0,156.25
2386.5,travel_leg,BOT_36,RACK_426,1.0,EXIT_22,receiving_to_first_exit,receiving,EXIT_22,2340.0,2386.5,34.0,2.0,46.5,,,,,,,,,,,,,,,
2389.875,exit_stop_service,BOT_20,RACK_425,1.0,EXIT_22,,,,,,,,,0.0,2383.875,2389.875,6.0,1.0,,,,,,,,,,
2391.75,return_leg,BOT_29,RACK_408,1.0,EXIT_24,last_exit_to_return,EXIT_24,return,2325.0,2391.75,48.599999999999994,3.0,66.75,,,,,,,,,,,,,,,
2391.75,trip_completed,BOT_29,RACK_408,,,,,,,,,,,,,,,,1.0,1.0,2254.0,2391.75,137.75,97.39999999999999,131.75,0.0,6.0,137.75
2393.125,return_leg,BOT_9,RACK_416,1.0,EXIT_5,last_exit_to_return,EXIT_5,return,2337.625,2393.125,39.6,3.0,55.5,,,,,,,,,,,,,,,
2393.125,trip_completed,BOT_9,RACK_416,,,,,,,,,,,,,,,,1.0,1.0,2281.0,2393.125,112.125,76.9,106.125,0.0,6.0,112.125
2393.25,return_leg,BOT_32,RACK_417,1.0,EXIT_22,last_exit_to_return,EXIT_22,return,2345.0,2393.25,33.8,3.0,48.24999999999999,,,,,,,,,,,,,,,
2393.25,trip_completed,BOT_32,RACK_417,,,,,,,,,,,,,,,,1.0,1.0,2292.5,2393.25,100.75,67.8,94.75,0.0,6.0,100.75
2395.875,exit_stop_service,BOT_36,RACK_426,1.0,EXIT_22,,,,,,,,,3.375,2389.875,2395.875,6.0,1.0,,,,,,,,,,
2396.25,return_leg,BOT_31,RACK_376,1.0,EXIT_18,last_exit_to_return,EXIT_18,return,2249.75,2396.25,112.39999999999996,3.0,146.49999999999994,,,,,,,,,,,,,,,
2396.25,trip_completed,BOT_31,RACK_376,,,,,,,,,,,,,,,,1.0,1.0,2102.125,2396.25,294.125,222.49999999999994,288.1249999999999,0.0,6.0,294.125
2398.125,return_leg,BOT_7,RACK_410,1.0,EXIT_24,last_exit_to_return,EXIT_24,return,2331.375,2398.125,48.599999999999994,3.0,66.75,,,,,,,,,,,,,,,
2398.125,trip_completed,BOT_7,RACK_410,,,,,,,,,,,,,,,,1.0,1.0,2260.375,2398.125,137.75,97.39999999999999,131.75,0.0,6.0,137.75
2399.625,return_leg,BOT_25,RACK_393,1.0,EXIT_12,last_exit_to_return,EXIT_12,return,2295.125,2399.625,78.8,3.0,104.49999999999999,,,,,,,,,,,,,,,
2399.625,trip_completed,BOT_25,RACK_393,,,,,,,,,,,,,,,,1.0,1.0,2189.5,2399.625,210.125,155.3,204.125,0.0,6.0,210.125
2405.75,return_leg,BOT_15,RACK_389,1.0,EXIT_29,last_exit_to_return,EXIT_29,return,2292.75,2405.75,85.60000000000001,3.0,113.0,,,,,,,,,,,,,,,
2405.75,return_leg,BOT_38,RACK_414,1.0,EXIT_24,last_exit_to_return,EXIT_24,return,2339.0,2405.75,48.599999999999994,3.0,66.75,,,,,,,,,,,,,,,
2405.75,trip_completed,BOT_15,RACK_389,,,,,,,,,,,,,,,,1.0,1.0,2175.5,2405.75,230.25,171.40000000000003,224.25,0.0,6.0,230.25
2405.75,trip_completed,BOT_38,RACK_414,,,,,,,,,,,,,,,,1.0,1.0,2268.0,2405.75,137.75,97.39999999999999,131.75,0.0,6.0,137.75
2406.25,travel_leg,BOT_30,RACK_428,1.0,EXIT_22,receiving_to_first_exit,receiving,EXIT_22,2359.75,2406.25,34.0,2.0,46.5,,,,,,,,,,,,,,,
2407.375,travel_leg,BOT_8,RACK_427,1.0,EXIT_24,receiving_to_first_exit,receiving,EXIT_24,2342.375,2407.375,48.8,2.0,65.0,,,,,,,,,,,,,,,
2410.625,travel_leg,BOT_12,RACK_422,1.0,EXIT_27,receiving_to_first_exit,receiving,EXIT_27,2317.875,2410.625,71.0,2.0,92.75,,,,,,,,,,,,,,,
2412.25,exit_stop_service,BOT_30,RACK_428,1.0,EXIT_22,,,,,,,,,0.0,2406.25,2412.25,6.0,1.0,,,,,,,,,,
2413.0,return_leg,BOT_10,RACK_421,1.0,EXIT_22,last_exit_to_return,EXIT_22,return,2364.75,2413.0,33.8,3.0,48.24999999999999,,,,,,,,,,,,,,,
2413.0,trip_completed,BOT_10,RACK_421,,,,,,,,,,,,,,,,1.0,1.0,2312.25,2413.0,100.75,67.8,94.75,0.0,6.0,100.75
2413.25,return_leg,BOT_6,RACK_390,1.0,EXIT_29,last_exit_to_return,EXIT_29,return,2300.25,2413.25,85.60000000000001,3.0,113.0,,,,,,,,,,,,,,,
2413.25,trip_completed,BOT_6,RACK_390,,,,,,,,,,,,,,,,1.0,1.0,2183.0,2413.25,230.25,171.40000000000003,224.25,0.0,6.0,230.25
2413.375,exit_stop_service,BOT_8,RACK_427,1.0,EXIT_24,,,,,,,,,0.0,2407.375,2413.375,6.0,1.0,,,,,,,,,,
2414.0,travel_leg,BOT_26,RACK_418,1.0,EXIT_15,receiving_to_first_exit,receiving,EXIT_15,2293.375,2414.0,93.29999999999998,2.0,120.62499999999997,,,,,,,,,,,,,,,
2416.625,exit_stop_service,BOT_12,RACK_422,1.0,EXIT_27,,,,,,,,,0.0,2410.625,2416.625,6.0,1.0,,,,,,,,,,
2417.25,return_leg,BOT_18,RACK_411,1.0,EXIT_8,last_exit_to_return,EXIT_8,return,2340.75,2417.25,56.400000000000006,3.0,76.5,,,,,,,,,,,,,,,
2417.25,trip_completed,BOT_18,RACK_411,,,,,,,,,,,,,,,,1.0,1.0,2263.125,2417.25,154.125,110.50000000000001,148.125,0.0,6.0,154.125
2417.375,return_leg,BOT_28,RACK_399,1.0,EXIT_12,last_exit_to_return,EXIT_12,return,2312.875,2417.375,78.8,3.0,104.49999999999999,,,,,,,,,,,,,,,
2417.375,trip_completed,BOT_28,RACK_399,,,,,,,,,,,,,,,,1.0,1.0,2207.25,2417.375,210.125,155.3,204.125,0.0,6.0,210.125
2419.625,travel_leg,BOT_3,RACK_432,1.0,EXIT_22,receiving_to_first_exit,receiving,EXIT_22,2373.125,2419.625,34.0,2.0,46.5,,,,,,,,,,,,,,,
2420.0,exit_stop_service,BOT_26,RACK_418,1.0,EXIT_15,,,,,,,,,0.0,2414.0,2420.0,6.0,1.0,,,,,,,,,,
2422.125,return_leg,BOT_19,RACK_403,1.0,EXIT_27,last_exit_to_return,EXIT_27,return,2327.625,2422.125,70.8,3.0,94.49999999999999,,,,,,,,,,,,,,,
2422.125,trip_completed,BOT_19,RACK_403,,,,,,,,,,,,,,,,1.0,1.0,2228.875,2422.125,193.25,141.8,187.25,0.0,6.0,193.25
2425.125,return_leg,BOT_21,RACK_394,1.0,EXIT_29,last_exit_to_return,EXIT_29,return,2312.125,2425.125,85.60000000000001,3.0,113.0,,,,,,,,,,,,,,,
2425.125,trip_completed,BOT_21,RACK_394,,,,,,,,,,,,,,,,1.0,1.0,2194.875,2425.125,230.25,171.40000000000003,224.25,0.0,6.0,230.25
2425.5,return_leg,BOT_22,RACK_420,1.0,EXIT_23,last_exit_to_return,EXIT_23,return,2368.0,2425.5,41.199999999999996,3.0,57.49999999999999,,,,,,,,,,,,,,,
2425.5,trip_completed,BOT_22,RACK_420,,,,,,,,,,,,,,,,1.0,1.0,2306.25,2425.5,119.25,82.6,113.24999999999999,0.0,6.0,119.25
2425.625,exit_stop_service,BOT_3,RACK_432,1.0,EXIT_22,,,,,,,,,0.0,2419.625,2425.625,6.0,1.0,,,,,,,,,,
2426.0,travel_leg,BOT_24,RACK_423,1.0,EXIT_28,receiving_to_first_exit,receiving,EXIT_28,2324.0,2426.0,78.4,2.0,102.0,,,,,,,,,,,,,,,
2427.5,travel_leg,BOT_1,RACK_424,1.0,EXIT_27,receiving_to_first_exit,receiving,EXIT_27,2334.75,2427.5,71.0,2.0,92.75,,,,,,,,,,,,,,,
2432.0,exit_stop_service,BOT_24,RACK_423,1.0,EXIT_28,,,,,,,,,0.0,2426.0,2432.0,6.0,1.0,,,,,,,,,,
2433.5,exit_stop_service,BOT_1,RACK_424,1.0,EXIT_27,,,,,,,,,0.0,2427.5,2433.5,6.0,1.0,,,,,,,,,,
2437.25,return_leg,BOT_35,RACK_406,1.0,EXIT_27,last_exit_to_return,EXIT_27,return,2342.75,2437.25,70.8,3.0,94.49999999999999,,,,,,,,,,,,,,,
2437.25,trip_completed,BOT_35,RACK_406,,,,,,,,,,,,,,,,1.0,1.0,2244.0,2437.25,193.25,141.8,187.25,0.0,6.0,193.25
2438.125,return_leg,BOT_20,RACK_425,1.0,EXIT_22,last_exit_to_return,EXIT_22,return,2389.875,2438.125,33.8,3.0,48.24999999999999,,,,,,,,,,,,,,,
2438.125,trip_completed,BOT_20,RACK_425,,,,,,,,,,,,,,,,1.0,1.0,2337.375,2438.125,100.75,67.8,94.75,0.0,6.0,100.75
2440.5,return_leg,BOT_33,RACK_413,1.0,EXIT_26,last_exit_to_return,EXIT_26,return,2355.25,2440.5,63.39999999999999,3.0,85.24999999999999,,,,,,,,,,,,,,,
2440.5,trip_completed,BOT_33,RACK_413,,,,,,,,,,,,,,,,1.0,1.0,2265.75,2440.5,174.75,126.99999999999999,168.74999999999997,0.0,6.0,174.75
2442.375,return_leg,BOT_23,RACK_419,1.0,EXIT_24,last_exit_to_return,EXIT_24,return,2375.625,2442.375,48.599999999999994,3.0,66.75,,,,,,,,,,,,,,,
2442.375,trip_completed,BOT_23,RACK_419,,,,,,,,,,,,,,,,1.0,1.0,2304.625,2442.375,137.75,97.39999999999999,131.75,0.0,6.0,137.75
2443.25,return_leg,BOT_2,RACK_407,1.0,EXIT_27,last_exit_to_return,EXIT_27,return,2348.75,2443.25,70.8,3.0,94.49999999999999,,,,,,,,,,,,,,,
2443.25,trip_completed,BOT_2,RACK_407,,,,,,,,,,,,,,,,1.0,1.0,2248.875,2443.25,194.375,141.8,187.25,1.125,6.0,194.375
2444.125,return_leg,BOT_36,RACK_426,1.0,EXIT_22,last_exit_to_return,EXIT_22,return,2395.875,2444.125,33.8,3.0,48.24999999999999,,,,,,,,,,,,,,,
2444.125,trip_completed,BOT_36,RACK_426,,,,,,,,,,,,,,,,1.0,1.0,2340.0,2444.125,104.125,67.8,94.75,3.375,6.0,104.125
2445.25,return_leg,BOT_5,RACK_401,1.0,EXIT_29,last_exit_to_return,EXIT_29,return,2332.25,2445.25,85.60000000000001,3.0,113.0,,,,,,,,,,,,,,,
2445.25,trip_completed,BOT_5,RACK_401,,,,,,,,,,,,,,,,1.0,1.0,2215.0,2445.25,230.25,171.40000000000003,224.25,0.0,6.0,230.25
2451.625,return_leg,BOT_4,RACK_391,1.0,EXIT_31,last_exit_to_return,EXIT_31,return,2320.125,2451.625,100.40000000000002,3.0,131.5,,,,,,,,,,,,,,,
2451.625,trip_completed,BOT_4,RACK_391,,,,,,,,,,,,,,,,1.0,1.0,2184.375,2451.625,267.25,201.00000000000006,261.25,0.0,6.0,267.25
2458.75,return_leg,BOT_27,RACK_412,1.0,EXIT_27,last_exit_to_return,EXIT_27,return,2364.25,2458.75,70.8,3.0,94.49999999999999,,,,,,,,,,,,,,,
2458.75,trip_completed,BOT_27,RACK_412,,,,,,,,,,,,,,,,1.0,1.0,2265.5,2458.75,193.25,141.8,187.25,0.0,6.0,193.25
2459.75,travel_leg,BOT_6,RACK_444,1.0,EXIT_22,receiving_to_first_exit,receiving,EXIT_22,2413.25,2459.75,34.0,2.0,46.5,,,,,,,,,,,,,,,
2460.5,return_leg,BOT_30,RACK_428,1.0,EXIT_22,last_exit_to_return,EXIT_22,return,2412.25,2460.5,33.8,3.0,48.24999999999999,,,,,,,,,,,,,,,
2460.5,trip_completed,BOT_30,RACK_428,,,,,,,,,,,,,,,,1.0,1.0,2359.75,2460.5,100.75,67.8,94.75,0.0,6.0,100.75
2461.875,travel_leg,BOT_11,RACK_431,1.0,EXIT_27,receiving_to_first_exit,receiving,EXIT_27,2369.125,2461.875,71.0,2.0,92.75,,,,,,,,,,,,,,,
2462.5,return_leg,BOT_37,RACK_395,1.0,EXIT_31,last_exit_to_return,EXIT_31,return,2331.0,2462.5,100.40000000000002,3.0,131.5,,,,,,,,,,,,,,,
2462.5,trip_completed,BOT_37,RACK_395,,,,,,,,,,,,,,,,1.0,1.0,2195.25,2462.5,267.25,201.00000000000006,261.25,0.0,6.0,267.25
2464.625,travel_leg,BOT_25,RACK_440,1.0,EXIT_24,receiving_to_first_exit,receiving,EXIT_24,2399.625,2464.625,48.8,2.0,65.0,,,,,,,,,,,,,,,
2465.75,exit_stop_service,BOT_6,RACK_444,1.0,EXIT_22,,,,,,,,,0.0,2459.75,2465.75,6.0,1.0,,,,,,,,,,
2467.875,exit_stop_service,BOT_11,RACK_431,1.0,EXIT_27,,,,,,,,,0.0,2461.875,2467.875,6.0,1.0,,,,,,,,,,
2470.125,travel_leg,BOT_16,RACK_430,1.0,EXIT_28,receiving_to_first_exit,receiving,EXIT_28,2368.125,2470.125,78.4,2.0,102.0,,,,,,,,,,,,,,,
2470.625,exit_stop_service,BOT_25,RACK_440,1.0,EXIT_24,,,,,,,,,0.0,2464.625,2470.625,6.0,1.0,,,,,,,,,,
2470.75,travel_leg,BOT_15,RACK_441,1.0,EXIT_24,receiving_to_first_exit,receiving,EXIT_24,2405.75,2470.75,48.8,2.0,65.0,,,,,,,,,,,,,,,
2470.75,travel_leg,BOT_38,RACK_442,1.0,EXIT_24,receiving_to_first_exit,receiving,EXIT_24,2405.75,2470.75,48.8,2.0,65.0,,,,,,,,,,,,,,,
2473.875,return_leg,BOT_3,RACK_432,1.0,EXIT_22,last_exit_to_return,EXIT_22,return,2425.625,2473.875,33.8,3.0,48.24999999999999,,,,,,,,,,,,,,,
2473.875,trip_completed,BOT_3,RACK_432,,,,,,,,,,,,,,,,1.0,1.0,2373.125,2473.875,100.75,67.8,94.75,0.0,6.0,100.75
2475.125,travel_leg,BOT_17,RACK_429,1.0,EXIT_29,receiving_to_first_exit,receiving,EXIT_29,2363.875,2475.125,85.80000000000001,2.0,111.25000000000001,,,,,,,,,,,,,,,
2476.125,exit_stop_service,BOT_16,RACK_430,1.0,EXIT_28,,,,,,,,,0.0,2470.125,2476.125,6.0,1.0,,,,,,,,,,
2476.75,exit_stop_service,BOT_15,RACK_441,1.0,EXIT_24,,,,,,,,,0.0,2470.75,2476.75,6.0,1.0,,,,,,,,,,
2480.125,return_leg,BOT_8,RACK_427,1.0,EXIT_24,last_exit_to_return,EXIT_24,return,2413.375,2480.125,48.599999999999994,3.0,66.75,,,,,,,,,,,,,,,
2480.125,trip_completed,BOT_8,RACK_427,,,,,,,,,,,,,,,,1.0,1.0,2342.375,2480.125,137.75,97.39999999999999,131.75,0.0,6.0,137.75
2481.125,exit_stop_service,BOT_17,RACK_429,1.0,EXIT_29,,,,,,,,,0.0,2475.125,2481.125,6.0,1.0,,,,,,,,,,
2482.75,exit_stop_service,BOT_38,RACK_442,1.0,EXIT_24,,,,,,,,,6.0,2476.75,2482.75,6.0,1.0,,,,,,,,,,
2484.375,travel_leg,BOT_29,RACK_435,1.0,EXIT_11,receiving_to_first_exit,receiving,EXIT_11,2391.75,2484.375,70.9,2.0,92.625,,,,,,,,,,,,,,,
2484.875,travel_leg,BOT_14,RACK_434,1.0,EXIT_12,receiving_to_first_exit,receiving,EXIT_12,2385.25,2484.875,76.5,2.0,99.625,,,,,,,,,,,,,,,
2488.5,return_leg,BOT_34,RACK_402,1.0,EXIT_16,last_exit_to_return,EXIT_16,return,2356.0,2488.5,101.19999999999997,3.0,132.49999999999994,,,,,,,,,,,,,,,
2488.5,trip_completed,BOT_34,RACK_402,,,,,,,,,,,,,,,,1.0,1.0,2222.375,2488.5,266.125,200.09999999999997,260.1249999999999,0.0,6.0,266.125
2490.375,exit_stop_service,BOT_29,RACK_435,1.0,EXIT_11,,,,,,,,,0.0,2484.375,2490.375,6.0,1.0,,,,,,,,,,
2490.875,exit_stop_service,BOT_14,RACK_434,1.0,EXIT_12,,,,,,,,,0.0,2484.875,2490.875,6.0,1.0,,,,,,,,,,
2495.25,travel_leg,BOT_32,RACK_437,1.0,EXIT_28,receiving_to_first_exit,receiving,EXIT_28,2393.25,2495.25,78.4,2.0,102.0,,,,,,,,,,,,,,,
2496.25,travel_leg,BOT_35,RACK_450,1.0,EXIT_21,receiving_to_first_exit,receiving,EXIT_21,2459.0,2496.25,26.599999999999994,2.0,37.24999999999999,,,,,,,,,,,,,,,
2501.25,exit_stop_service,BOT_32,RACK_437,1.0,EXIT_28,,,,,,,,,0.0,2495.25,2501.25,6.0,1.0,,,,,,,,,,
2502.25,exit_stop_service,BOT_35,RACK_450,1.0,EXIT_21,,,,,,,,,0.0,2496.25,2502.25,6.0,1.0,,,,,,,,,,
2506.25,travel_leg,BOT_18,RACK_445,1.0,EXIT_25,receiving_to_first_exit,receiving,EXIT_25,2432.0,2506.25,56.19999999999999,2.0,74.24999999999999,,,,,,,,,,,,,,,
2506.75,travel_leg,BOT_13,RACK_433,1.0,EXIT_31,receiving_to_first_exit,receiving,EXIT_31,2377.0,2506.75,100.60000000000002,2.0,129.75000000000003,,,,,,,,,,,,,,,
2509.375,travel_leg,BOT_7,RACK_439,1.0,EXIT_29,receiving_to_first_exit,receiving,EXIT_29,2398.125,2509.375,85.80000000000001,2.0,111.25000000000001,,,,,,,,,,,,,,,
2509.875,travel_leg,BOT_31,RACK_438,1.0,EXIT_14,receiving_to_first_exit,receiving,EXIT_14,2396.25,2509.875,87.69999999999999,2.0,113.62499999999999,,,,,,,,,,,,,,,
2511.125,return_leg,BOT_12,RACK_422,1.0,EXIT_27,last_exit_to_return,EXIT_27,return,2416.625,2511.125,70.8,3.0,94.49999999999999,,,,,,,,,,,,,,,
2511.125,trip_completed,BOT_12,RACK_422,,,,,,,,,,,,,,,,1.0,1.0,2317.875,2511.125,193.25,141.8,187.25,0.0,6.0,193.25
2512.25,exit_stop_service,BOT_18,RACK_445,1.0,EXIT_25,,,,,,,,,0.0,2506.25,2512.25,6.0,1.0,,,,,,,,,,
2512.75,exit_stop_service,BOT_13,RACK_433,1.0,EXIT_31,,,,,,,,,0.0,2506.75,2512.75,6.0,1.0,,,,,,,,,,
2513.625,travel_leg,BOT_9,RACK_436,1.0,EXIT_30,receiving_to_first_exit,receiving,EXIT_30,2393.125,2513.625,93.20000000000002,2.0,120.50000000000001,,,,,,,,,,,,,,,
2514.0,return_leg,BOT_6,RACK_444,1.0,EXIT_22,last_exit_to_return,EXIT_22,return,2465.75,2514.0,33.8,3.0,48.24999999999999,,,,,,,,,,,,,,,
2514.0,trip_completed,BOT_6,RACK_444,,,,,,,,,,,,,,,,1.0,1.0,2413.25,2514.0,100.75,67.8,94.75,0.0,6.0,100.75
2515.375,exit_stop_service,BOT_7,RACK_439,1.0,EXIT_29,,,,,,,,,0.0,2509.375,2515.375,6.0,1.0,,,,,,,,,,
2515.875,exit_stop_service,BOT_31,RACK_438,1.0,EXIT_14,,,,,,,,,0.0,2509.875,2515.875,6.0,1.0,,,,,,,,,,
2517.5,travel_leg,BOT_23,RACK_453,1.0,EXIT_22,receiving_to_first_exit,receiving,EXIT_22,2471.0,2517.5,34.0,2.0,46.5,,,,,,,,,,,,,,,
2518.0,travel_leg,BOT_28,RACK_446,1.0,EXIT_26,receiving_to_first_exit,receiving,EXIT_26,2434.5,2518.0,63.599999999999994,2.0,83.49999999999999,,,,,,,,,,,,,,,
2519.625,exit_stop_service,BOT_9,RACK_436,1.0,EXIT_30,,,,,,,,,0.0,2513.625,2519.625,6.0,1.0,,,,,,,,,,
2523.5,exit_stop_service,BOT_23,RACK_453,1.0,EXIT_22,,,,,,,,,0.0,2517.5,2523.5,6.0,1.0,,,,,,,,,,
2524.0,exit_stop_service,BOT_28,RACK_446,1.0,EXIT_26,,,,,,,,,0.0,2518.0,2524.0,6.0,1.0,,,,,,,,,,
2524.25,travel_leg,BOT_10,RACK_443,1.0,EXIT_29,receiving_to_first_exit,receiving,EXIT_29,2413.0,2524.25,85.80000000000001,2.0,111.25000000000001,,,,,,,,,,,,,,,
2528.0,return_leg,BOT_1,RACK_424,1.0,EXIT_27,last_exit_to_return,EXIT_27,return,2433.5,2528.0,70.8,3.0,94.49999999999999,,,,,,,,,,,,,,,
2528.0,trip_completed,BOT_1,RACK_424,,,,,,,,,,,,,,,,1.0,1.0,2334.75,2528.0,193.25,141.8,187.25,0.0,6.0,193.25
2530.25,exit_stop_service,BOT_10,RACK_443,1.0,EXIT_29,,,,,,,,,0.0,2524.25,2530.25,6.0,1.0,,,,,,,,,,
2535.75,return_leg,BOT_24,RACK_423,1.0,EXIT_28,last_exit_to_return,EXIT_28,return,2432.0,2535.75,78.2,3.0,103.75,,,,,,,,,,,,,,,
2535.75,trip_completed,BOT_24,RACK_423,,,,,,,,,,,,,,,,1.0,1.0,2324.0,2535.75,211.75,156.60000000000002,205.75,0.0,6.0,211.75
2537.375,return_leg,BOT_25,RACK_440,1.0,EXIT_24,last_exit_to_return,EXIT_24,return,2470.625,2537.375,48.599999999999994,3.0,66.75,,,,,,,,,,,,,,,
2537.375,trip_completed,BOT_25,RACK_440,,,,,,,,,,,,,,,,1.0,1.0,2399.625,2537.375,137.75,97.39999999999999,131.75,0.0,6.0,137.75
2537.75,travel_leg,BOT_21,RACK_448,1.0,EXIT_27,receiving_to_first_exit,receiving,EXIT_27,2445.0,2537.75,71.0,2.0,92.75,,,,,,,,,,,,,,,
2541.25,return_leg,BOT_35,RACK_450,1.0,EXIT_21,last_exit_to_return,EXIT_21,return,2502.25,2541.25,26.4,3.0,38.99999999999999,,,,,,,,,,,,,,,
2541.25,trip_completed,BOT_35,RACK_450,,,,,,,,,,,,,,,,1.0,1.0,2459.0,2541.25,82.25,52.99999999999999,76.24999999999999,0.0,6.0,82.25
2541.625,travel_leg,BOT_22,RACK_449,1.0,EXIT_11,receiving_to_first_exit,receiving,EXIT_11,2449.0,2541.625,70.9,2.0,92.625,,,,,,,,,,,,,,,
2543.5,return_leg,BOT_15,RACK_441,1.0,EXIT_24,last_exit_to_return,EXIT_24,return,2476.75,2543.5,48.599999999999994,3.0,66.75,,,,,,,,,,,,,,,
2543.5,trip_completed,BOT_15,RACK_441,,,,,,,,,,,,,,,,1.0,1.0,2405.75,2543.5,137.75,97.39999999999999,131.75,0.0,6.0,137.75
2543.75,exit_stop_service,BOT_21,RACK_448,1.0,EXIT_27,,,,,,,,,0.0,2537.75,2543.75,6.0,1.0,,,,,,,,,,
2545.5,return_leg,BOT_26,RACK_418,1.0,EXIT_15,last_exit_to_return,EXIT_15,return,2420.0,2545.5,95.59999999999998,3.0,125.49999999999997,,,,,,,,,,,,,,,
2545.5,trip_completed,BOT_26,RACK_418,,,,,,,,,,,,,,,,1.0,1.0,2293.375,2545.5,252.125,188.89999999999998,246.12499999999994,0.0,6.0,252.125
2547.625,exit_stop_service,BOT_22,RACK_449,1.0,EXIT_11,,,,,,,,,0.0,2541.625,2547.625,6.0,1.0,,,,,,,,,,
2549.5,return_leg,BOT_38,RACK_442,1.0,EXIT_24,last_exit_to_return,EXIT_24,return,2482.75,2549.5,48.599999999999994,3.0,66.75,,,,,,,,,,,,,,,
2549.5,trip_completed,BOT_38,RACK_442,,,,,,,,,,,,,,,,1.0,1.0,2405.75,2549.5,143.75,97.39999999999999,131.75,6.0,6.0,143.75
2549.75,travel_leg,BOT_2,RACK_454,1.0,EXIT_23,receiving_to_first_exit,receiving,EXIT_23,2494.0,2549.75,41.4,2.0,55.74999999999999,,,,,,,,,,,,,,,
2550.25,travel_leg,BOT_23,RACK_453,2.0,EXIT_25,between_exits,EXIT_22,EXIT_25,2523.5,2550.25,15.0,4.0,26.75,,,,,,,,,,,,,,,
2554.75,travel_leg,BOT_19,RACK_447,1.0,EXIT_29,receiving_to_first_exit,receiving,EXIT_29,2443.5,2554.75,85.80000000000001,2.0,111.25000000000001,,,,,,,,,,,,,,,
2555.75,exit_stop_service,BOT_2,RACK_454,1.0,EXIT_23,,,,,,,,,0.0,2549.75,2555.75,6.0,1.0,,,,,,,,,,
2556.25,exit_stop_service,BOT_23,RACK_453,2.0,EXIT_25,,,,,,,,,0.0,2550.25,2556.25,6.0,1.0,,,,,,,,,,
2560.0,travel_leg,BOT_30,RACK_459,1.0,EXIT_20,receiving_to_first_exit,receiving,EXIT_20,2532.0,2560.0,19.2,2.0,27.999999999999996,,,,,,,,,,,,,,,
2560.75,exit_stop_service,BOT_19,RACK_447,1.0,EXIT_29,,,,,,,,,0.0,2554.75,2560.75,6.0,1.0,,,,,,,,,,
2562.375,return_leg,BOT_11,RACK_431,1.0,EXIT_27,last_exit_to_return,EXIT_27,return,2467.875,2562.375,70.8,3.0,94.49999999999999,,,,,,,,,,,,,,,
2562.375,trip_completed,BOT_11,RACK_431,,,,,,,,,,,,,,,,1.0,1.0,2369.125,2562.375,193.25,141.8,187.25,0.0,6.0,193.25
2566.0,exit_stop_service,BOT_30,RACK_459,1.0,EXIT_20,,,,,,,,,0.0,2560.0,2566.0,6.0,1.0,,,,,,,,,,
2567.625,travel_leg,BOT_12,RACK_464,1.0,EXIT_1,receiving_to_first_exit,receiving,EXIT_1,2545.0,2567.625,14.899999999999999,2.0,22.624999999999996,,,,,,,,,,,,,,,
2573.625,exit_stop_service,BOT_12,RACK_464,1.0,EXIT_1,,,,,,,,,0.0,2567.625,2573.625,6.0,1.0,,,,,,,,,,
2574.25,travel_leg,BOT_3,RACK_461,1.0,EXIT_21,receiving_to_first_exit,receiving,EXIT_21,2537.0,2574.25,26.599999999999994,2.0,37.24999999999999,,,,,,,,,,,,,,,
2579.5,travel_leg,BOT_1,RACK_466,1.0,EXIT_20,receiving_to_first_exit,receiving,EXIT_20,2551.5,2579.5,19.2,2.0,27.999999999999996,,,,,,,,,,,,,,,
2579.875,return_leg,BOT_16,RACK_430,1.0,EXIT_28,last_exit_to_return,EXIT_28,return,2476.125,2579.875,78.2,3.0,103.75,,,,,,,,,,,,,,,
2579.875,trip_completed,BOT_16,RACK_430,,,,,,,,,,,,,,,,1.0,1.0,2368.125,2579.875,211.75,156.60000000000002,205.75,0.0,6.0,211.75
2580.25,exit_stop_service,BOT_3,RACK_461,1.0,EXIT_21,,,,,,,,,0.0,2574.25,2580.25,6.0,1.0,,,,,,,,,,
2581.5,travel_leg,BOT_20,RACK_451,1.0,EXIT_30,receiving_to_first_exit,receiving,EXIT_30,2461.0,2581.5,93.20000000000002,2.0,120.50000000000001,,,,,,,,,,,,,,,
2585.5,exit_stop_service,BOT_1,RACK_466,1.0,EXIT_20,,,,,,,,,0.0,2579.5,2585.5,6.0,1.0,,,,,,,,,,
2587.5,exit_stop_service,BOT_20,RACK_451,1.0,EXIT_30,,,,,,,,,0.0,2581.5,2587.5,6.0,1.0,,,,,,,,,,
2587.875,return_leg,BOT_29,RACK_435,1.0,EXIT_11,last_exit_to_return,EXIT_11,return,2490.375,2587.875,73.2,3.0,97.5,,,,,,,,,,,,,,,
2587.875,trip_completed,BOT_29,RACK_435,,,,,,,,,,,,,,,,1.0,1.0,2391.75,2587.875,196.125,144.10000000000002,190.125,0.0,6.0,196.125
2588.25,return_leg,BOT_18,RACK_445,1.0,EXIT_25,last_exit_to_return,EXIT_25,return,2512.25,2588.25,55.99999999999999,3.0,75.99999999999999,,,,,,,,,,,,,,,
2588.25,trip_completed,BOT_18,RACK_445,,,,,,,,,,,,,,,,1.0,1.0,2432.0,2588.25,156.25,112.19999999999999,150.24999999999997,0.0,6.0,156.25
2593.75,travel_leg,BOT_33,RACK_452,1.0,EXIT_31,receiving_to_first_exit,receiving,EXIT_31,2464.0,2593.75,100.60000000000002,2.0,129.75000000000003,,,,,,,,,,,,,,,
2594.125,return_leg,BOT_17,RACK_429,1.0,EXIT_29,last_exit_to_return,EXIT_29,return,2481.125,2594.125,85.60000000000001,3.0,113.0,,,,,,,,,,,,,,,
2594.125,trip_completed,BOT_17,RACK_429,,,,,,,,,,,,,,,,1.0,1.0,2363.875,2594.125,230.25,171.40000000000003,224.25,0.0,6.0,230.25
2595.375,return_leg,BOT_14,RACK_434,1.0,EXIT_12,last_exit_to_return,EXIT_12,return,2490.875,2595.375,78.8,3.0,104.49999999999999,,,,,,,,,,,,,,,
2595.375,trip_completed,BOT_14,RACK_434,,,,,,,,,,,,,,,,1.0,1.0,2385.25,2595.375,210.125,155.3,204.125,0.0,6.0,210.125
2595.75,return_leg,BOT_30,RACK_459,1.0,EXIT_20,last_exit_to_return,EXIT_20,return,2566.0,2595.75,19.0,3.0,29.75,,,,,,,,,,,,,,,
2595.75,trip_completed,BOT_30,RACK_459,,,,,,,,,,,,,,,,1.0,1.0,2532.0,2595.75,63.75,38.2,57.75,0.0,6.0,63.75
2597.0,travel_leg,BOT_27,RACK_458,1.0,EXIT_24,receiving_to_first_exit,receiving,EXIT_24,2532.0,2597.0,48.8,2.0,65.0,,,,,,,,,,,,,,,
2599.75,exit_stop_service,BOT_33,RACK_452,1.0,EXIT_31,,,,,,,,,0.0,2593.75,2599.75,6.0,1.0,,,,,,,,,,
2601.125,return_leg,BOT_12,RACK_464,1.0,EXIT_1,last_exit_to_return,EXIT_1,return,2573.625,2601.125,17.2,3.0,27.499999999999996,,,,,,,,,,,,,,,
2601.125,trip_completed,BOT_12,RACK_464,,,,,,,,,,,,,,,,1.0,1.0,2545.0,2601.125,56.125,32.099999999999994,50.12499999999999,0.0,6.0,56.125
2603.0,exit_stop_service,BOT_27,RACK_458,1.0,EXIT_24,,,,,,,,,0.0,2597.0,2603.0,6.0,1.0,,,,,,,,,,
2605.0,return_leg,BOT_32,RACK_437,1.0,EXIT_28,last_exit_to_return,EXIT_28,return,2501.25,2605.0,78.2,3.0,103.75,,,,,,,,,,,,,,,
2605.0,travel_leg,BOT_8,RACK_462,1.0,EXIT_24,receiving_to_first_exit,receiving,EXIT_24,2540.0,2605.0,48.8,2.0,65.0,,,,,,,,,,,,,,,
2605.0,trip_completed,BOT_32,RACK_437,,,,,,,,,,,,,,,,1.0,1.0,2393.25,2605.0,211.75,156.60000000000002,205.75,0.0,6.0,211.75
2608.125,travel_leg,BOT_26,RACK_471,1.0,EXIT_1,receiving_to_first_exit,receiving,EXIT_1,2585.5,2608.125,14.899999999999999,2.0,22.624999999999996,,,,,,,,,,,,,,,
2609.25,return_leg,BOT_28,RACK_446,1.0,EXIT_26,last_exit_to_return,EXIT_26,return,2524.0,2609.25,63.39999999999999,3.0,85.24999999999999,,,,,,,,,,,,,,,
2609.25,trip_completed,BOT_28,RACK_446,,,,,,,,,,,,,,,,1.0,1.0,2434.5,2609.25,174.75,126.99999999999999,168.74999999999997,0.0,6.0,174.75
2611.0,exit_stop_service,BOT_8,RACK_462,1.0,EXIT_24,,,,,,,,,0.0,2605.0,2611.0,6.0,1.0,,,,,,,,,,
2613.25,return_leg,BOT_2,RACK_454,1.0,EXIT_23,last_exit_to_return,EXIT_23,return,2555.75,2613.25,41.199999999999996,3.0,57.49999999999999,,,,,,,,,,,,,,,
2613.25,trip_completed,BOT_2,RACK_454,,,,,,,,,,,,,,,,1.0,1.0,2494.0,2613.25,119.25,82.6,113.24999999999999,0.0,6.0,119.25
2614.125,exit_stop_service,BOT_26,RACK_471,1.0,EXIT_1,,,,,,,,,0.0,2608.125,2614.125,6.0,1.0,,,,,,,,,,
2615.25,return_leg,BOT_1,RACK_466,1.0,EXIT_20,last_exit_to_return,EXIT_20,return,2585.5,2615.25,19.0,3.0,29.75,,,,,,,,,,,,,,,
2615.25,trip_completed,BOT_1,RACK_466,,,,,,,,,,,,,,,,1.0,1.0,2551.5,2615.25,63.75,38.2,57.75,0.0,6.0,63.75
2616.125,travel_leg,BOT_5,RACK_456,1.0,EXIT_12,receiving_to_first_exit,receiving,EXIT_12,2516.5,2616.125,76.5,2.0,99.625,,,,,,,,,,,,,,,
2619.25,travel_leg,BOT_36,RACK_455,1.0,EXIT_29,receiving_to_first_exit,receiving,EXIT_29,2508.0,2619.25,85.80000000000001,2.0,111.25000000000001,,,,,,,,,,,,,,,
2619.25,return_leg,BOT_3,RACK_461,1.0,EXIT_21,last_exit_to_return,EXIT_21,return,2580.25,2619.25,26.4,3.0,38.99999999999999,,,,,,,,,,,,,,,
2619.25,trip_completed,BOT_3,RACK_461,,,,,,,,,,,,,,,,1.0,1.0,2537.0,2619.25,82.25,52.99999999999999,76.24999999999999,0.0,6.0,82.25
2622.125,exit_stop_service,BOT_5,RACK_456,1.0,EXIT_12,,,,,,,,,0.0,2616.125,2622.125,6.0,1.0,,,,,,,,,,
2625.25,exit_stop_service,BOT_36,RACK_455,1.0,EXIT_29,,,,,,,,,0.0,2619.25,2625.25,6.0,1.0,,,,,,,,,,
2627.5,travel_leg,BOT_4,RACK_457,1.0,EXIT_28,receiving_to_first_exit,receiving,EXIT_28,2525.5,2627.5,78.4,2.0,102.0,,,,,,,,,,,,,,,
2628.375,return_leg,BOT_7,RACK_439,1.0,EXIT_29,last_exit_to_return,EXIT_29,return,2515.375,2628.375,85.60000000000001,3.0,113.0,,,,,,,,,,,,,,,
2628.375,trip_completed,BOT_7,RACK_439,,,,,,,,,,,,,,,,1.0,1.0,2398.125,2628.375,230.25,171.40000000000003,224.25,0.0,6.0,230.25
2632.25,return_leg,BOT_23,RACK_453,2.0,EXIT_25,last_exit_to_return,EXIT_25,return,2556.25,2632.25,55.99999999999999,3.0,75.99999999999999,,,,,,,,,,,,,,,
2632.25,trip_completed,BOT_23,RACK_453,,,,,,,,,,,,,,,,2.0,2.0,2471.0,2632.25,161.25,105.0,149.25,0.0,12.0,161.25
2633.5,exit_stop_service,BOT_4,RACK_457,1.0,EXIT_28,,,,,,,,,0.0,2627.5,2633.5,6.0,1.0,,,,,,,,,,
2634.375,return_leg,BOT_31,RACK_438,1.0,EXIT_14,last_exit_to_return,EXIT_14,return,2515.875,2634.375,89.99999999999999,3.0,118.49999999999997,,,,,,,,,,,,,,,
2634.375,trip_completed,BOT_31,RACK_438,,,,,,,,,,,,,,,,1.0,1.0,2396.25,2634.375,238.125,177.7,232.12499999999994,0.0,6.0,238.125
2638.25,return_leg,BOT_21,RACK_448,1.0,EXIT_27,last_exit_to_return,EXIT_27,return,2543.75,2638.25,70.8,3.0,94.49999999999999,,,,,,,,,,,,,,,
2638.25,trip_completed,BOT_21,RACK_448,,,,,,,,,,,,,,,,1.0,1.0,2445.0,2638.25,193.25,141.8,187.25,0.0,6.0,193.25
2638.5,travel_leg,BOT_37,RACK_460,1.0,EXIT_28,receiving_to_first_exit,receiving,EXIT_28,2536.5,2638.5,78.4,2.0,102.0,,,,,,,,,,,,,,,
2640.125,travel_leg,BOT_34,RACK_463,1.0,EXIT_12,receiving_to_first_exit,receiving,EXIT_12,2540.5,2640.125,76.5,2.0,99.625,,,,,,,,,,,,,,,
2641.0,travel_leg,BOT_25,RACK_468,1.0,EXIT_26,receiving_to_first_exit,receiving,EXIT_26,2557.5,2641.0,63.599999999999994,2.0,83.49999999999999,,,,,,,,,,,,,,,
2641.625,return_leg,BOT_26,RACK_471,1.0,EXIT_1,last_exit_to_return,EXIT_1,return,2614.125,2641.625,17.2,3.0,27.499999999999996,,,,,,,,,,,,,,,
2641.625,trip_completed,BOT_26,RACK_471,,,,,,,,,,,,,,,,1.0,1.0,2585.5,2641.625,56.125,32.099999999999994,50.12499999999999,0.0,6.0,56.125
2641.875,return_leg,BOT_9,RACK_436,1.0,EXIT_30,last_exit_to_return,EXIT_30,return,2519.625,2641.875,93.00000000000001,3.0,122.25000000000001,,,,,,,,,,,,,,,
2641.875,trip_completed,BOT_9,RACK_436,,,,,,,,,,,,,,,,1.0,1.0,2393.125,2641.875,248.75,186.20000000000005,242.75000000000003,0.0,6.0,248.75
2642.625,travel_leg,BOT_24,RACK_467,1.0,EXIT_10,receiving_to_first_exit,receiving,EXIT_10,2557.0,2642.625,65.30000000000001,2.0,85.62500000000001,,,,,,,,,,,,,,,
2643.25,return_leg,BOT_10,RACK_443,1.0,EXIT_29,last_exit_to_return,EXIT_29,return,2530.25,2643.25,85.60000000000001,3.0,113.0,,,,,,,,,,,,,,,
2643.25,trip_completed,BOT_10,RACK_443,,,,,,,,,,,,,,,,1.0,1.0,2413.0,2643.25,230.25,171.40000000000003,224.25,0.0,6.0,230.25
2644.25,return_leg,BOT_13,RACK_433,1.0,EXIT_31,last_exit_to_return,EXIT_31,return,2512.75,2644.25,100.40000000000002,3.0,131.5,,,,,,,,,,,,,,,
2644.25,trip_completed,BOT_13,RACK_433,,,,,,,,,,,,,,,,1.0,1.0,2377.0,2644.25,267.25,201.00000000000006,261.25,0.0,6.0,267.25
2644.5,exit_stop_service,BOT_37,RACK_460,1.0,EXIT_28,,,,,,,,,0.0,2638.5,2644.5,6.0,1.0,,,,,,,,,,
2645.125,return_leg,BOT_22,RACK_449,1.0,EXIT_11,last_exit_to_return,EXIT_11,return,2547.625,2645.125,73.2,3.0,97.5,,,,,,,,,,,,,,,
2645.125,trip_completed,BOT_22,RACK_449,,,,,,,,,,,,,,,,1.0,1.0,2449.0,2645.125,196.125,144.10000000000002,190.125,0.0,6.0,196.125
2646.125,exit_stop_service,BOT_34,RACK_463,1.0,EXIT_12,,,,,,,,,0.0,2640.125,2646.125,6.0,1.0,,,,,,,,,,
2647.0,exit_stop_service,BOT_25,RACK_468,1.0,EXIT_26,,,,,,,,,0.0,2641.0,2647.0,6.0,1.0,,,,,,,,,,
2648.625,travel_leg,BOT_14,RACK_478,1.0,EXIT_4,receiving_to_first_exit,receiving,EXIT_4,2605.0,2648.625,31.700000000000003,2.0,43.625,,,,,,,,,,,,,,,
2648.625,exit_stop_service,BOT_24,RACK_467,1.0,EXIT_10,,,,,,,,,0.0,2642.625,2648.625,6.0,1.0,,,,,,,,,,
2653.125,travel_leg,BOT_6,RACK_465,1.0,EXIT_13,receiving_to_first_exit,receiving,EXIT_13,2546.5,2653.125,82.1,2.0,106.62499999999999,,,,,,,,,,,,,,,
2654.625,exit_stop_service,BOT_14,RACK_478,1.0,EXIT_4,,,,,,,,,0.0,2648.625,2654.625,6.0,1.0,,,,,,,,,,
2659.125,exit_stop_service,BOT_6,RACK_465,1.0,EXIT_13,,,,,,,,,0.0,2653.125,2659.125,6.0,1.0,,,,,,,,,,
2664.0,travel_leg,BOT_35,RACK_469,1.0,EXIT_26,receiving_to_first_exit,receiving,EXIT_26,2580.5,2664.0,63.599999999999994,2.0,83.49999999999999,,,,,,,,,,,,,,,
2669.75,return_leg,BOT_27,RACK_458,1.0,EXIT_24,last_exit_to_return,EXIT_24,return,2603.0,2669.75,48.599999999999994,3.0,66.75,,,,,,,,,,,,,,,
2669.75,trip_completed,BOT_27,RACK_458,,,,,,,,,,,,,,,,1.0,1.0,2532.0,2669.75,137.75,97.39999999999999,131.75,0.0,6.0,137.75
2670.0,exit_stop_service,BOT_35,RACK_469,1.0,EXIT_26,,,,,,,,,0.0,2664.0,2670.0,6.0,1.0,,,,,,,,,,
2673.75,return_leg,BOT_19,RACK_447,1.0,EXIT_29,last_exit_to_return,EXIT_29,return,2560.75,2673.75,85.60000000000001,3.0,113.0,,,,,,,,,,,,,,,
2673.75,trip_completed,BOT_19,RACK_447,,,,,,,,,,,,,,,,1.0,1.0,2443.5,2673.75,230.25,171.40000000000003,224.25,0.0,6.0,230.25
2676.75,travel_leg,BOT_15,RACK_470,1.0,EXIT_27,receiving_to_first_exit,receiving,EXIT_27,2584.0,2676.75,71.0,2.0,92.75,,,,,,,,,,,,,,,
2677.75,return_leg,BOT_8,RACK_462,1.0,EXIT_24,last_exit_to_return,EXIT_24,return,2611.0,2677.75,48.599999999999994,3.0,66.75,,,,,,,,,,,,,,,
2677.75,trip_completed,BOT_8,RACK_462,,,,,,,,,,,,,,,,1.0,1.0,2540.0,2677.75,137.75,97.39999999999999,131.75,0.0,6.0,137.75
2679.0,travel_leg,BOT_16,RACK_474,1.0,EXIT_26,receiving_to_first_exit,receiving,EXIT_26,2595.5,2679.0,63.599999999999994,2.0,83.49999999999999,,,,,,,,,,,,,,,
2682.75,exit_stop_service,BOT_15,RACK_470,1.0,EXIT_27,,,,,,,,,0.0,2676.75,2682.75,6.0,1.0,,,,,,,,,,
2685.0,exit_stop_service,BOT_16,RACK_474,1.0,EXIT_26,,,,,,,,,0.0,2679.0,2685.0,6.0,1.0,,,,,,,,,,
2689.5,travel_leg,BOT_38,RACK_472,1.0,EXIT_28,receiving_to_first_exit,receiving,EXIT_28,2587.5,2689.5,78.4,2.0,102.0,,,,,,,,,,,,,,,
2691.0,travel_leg,BOT_2,RACK_483,1.0,EXIT_22,receiving_to_first_exit,receiving,EXIT_22,2644.5,2691.0,34.0,2.0,46.5,,,,,,,,,,,,,,,
2695.5,exit_stop_service,BOT_38,RACK_472,1.0,EXIT_28,,,,,,,,,0.0,2689.5,2695.5,6.0,1.0,,,,,,,,,,
2696.25,travel_leg,BOT_17,RACK_477,1.0,EXIT_27,receiving_to_first_exit,receiving,EXIT_27,2603.5,2696.25,71.0,2.0,92.75,,,,,,,,,,,,,,,
2697.0,exit_stop_service,BOT_2,RACK_483,1.0,EXIT_22,,,,,,,,,0.0,2691.0,2697.0,6.0,1.0,,,,,,,,,,
2697.5,travel_leg,BOT_11,RACK_473,1.0,EXIT_28,receiving_to_first_exit,receiving,EXIT_28,2595.5,2697.5,78.4,2.0,102.0,,,,,,,,,,,,,,,
2698.5,travel_leg,BOT_29,RACK_475,1.0,EXIT_28,receiving_to_first_exit,receiving,EXIT_28,2596.5,2698.5,78.4,2.0,102.0,,,,,,,,,,,,,,,
2702.25,exit_stop_service,BOT_17,RACK_477,1.0,EXIT_27,,,,,,,,,0.0,2696.25,2702.25,6.0,1.0,,,,,,,,,,
2703.125,return_leg,BOT_14,RACK_478,1.0,EXIT_4,last_exit_to_return,EXIT_4,return,2654.625,2703.125,34.0,3.0,48.5,,,,,,,,,,,,,,,
2703.125,trip_completed,BOT_14,RACK_478,,,,,,,,,,,,,,,,1.0,1.0,2605.0,2703.125,98.125,65.7,92.125,0.0,6.0,98.125
2703.5,exit_stop_service,BOT_11,RACK_473,1.0,EXIT_28,,,,,,,,,0.0,2697.5,2703.5,6.0,1.0,,,,,,,,,,
2705.0,travel_leg,BOT_18,RACK_476,1.0,EXIT_28,receiving_to_first_exit,receiving,EXIT_28,2603.0,2705.0,78.4,2.0,102.0,,,,,,,,,,,,,,,
2709.5,exit_stop_service,BOT_29,RACK_475,1.0,EXIT_28,,,,,,,,,5.0,2703.5,2709.5,6.0,1.0,,,,,,,,,,
2709.75,return_leg,BOT_20,RACK_451,1.0,EXIT_30,last_exit_to_return,EXIT_30,return,2587.5,2709.75,93.00000000000001,3.0,122.25000000000001,,,,,,,,,,,,,,,
2709.75,trip_completed,BOT_20,RACK_451,,,,,,,,,,,,,,,,1.0,1.0,2461.0,2709.75,248.75,186.20000000000005,242.75000000000003,0.0,6.0,248.75
2712.0,travel_leg,BOT_12,RACK_480,1.0,EXIT_26,receiving_to_first_exit,receiving,EXIT_26,2628.5,2712.0,63.599999999999994,2.0,83.49999999999999,,,,,,,,,,,,,,,
2715.5,exit_stop_service,BOT_18,RACK_476,1.0,EXIT_28,,,,,,,,,4.5,2709.5,2715.5,6.0,1.0,,,,,,,,,,
2718.0,exit_stop_service,BOT_12,RACK_480,1.0,EXIT_26,,,,,,,,,0.0,2712.0,2718.0,6.0,1.0,,,,,,,,,,
2726.625,return_leg,BOT_5,RACK_456,1.0,EXIT_12,last_exit_to_return,EXIT_12,return,2622.125,2726.625,78.8,3.0,104.49999999999999,,,,,,,,,,,,,,,
2726.625,trip_completed,BOT_5,RACK_456,,,,,,,,,,,,,,,,1.0,1.0,2516.5,2726.625,210.125,155.3,204.125,0.0,6.0,210.125
2731.25,return_leg,BOT_33,RACK_452,1.0,EXIT_31,last_exit_to_return,EXIT_31,return,2599.75,2731.25,100.40000000000002,3.0,131.5,,,,,,,,,,,,,,,
2731.25,trip_completed,BOT_33,RACK_452,,,,,,,,,,,,,,,,1.0,1.0,2464.0,2731.25,267.25,201.00000000000006,261.25,0.0,6.0,267.25
2732.25,return_leg,BOT_25,RACK_468,1.0,EXIT_26,last_exit_to_return,EXIT_26,return,2647.0,2732.25,63.39999999999999,3.0,85.24999999999999,,,,,,,,,,,,,,,
2732.25,trip_completed,BOT_25,RACK_468,,,,,,,,,,,,,,,,1.0,1.0,2557.5,2732.25,174.75,126.99999999999999,168.74999999999997,0.0,6.0,174.75
2734.75,travel_leg,BOT_30,RACK_479,1.0,EXIT_31,receiving_to_first_exit,receiving,EXIT_31,2605.0,2734.75,100.60000000000002,2.0,129.75000000000003,,,,,,,,,,,,,,,
2737.25,return_leg,BOT_4,RACK_457,1.0,EXIT_28,last_exit_to_return,EXIT_28,return,2633.5,2737.25,78.2,3.0,103.75,,,,,,,,,,,,,,,
2737.25,trip_completed,BOT_4,RACK_457,,,,,,,,,,,,,,,,1.0,1.0,2525.5,2737.25,211.75,156.60000000000002,205.75,0.0,6.0,211.75
2738.25,return_leg,BOT_36,RACK_455,1.0,EXIT_29,last_exit_to_return,EXIT_29,return,2625.25,2738.25,85.60000000000001,3.0,113.0,,,,,,,,,,,,,,,
2738.25,trip_completed,BOT_36,RACK_455,,,,,,,,,,,,,,,,1.0,1.0,2508.0,2738.25,230.25,171.40000000000003,224.25,0.0,6.0,230.25
2739.125,return_leg,BOT_24,RACK_467,1.0,EXIT_10,last_exit_to_return,EXIT_10,return,2648.625,2739.125,67.60000000000001,3.0,90.5,,,,,,,,,,,,,,,
2739.125,trip_completed,BOT_24,RACK_467,,,,,,,,,,,,,,,,1.0,1.0,2557.0,2739.125,182.125,132.90000000000003,176.125,0.0,6.0,182.125
2740.75,exit_stop_service,BOT_30,RACK_479,1.0,EXIT_31,,,,,,,,,0.0,2734.75,2740.75,6.0,1.0,,,,,,,,,,
2744.75,travel_leg,BOT_3,RACK_485,1.0,EXIT_25,receiving_to_first_exit,receiving,EXIT_25,2670.5,2744.75,56.19999999999999,2.0,74.24999999999999,,,,,,,,,,,,,,,
2745.25,return_leg,BOT_2,RACK_483,1.0,EXIT_22,last_exit_to_return,EXIT_22,return,2697.0,2745.25,33.8,3.0,48.24999999999999,,,,,,,,,,,,,,,
2745.25,trip_completed,BOT_2,RACK_483,,,,,,,,,,,,,,,,1.0,1.0,2644.5,2745.25,100.75,67.8,94.75,0.0,6.0,100.75
2748.25,return_leg,BOT_37,RACK_460,1.0,EXIT_28,last_exit_to_return,EXIT_28,return,2644.5,2748.25,78.2,3.0,103.75,,,,,,,,,,,,,,,
2748.25,trip_completed,BOT_37,RACK_460,,,,,,,,,,,,,,,,1.0,1.0,2536.5,2748.25,211.75,156.60000000000002,205.75,0.0,6.0,211.75
2750.625,return_leg,BOT_34,RACK_463,1.0,EXIT_12,last_exit_to_return,EXIT_12,return,2646.125,2750.625,78.8,3.0,104.49999999999999,,,,,,,,,,,,,,,
2750.625,travel_leg,BOT_9,RACK_491,1.0,EXIT_4,receiving_to_first_exit,receiving,EXIT_4,2707.0,2750.625,31.700000000000003,2.0,43.625,,,,,,,,,,,,,,,
2750.625,trip_completed,BOT_34,RACK_463,,,,,,,,,,,,,,,,1.0,1.0,2540.5,2750.625,210.125,155.3,204.125,0.0,6.0,210.125
2750.75,exit_stop_service,BOT_3,RACK_485,1.0,EXIT_25,,,,,,,,,0.0,2744.75,2750.75,6.0,1.0,,,,,,,,,,
2755.25,travel_leg,BOT_28,RACK_482,1.0,EXIT_29,receiving_to_first_exit,receiving,EXIT_29,2644.0,2755.25,85.80000000000001,2.0,111.25000000000001,,,,,,,,,,,,,,,
2755.25,return_leg,BOT_35,RACK_469,1.0,EXIT_26,last_exit_to_return,EXIT_26,return,2670.0,2755.25,63.39999999999999,3.0,85.24999999999999,,,,,,,,,,,,,,,
2755.25,trip_completed,BOT_35,RACK_469,,,,,,,,,,,,,,,,1.0,1.0,2580.5,2755.25,174.75,126.99999999999999,168.74999999999997,0.0,6.0,174.75
2756.625,travel_leg,BOT_32,RACK_481,1.0,EXIT_15,receiving_to_first_exit,receiving,EXIT_15,2636.0,2756.625,93.29999999999998,2.0,120.62499999999997,,,,,,,,,,,,,,,
2756.625,exit_stop_service,BOT_9,RACK_491,1.0,EXIT_4,,,,,,,,,0.0,2750.625,2756.625,6.0,1.0,,,,,,,,,,
2761.25,exit_stop_service,BOT_28,RACK_482,1.0,EXIT_29,,,,,,,,,0.0,2755.25,2761.25,6.0,1.0,,,,,,,,,,
2762.125,travel_leg,BOT_23,RACK_487,1.0,EXIT_8,receiving_to_first_exit,receiving,EXIT_8,2690.5,2762.125,54.10000000000001,2.0,71.625,,,,,,,,,,,,,,,
2762.625,exit_stop_service,BOT_32,RACK_481,1.0,EXIT_15,,,,,,,,,0.0,2756.625,2762.625,6.0,1.0,,,,,,,,,,
2767.5,travel_leg,BOT_7,RACK_486,1.0,EXIT_26,receiving_to_first_exit,receiving,EXIT_26,2684.0,2767.5,63.599999999999994,2.0,83.49999999999999,,,,,,,,,,,,,,,
2768.125,exit_stop_service,BOT_23,RACK_487,1.0,EXIT_8,,,,,,,,,0.0,2762.125,2768.125,6.0,1.0,,,,,,,,,,
2770.0,travel_leg,BOT_26,RACK_490,1.0,EXIT_24,receiving_to_first_exit,receiving,EXIT_24,2705.0,2770.0,48.8,2.0,65.0,,,,,,,,,,,,,,,
2770.25,return_leg,BOT_16,RACK_474,1.0,EXIT_26,last_exit_to_return,EXIT_26,return,2685.0,2770.25,63.39999999999999,3.0,85.24999999999999,,,,,,,,,,,,,,,
2770.25,trip_completed,BOT_16,RACK_474,,,,,,,,,,,,,,,,1.0,1.0,2595.5,2770.25,174.75,126.99999999999999,168.74999999999997,0.0,6.0,174.75
2770.625,return_leg,BOT_6,RACK_465,1.0,EXIT_13,last_exit_to_return,EXIT_13,return,2659.125,2770.625,84.39999999999999,3.0,111.49999999999999,,,,,,,,,,,,,,,
2770.625,trip_completed,BOT_6,RACK_465,,,,,,,,,,,,,,,,1.0,1.0,2546.5,2770.625,224.125,166.5,218.12499999999997,0.0,6.0,224.125
2772.0,travel_leg,BOT_1,RACK_484,1.0,EXIT_30,receiving_to_first_exit,receiving,EXIT_30,2651.5,2772.0,93.20000000000002,2.0,120.50000000000001,,,,,,,,,,,,,,,
2773.5,exit_stop_service,BOT_7,RACK_486,1.0,EXIT_26,,,,,,,,,0.0,2767.5,2773.5,6.0,1.0,,,,,,,,,,
2776.0,exit_stop_service,BOT_26,RACK_490,1.0,EXIT_24,,,,,,,,,0.0,2770.0,2776.0,6.0,1.0,,,,,,,,,,
2777.25,return_leg,BOT_15,RACK_470,1.0,EXIT_27,last_exit_to_return,EXIT_27,return,2682.75,2777.25,70.8,3.0,94.49999999999999,,,,,,,,,,,,,,,
2777.25,trip_completed,BOT_15,RACK_470,,,,,,,,,,,,,,,,1.0,1.0,2584.0,2777.25,193.25,141.8,187.25,0.0,6.0,193.25
2778.0,exit_stop_service,BOT_1,RACK_484,1.0,EXIT_30,,,,,,,,,0.0,2772.0,2778.0,6.0,1.0,,,,,,,,,,
2781.5,travel_leg,BOT_22,RACK_494,1.0,EXIT_22,receiving_to_first_exit,receiving,EXIT_22,2735.0,2781.5,34.0,2.0,46.5,,,,,,,,,,,,,,,
2783.0,travel_leg,BOT_31,RACK_488,1.0,EXIT_26,receiving_to_first_exit,receiving,EXIT_26,2699.5,2783.0,63.599999999999994,2.0,83.49999999999999,,,,,,,,,,,,,,,
2787.5,exit_stop_service,BOT_22,RACK_494,1.0,EXIT_22,,,,,,,,,0.0,2781.5,2787.5,6.0,1.0,,,,,,,,,,
2789.0,exit_stop_service,BOT_31,RACK_488,1.0,EXIT_26,,,,,,,,,0.0,2783.0,2789.0,6.0,1.0,,,,,,,,,,
2792.75,travel_leg,BOT_21,RACK_489,1.0,EXIT_27,receiving_to_first_exit,receiving,EXIT_27,2700.0,2792.75,71.0,2.0,92.75,,,,,,,,,,,,,,,
2796.75,return_leg,BOT_17,RACK_477,1.0,EXIT_27,last_exit_to_return,EXIT_27,return,2702.25,2796.75,70.8,3.0,94.49999999999999,,,,,,,,,,,,,,,
2796.75,trip_completed,BOT_17,RACK_477,,,,,,,,,,,,,,,,1.0,1.0,2603.5,2796.75,193.25,141.8,187.25,0.0,6.0,193.25
2798.75,exit_stop_service,BOT_21,RACK_489,1.0,EXIT_27,,,,,,,,,0.0,2792.75,2798.75,6.0,1.0,,,,,,,,,,
2799.25,return_leg,BOT_38,RACK_472,1.0,EXIT_28,last_exit_to_return,EXIT_28,return,2695.5,2799.25,78.2,3.0,103.75,,,,,,,,,,,,,,,
2799.25,trip_completed,BOT_38,RACK_472,,,,,,,,,,,,,,,,1.0,1.0,2587.5,2799.25,211.75,156.60000000000002,205.75,0.0,6.0,211.75
2803.25,return_leg,BOT_12,RACK_480,1.0,EXIT_26,last_exit_to_return,EXIT_26,return,2718.0,2803.25,63.39999999999999,3.0,85.24999999999999,,,,,,,,,,,,,,,
2803.25,trip_completed,BOT_12,RACK_480,,,,,,,,,,,,,,,,1.0,1.0,2628.5,2803.25,174.75,126.99999999999999,168.74999999999997,0.0,6.0,174.75
2805.125,return_leg,BOT_9,RACK_491,1.0,EXIT_4,last_exit_to_return,EXIT_4,return,2756.625,2805.125,34.0,3.0,48.5,,,,,,,,,,,,,,,
2805.125,trip_completed,BOT_9,RACK_491,,,,,,,,,,,,,,,,1.0,1.0,2707.0,2805.125,98.125,65.7,92.125,0.0,6.0,98.125
2807.25,return_leg,BOT_11,RACK_473,1.0,EXIT_28,last_exit_to_return,EXIT_28,return,2703.5,2807.25,78.2,3.0,103.75,,,,,,,,,,,,,,,
2807.25,trip_completed,BOT_11,RACK_473,,,,,,,,,,,,,,,,1.0,1.0,2595.5,2807.25,211.75,156.60000000000002,205.75,0.0,6.0,211.75
2813.25,return_leg,BOT_29,RACK_475,1.0,EXIT_28,last_exit_to_return,EXIT_28,return,2709.5,2813.25,78.2,3.0,103.75,,,,,,,,,,,,,,,
2813.25,trip_completed,BOT_29,RACK_475,,,,,,,,,,,,,,,,1.0,1.0,2596.5,2813.25,216.75,156.60000000000002,205.75,5.0,6.0,216.75
2819.25,return_leg,BOT_18,RACK_476,1.0,EXIT_28,last_exit_to_return,EXIT_28,return,2715.5,2819.25,78.2,3.0,103.75,,,,,,,,,,,,,,,
2819.25,trip_completed,BOT_18,RACK_476,,,,,,,,,,,,,,,,1.0,1.0,2603.0,2819.25,216.25,156.60000000000002,205.75,4.5,6.0,216.25
2826.75,return_leg,BOT_3,RACK_485,1.0,EXIT_25,last_exit_to_return,EXIT_25,return,2750.75,2826.75,55.99999999999999,3.0,75.99999999999999,,,,,,,,,,,,,,,
2826.75,trip_completed,BOT_3,RACK_485,,,,,,,,,,,,,,,,1.0,1.0,2670.5,2826.75,156.25,112.19999999999999,150.24999999999997,0.0,6.0,156.25
2832.0,travel_leg,BOT_14,RACK_498,1.0,EXIT_26,receiving_to_first_exit,receiving,EXIT_26,2748.5,2832.0,63.599999999999994,2.0,83.49999999999999,,,,,,,,,,,,,,,
2835.0,travel_leg,BOT_36,RACK_504,1.0,EXIT_24,receiving_to_first_exit,receiving,EXIT_24,2770.0,2835.0,48.8,2.0,65.0,,,,,,,,,,,,,,,
2835.75,return_leg,BOT_22,RACK_494,1.0,EXIT_22,last_exit_to_return,EXIT_22,return,2787.5,2835.75,33.8,3.0,48.24999999999999,,,,,,,,,,,,,,,
2835.75,trip_completed,BOT_22,RACK_494,,,,,,,,,,,,,,,,1.0,1.0,2735.0,2835.75,100.75,67.8,94.75,0.0,6.0,100.75
2838.0,exit_stop_service,BOT_14,RACK_498,1.0,EXIT_26,,,,,,,,,0.0,2832.0,2838.0,6.0,1.0,,,,,,,,,,
2841.0,exit_stop_service,BOT_36,RACK_504,1.0,EXIT_24,,,,,,,,,0.0,2835.0,2841.0,6.0,1.0,,,,,,,,,,
2842.75,return_leg,BOT_26,RACK_490,1.0,EXIT_24,last_exit_to_return,EXIT_24,return,2776.0,2842.75,48.599999999999994,3.0,66.75,,,,,,,,,,,,,,,
2842.75,trip_completed,BOT_26,RACK_490,,,,,,,,,,,,,,,,1.0,1.0,2705.0,2842.75,137.75,97.39999999999999,131.75,0.0,6.0,137.75
2844.625,return_leg,BOT_23,RACK_487,1.0,EXIT_8,last_exit_to_return,EXIT_8,return,2768.125,2844.625,56.400000000000006,3.0,76.5,,,,,,,,,,,,,,,
2844.625,trip_completed,BOT_23,RACK_487,,,,,,,,,,,,,,,,1.0,1.0,2690.5,2844.625,154.125,110.50000000000001,148.125,0.0,6.0,154.125
2845.5,travel_leg,BOT_5,RACK_500,1.0,EXIT_26,receiving_to_first_exit,receiving,EXIT_26,2762.0,2845.5,63.599999999999994,2.0,83.49999999999999,,,,,,,,,,,,,,,
2847.5,travel_leg,BOT_19,RACK_496,1.0,EXIT_28,receiving_to_first_exit,receiving,EXIT_28,2745.5,2847.5,78.4,2.0,102.0,,,,,,,,,,,,,,,
2848.0,travel_leg,BOT_8,RACK_497,1.0,EXIT_28,receiving_to_first_exit,receiving,EXIT_28,2746.0,2848.0,78.4,2.0,102.0,,,,,,,,,,,,,,,
2848.5,travel_leg,BOT_10,RACK_492,1.0,EXIT_32,receiving_to_first_exit,receiving,EXIT_32,2709.5,2848.5,108.00000000000003,2.0,139.00000000000003,,,,,,,,,,,,,,,
2848.5,travel_leg,BOT_37,RACK_507,1.0,EXIT_24,receiving_to_first_exit,receiving,EXIT_24,2783.5,2848.5,48.8,2.0,65.0,,,,,,,,,,,,,,,
2849.625,travel_leg,BOT_35,RACK_509,1.0,EXIT_6,receiving_to_first_exit,receiving,EXIT_6,2792.0,2849.625,42.900000000000006,2.0,57.62500000000001,,,,,,,,,,,,,,,
2851.0,travel_leg,BOT_4,RACK_503,1.0,EXIT_26,receiving_to_first_exit,receiving,EXIT_26,2767.5,2851.0,63.599999999999994,2.0,83.49999999999999,,,,,,,,,,,,,,,
2851.5,exit_stop_service,BOT_5,RACK_500,1.0,EXIT_26,,,,,,,,,0.0,2845.5,2851.5,6.0,1.0,,,,,,,,,,
2853.5,exit_stop_service,BOT_19,RACK_496,1.0,EXIT_28,,,,,,,,,0.0,2847.5,2853.5,6.0,1.0,,,,,,,,,,
2854.5,exit_stop_service,BOT_10,RACK_492,1.0,EXIT_32,,,,,,,,,0.0,2848.5,2854.5,6.0,1.0,,,,,,,,,,
2854.5,exit_stop_service,BOT_37,RACK_507,1.0,EXIT_24,,,,,,,,,0.0,2848.5,2854.5,6.0,1.0,,,,,,,,,,
2855.625,exit_stop_service,BOT_35,RACK_509,1.0,EXIT_6,,,,,,,,,0.0,2849.625,2855.625,6.0,1.0,,,,,,,,,,
2857.25,travel_leg,BOT_33,RACK_501,1.0,EXIT_27,receiving_to_first_exit,receiving,EXIT_27,2764.5,2857.25,71.0,2.0,92.75,,,,,,,,,,,,,,,
2857.5,exit_stop_service,BOT_4,RACK_503,1.0,EXIT_26,,,,,,,,,0.5,2851.5,2857.5,6.0,1.0,,,,,,,,,,
2858.75,return_leg,BOT_7,RACK_486,1.0,EXIT_26,last_exit_to_return,EXIT_26,return,2773.5,2858.75,63.39999999999999,3.0,85.24999999999999,,,,,,,,,,,,,,,
2858.75,trip_completed,BOT_7,RACK_486,,,,,,,,,,,,,,,,1.0,1.0,2684.0,2858.75,174.75,126.99999999999999,168.74999999999997,0.0,6.0,174.75
2859.25,travel_leg,BOT_13,RACK_493,1.0,EXIT_31,receiving_to_first_exit,receiving,EXIT_31,2729.5,2859.25,100.60000000000002,2.0,129.75000000000003,,,,,,,,,,,,,,,
2859.5,exit_stop_service,BOT_8,RACK_497,1.0,EXIT_28,,,,,,,,,5.5,2853.5,2859.5,6.0,1.0,,,,,,,,,,
2863.25,exit_stop_service,BOT_33,RACK_501,1.0,EXIT_27,,,,,,,,,0.0,2857.25,2863.25,6.0,1.0,,,,,,,,,,
2865.25,exit_stop_service,BOT_13,RACK_493,1.0,EXIT_31,,,,,,,,,0.0,2859.25,2865.25,6.0,1.0,,,,,,,,,,
2867.0,travel_leg,BOT_25,RACK_502,1.0,EXIT_28,receiving_to_first_exit,receiving,EXIT_28,2765.0,2867.0,78.4,2.0,102.0,,,,,,,,,,,,,,,
2870.75,travel_leg,BOT_27,RACK_495,1.0,EXIT_31,receiving_to_first_exit,receiving,EXIT_31,2741.0,2870.75,100.60000000000002,2.0,129.75000000000003,,,,,,,,,,,,,,,
2872.0,travel_leg,BOT_38,RACK_514,1.0,EXIT_22,receiving_to_first_exit,receiving,EXIT_22,2825.5,2872.0,34.0,2.0,46.5,,,,,,,,,,,,,,,
2872.25,return_leg,BOT_30,RACK_479,1.0,EXIT_31,last_exit_to_return,EXIT_31,return,2740.75,2872.25,100.40000000000002,3.0,131.5,,,,,,,,,,,,,,,
2872.25,trip_completed,BOT_30,RACK_479,,,,,,,,,,,,,,,,1.0,1.0,2605.0,2872.25,267.25,201.00000000000006,261.25,0.0,6.0,267.25
2873.0,exit_stop_service,BOT_25,RACK_502,1.0,EXIT_28,,,,,,,,,0.0,2867.0,2873.0,6.0,1.0,,,,,,,,,,
2874.25,return_leg,BOT_28,RACK_482,1.0,EXIT_29,last_exit_to_return,EXIT_29,return,2761.25,2874.25,85.60000000000001,3.0,113.0,,,,,,,,,,,,,,,
2874.25,return_leg,BOT_31,RACK_488,1.0,EXIT_26,last_exit_to_return,EXIT_26,return,2789.0,2874.25,63.39999999999999,3.0,85.24999999999999,,,,,,,,,,,,,,,
2874.25,trip_completed,BOT_28,RACK_482,,,,,,,,,,,,,,,,1.0,1.0,2644.0,2874.25,230.25,171.40000000000003,224.25,0.0,6.0,230.25
2874.25,trip_completed,BOT_31,RACK_488,,,,,,,,,,,,,,,,1.0,1.0,2699.5,2874.25,174.75,126.99999999999999,168.74999999999997,0.0,6.0,174.75
2876.75,exit_stop_service,BOT_27,RACK_495,1.0,EXIT_31,,,,,,,,,0.0,2870.75,2876.75,6.0,1.0,,,,,,,,,,
2878.0,exit_stop_service,BOT_38,RACK_514,1.0,EXIT_22,,,,,,,,,0.0,2872.0,2878.0,6.0,1.0,,,,,,,,,,
2884.25,travel_leg,BOT_20,RACK_499,1.0,EXIT_31,receiving_to_first_exit,receiving,EXIT_31,2754.5,2884.25,100.60000000000002,2.0,129.75000000000003,,,,,,,,,,,,,,,
2884.25,travel_leg,BOT_2,RACK_506,1.0,EXIT_29,receiving_to_first_exit,receiving,EXIT_29,2773.0,2884.25,85.80000000000001,2.0,111.25000000000001,,,,,,,,,,,,,,,
2888.125,return_leg,BOT_32,RACK_481,1.0,EXIT_15,last_exit_to_return,EXIT_15,return,2762.625,2888.125,95.59999999999998,3.0,125.49999999999997,,,,,,,,,,,,,,,
2888.125,trip_completed,BOT_32,RACK_481,,,,,,,,,,,,,,,,1.0,1.0,2636.0,2888.125,252.125,188.89999999999998,246.12499999999994,0.0,6.0,252.125
2890.25,exit_stop_service,BOT_20,RACK_499,1.0,EXIT_31,,,,,,,,,0.0,2884.25,2890.25,6.0,1.0,,,,,,,,,,
2890.25,exit_stop_service,BOT_2,RACK_506,1.0,EXIT_29,,,,,,,,,0.0,2884.25,2890.25,6.0,1.0,,,,,,,,,,
2893.0,travel_leg,BOT_24,RACK_505,1.0,EXIT_30,receiving_to_first_exit,receiving,EXIT_30,2772.5,2893.0,93.20000000000002,2.0,120.50000000000001,,,,,,,,,,,,,,,
2893.25,return_leg,BOT_21,RACK_489,1.0,EXIT_27,last_exit_to_return,EXIT_27,return,2798.75,2893.25,70.8,3.0,94.49999999999999,,,,,,,,,,,,,,,
2893.25,trip_completed,BOT_21,RACK_489,,,,,,,,,,,,,,,,1.0,1.0,2700.0,2893.25,193.25,141.8,187.25,0.0,6.0,193.25
2899.0,exit_stop_service,BOT_24,RACK_505,1.0,EXIT_30,,,,,,,,,0.0,2893.0,2899.0,6.0,1.0,,,,,,,,,,
2900.25,return_leg,BOT_1,RACK_484,1.0,EXIT_30,last_exit_to_return,EXIT_30,return,2778.0,2900.25,93.00000000000001,3.0,122.25000000000001,,,,,,,,,,,,,,,
2900.25,trip_completed,BOT_1,RACK_484,,,,,,,,,,,,,,,,1.0,1.0,2651.5,2900.25,248.75,186.20000000000005,242.75000000000003,0.0,6.0,248.75
2900.75,travel_leg,BOT_34,RACK_508,1.0,EXIT_29,receiving_to_first_exit,receiving,EXIT_29,2789.5,2900.75,85.80000000000001,2.0,111.25000000000001,,,,,,,,,,,,,,,
2906.75,exit_stop_service,BOT_34,RACK_508,1.0,EXIT_29,,,,,,,,,0.0,2900.75,2906.75,6.0,1.0,,,,,,,,,,
2907.75,return_leg,BOT_36,RACK_504,1.0,EXIT_24,last_exit_to_return,EXIT_24,return,2841.0,2907.75,48.599999999999994,3.0,66.75,,,,,,,,,,,,,,,
2907.75,trip_completed,BOT_36,RACK_504,,,,,,,,,,,,,,,,1.0,1.0,2770.0,2907.75,137.75,97.39999999999999,131.75,0.0,6.0,137.75
2909.75,travel_leg,BOT_6,RACK_511,1.0,EXIT_27,receiving_to_first_exit,receiving,EXIT_27,2817.0,2909.75,71.0,2.0,92.75,,,,,,,,,,,,,,,
2914.125,travel_leg,BOT_26,RACK_522,1.0,EXIT_5,receiving_to_first_exit,receiving,EXIT_5,2863.5,2914.125,37.300000000000004,2.0,50.625,,,,,,,,,,,,,,,
2914.75,travel_leg,BOT_16,RACK_510,1.0,EXIT_29,receiving_to_first_exit,receiving,EXIT_29,2803.5,2914.75,85.80000000000001,2.0,111.25000000000001,,,,,,,,,,,,,,,
2915.75,exit_stop_service,BOT_6,RACK_511,1.0,EXIT_27,,,,,,,,,0.0,2909.75,2915.75,6.0,1.0,,,,,,,,,,
2917.5,travel_leg,BOT_7,RACK_524,1.0,EXIT_22,receiving_to_first_exit,receiving,EXIT_22,2871.0,2917.5,34.0,2.0,46.5,,,,,,,,,,,,,,,
2918.125,return_leg,BOT_35,RACK_509,1.0,EXIT_6,last_exit_to_return,EXIT_6,return,2855.625,2918.125,45.2,3.0,62.5,,,,,,,,,,,,,,,
2918.125,trip_completed,BOT_35,RACK_509,,,,,,,,,,,,,,,,1.0,1.0,2792.0,2918.125,126.125,88.10000000000001,120.125,0.0,6.0,126.125
2920.125,travel_leg,BOT_15,RACK_512,1.0,EXIT_12,receiving_to_first_exit,receiving,EXIT_12,2820.5,2920.125,76.5,2.0,99.625,,,,,,,,,,,,,,,
2920.125,exit_stop_service,BOT_26,RACK_522,1.0,EXIT_5,,,,,,,,,0.0,2914.125,2920.125,6.0,1.0,,,,,,,,,,
2920.75,exit_stop_service,BOT_16,RACK_510,1.0,EXIT_29,,,,,,,,,0.0,2914.75,2920.75,6.0,1.0,,,,,,,,,,
2921.25,return_leg,BOT_37,RACK_507,1.0,EXIT_24,last_exit_to_return,EXIT_24,return,2854.5,2921.25,48.599999999999994,3.0,66.75,,,,,,,,,,,,,,,
2921.25,trip_completed,BOT_37,RACK_507,,,,,,,,,,,,,,,,1.0,1.0,2783.5,2921.25,137.75,97.39999999999999,131.75,0.0,6.0,137.75
2922.75,travel_leg,BOT_12,RACK_515,1.0,EXIT_27,receiving_to_first_exit,receiving,EXIT_27,2830.0,2922.75,71.0,2.0,92.75,,,,,,,,,,,,,,,
2923.25,return_leg,BOT_14,RACK_498,1.0,EXIT_26,last_exit_to_return,EXIT_26,return,2838.0,2923.25,63.39999999999999,3.0,85.24999999999999,,,,,,,,,,,,,,,
2923.25,trip_completed,BOT_14,RACK_498,,,,,,,,,,,,,,,,1.0,1.0,2748.5,2923.25,174.75,126.99999999999999,168.74999999999997,0.0,6.0,174.75
2923.5,exit_stop_service,BOT_7,RACK_524,1.0,EXIT_22,,,,,,,,,0.0,2917.5,2923.5,6.0,1.0,,,,,,,,,,
2926.125,exit_stop_service,BOT_15,RACK_512,1.0,EXIT_12,,,,,,,,,0.0,2920.125,2926.125,6.0,1.0,,,,,,,,,,
2926.25,return_leg,BOT_38,RACK_514,1.0,EXIT_22,last_exit_to_return,EXIT_22,return,2878.0,2926.25,33.8,3.0,48.24999999999999,,,,,,,,,,,,,,,
2926.25,trip_completed,BOT_38,RACK_514,,,,,,,,,,,,,,,,1.0,1.0,2825.5,2926.25,100.75,67.8,94.75,0.0,6.0,100.75
2928.75,exit_stop_service,BOT_12,RACK_515,1.0,EXIT_27,,,,,,,,,0.0,2922.75,2928.75,6.0,1.0,,,,,,,,,,
2932.75,travel_leg,BOT_17,RACK_513,1.0,EXIT_29,receiving_to_first_exit,receiving,EXIT_29,2821.5,2932.75,85.80000000000001,2.0,111.25000000000001,,,,,,,,,,,,,,,
2936.75,return_leg,BOT_5,RACK_500,1.0,EXIT_26,last_exit_to_return,EXIT_26,return,2851.5,2936.75,63.39999999999999,3.0,85.24999999999999,,,,,,,,,,,,,,,
2936.75,trip_completed,BOT_5,RACK_500,,,,,,,,,,,,,,,,1.0,1.0,2762.0,2936.75,174.75,126.99999999999999,168.74999999999997,0.0,6.0,174.75
2937.5,travel_leg,BOT_11,RACK_517,1.0,EXIT_28,receiving_to_first_exit,receiving,EXIT_28,2835.5,2937.5,78.4,2.0,102.0,,,,,,,,,,,,,,,
2938.75,exit_stop_service,BOT_17,RACK_513,1.0,EXIT_29,,,,,,,,,0.0,2932.75,2938.75,6.0,1.0,,,,,,,,,,
2941.0,travel_leg,BOT_18,RACK_519,1.0,EXIT_28,receiving_to_first_exit,receiving,EXIT_28,2839.0,2941.0,78.4,2.0,102.0,,,,,,,,,,,,,,,
2942.75,return_leg,BOT_4,RACK_503,1.0,EXIT_26,last_exit_to_return,EXIT_26,return,2857.5,2942.75,63.39999999999999,3.0,85.24999999999999,,,,,,,,,,,,,,,
2942.75,trip_completed,BOT_4,RACK_503,,,,,,,,,,,,,,,,1.0,1.0,2767.5,2942.75,175.25,126.99999999999999,168.74999999999997,0.5,6.0,175.25
2943.5,exit_stop_service,BOT_11,RACK_517,1.0,EXIT_28,,,,,,,,,0.0,2937.5,2943.5,6.0,1.0,,,,,,,,,,
2949.5,exit_stop_service,BOT_18,RACK_519,1.0,EXIT_28,,,,,,,,,2.5,2943.5,2949.5,6.0,1.0,,,,,,,,,,
2951.375,travel_leg,BOT_36,RACK_531,1.0,EXIT_4,receiving_to_first_exit,receiving,EXIT_4,2907.75,2951.375,31.700000000000003,2.0,43.625,,,,,,,,,,,,,,,
2952.0,travel_leg,BOT_3,RACK_520,1.0,EXIT_28,receiving_to_first_exit,receiving,EXIT_28,2850.0,2952.0,78.4,2.0,102.0,,,,,,,,,,,,,,,
2957.25,return_leg,BOT_19,RACK_496,1.0,EXIT_28,last_exit_to_return,EXIT_28,return,2853.5,2957.25,78.2,3.0,103.75,,,,,,,,,,,,,,,
2957.25,trip_completed,BOT_19,RACK_496,,,,,,,,,,,,,,,,1.0,1.0,2745.5,2957.25,211.75,156.60000000000002,205.75,0.0,6.0,211.75
2957.375,exit_stop_service,BOT_36,RACK_531,1.0,EXIT_4,,,,,,,,,0.0,2951.375,2957.375,6.0,1.0,,,,,,,,,,
2957.75,return_leg,BOT_33,RACK_501,1.0,EXIT_27,last_exit_to_return,EXIT_27,return,2863.25,2957.75,70.8,3.0,94.49999999999999,,,,,,,,,,,,,,,
2957.75,trip_completed,BOT_33,RACK_501,,,,,,,,,,,,,,,,1.0,1.0,2764.5,2957.75,193.25,141.8,187.25,0.0,6.0,193.25
2958.0,exit_stop_service,BOT_3,RACK_520,1.0,EXIT_28,,,,,,,,,0.0,2952.0,2958.0,6.0,1.0,,,,,,,,,,
2960.5,travel_leg,BOT_14,RACK_534,1.0,EXIT_21,receiving_to_first_exit,receiving,EXIT_21,2923.25,2960.5,26.599999999999994,2.0,37.24999999999999,,,,,,,,,,,,,,,
2963.25,return_leg,BOT_8,RACK_497,1.0,EXIT_28,last_exit_to_return,EXIT_28,return,2859.5,2963.25,78.2,3.0,103.75,,,,,,,,,,,,,,,
2963.25,trip_completed,BOT_8,RACK_497,,,,,,,,,,,,,,,,1.0,1.0,2746.0,2963.25,217.25,156.60000000000002,205.75,5.5,6.0,217.25
2965.75,travel_leg,BOT_29,RACK_518,1.0,EXIT_31,receiving_to_first_exit,receiving,EXIT_31,2836.0,2965.75,100.60000000000002,2.0,129.75000000000003,,,,,,,,,,,,,,,
2966.5,exit_stop_service,BOT_14,RACK_534,1.0,EXIT_21,,,,,,,,,0.0,2960.5,2966.5,6.0,1.0,,,,,,,,,,
2970.5,travel_leg,BOT_9,RACK_516,1.0,EXIT_32,receiving_to_first_exit,receiving,EXIT_32,2831.5,2970.5,108.00000000000003,2.0,139.00000000000003,,,,,,,,,,,,,,,
2971.5,travel_leg,BOT_28,RACK_526,1.0,EXIT_26,receiving_to_first_exit,receiving,EXIT_26,2888.0,2971.5,63.599999999999994,2.0,83.49999999999999,,,,,,,,,,,,,,,
2971.75,return_leg,BOT_7,RACK_524,1.0,EXIT_22,last_exit_to_return,EXIT_22,return,2923.5,2971.75,33.8,3.0,48.24999999999999,,,,,,,,,,,,,,,
2971.75,exit_stop_service,BOT_29,RACK_518,1.0,EXIT_31,,,,,,,,,0.0,2965.75,2971.75,6.0,1.0,,,,,,,,,,
2971.75,trip_completed,BOT_7,RACK_524,,,,,,,,,,,,,,,,1.0,1.0,2871.0,2971.75,100.75,67.8,94.75,0.0,6.0,100.75
2973.0,travel_leg,BOT_31,RACK_527,1.0,EXIT_26,receiving_to_first_exit,receiving,EXIT_26,2889.5,2973.0,63.599999999999994,2.0,83.49999999999999,,,,,,,,,,,,,,,
2975.625,return_leg,BOT_26,RACK_522,1.0,EXIT_5,last_exit_to_return,EXIT_5,return,2920.125,2975.625,39.6,3.0,55.5,,,,,,,,,,,,,,,
2975.625,trip_completed,BOT_26,RACK_522,,,,,,,,,,,,,,,,1.0,1.0,2863.5,2975.625,112.125,76.9,106.125,0.0,6.0,112.125
2976.5,exit_stop_service,BOT_9,RACK_516,1.0,EXIT_32,,,,,,,,,0.0,2970.5,2976.5,6.0,1.0,,,,,,,,,,
2976.75,return_leg,BOT_25,RACK_502,1.0,EXIT_28,last_exit_to_return,EXIT_28,return,2873.0,2976.75,78.2,3.0,103.75,,,,,,,,,,,,,,,
2976.75,trip_completed,BOT_25,RACK_502,,,,,,,,,,,,,,,,1.0,1.0,2765.0,2976.75,211.75,156.60000000000002,205.75,0.0,6.0,211.75
2977.5,exit_stop_service,BOT_28,RACK_526,1.0,EXIT_26,,,,,,,,,0.0,2971.5,2977.5,6.0,1.0,,,,,,,,,,
2978.125,travel_leg,BOT_23,RACK_523,1.0,EXIT_14,receiving_to_first_exit,receiving,EXIT_14,2864.5,2978.125,87.69999999999999,2.0,113.62499999999999,,,,,,,,,,,,,,,
2980.75,travel_leg,BOT_22,RACK_521,1.0,EXIT_31,receiving_to_first_exit,receiving,EXIT_31,2851.0,2980.75,100.60000000000002,2.0,129.75000000000003,,,,,,,,,,,,,,,
2983.5,exit_stop_service,BOT_31,RACK_527,1.0,EXIT_26,,,,,,,,,4.5,2977.5,2983.5,6.0,1.0,,,,,,,,,,
2984.125,exit_stop_service,BOT_23,RACK_523,1.0,EXIT_14,,,,,,,,,0.0,2978.125,2984.125,6.0,1.0,,,,,,,,,,
2986.75,exit_stop_service,BOT_22,RACK_521,1.0,EXIT_31,,,,,,,,,0.0,2980.75,2986.75,6.0,1.0,,,,,,,,,,
2989.5,travel_leg,BOT_1,RACK_530,1.0,EXIT_26,receiving_to_first_exit,receiving,EXIT_26,2906.0,2989.5,63.599999999999994,2.0,83.49999999999999,,,,,,,,,,,,,,,
2993.75,travel_leg,BOT_30,RACK_525,1.0,EXIT_29,receiving_to_first_exit,receiving,EXIT_29,2882.5,2993.75,85.80000000000001,2.0,111.25000000000001,,,,,,,,,,,,,,,
2995.25,return_leg,BOT_10,RACK_492,1.0,EXIT_32,last_exit_to_return,EXIT_32,return,2854.5,2995.25,107.80000000000003,3.0,140.75000000000003,,,,,,,,,,,,,,,
2995.25,trip_completed,BOT_10,RACK_492,,,,,,,,,,,,,,,,1.0,1.0,2709.5,2995.25,285.75,215.80000000000007,279.75000000000006,0.0,6.0,285.75
2995.5,exit_stop_service,BOT_1,RACK_530,1.0,EXIT_26,,,,,,,,,0.0,2989.5,2995.5,6.0,1.0,,,,,,,,,,
2996.75,return_leg,BOT_13,RACK_493,1.0,EXIT_31,last_exit_to_return,EXIT_31,return,2865.25,2996.75,100.40000000000002,3.0,131.5,,,,,,,,,,,,,,,
2996.75,trip_completed,BOT_13,RACK_493,,,,,,,,,,,,,,,,1.0,1.0,2729.5,2996.75,267.25,201.00000000000006,261.25,0.0,6.0,267.25
2998.0,travel_leg,BOT_21,RACK_529,1.0,EXIT_28,receiving_to_first_exit,receiving,EXIT_28,2896.0,2998.0,78.4,2.0,102.0,,,,,,,,,,,,,,,
2999.75,exit_stop_service,BOT_30,RACK_525,1.0,EXIT_29,,,,,,,,,0.0,2993.75,2999.75,6.0,1.0,,,,,,,,,,
3001.375,travel_leg,BOT_5,RACK_536,1.0,EXIT_7,receiving_to_first_exit,receiving,EXIT_7,2936.75,3001.375,48.50000000000001,2.0,64.625,,,,,,,,,,,,,,,
3003.25,return_leg,BOT_2,RACK_506,1.0,EXIT_29,last_exit_to_return,EXIT_29,return,2890.25,3003.25,85.60000000000001,3.0,113.0,,,,,,,,,,,,,,,
3003.25,trip_completed,BOT_2,RACK_506,,,,,,,,,,,,,,,,1.0,1.0,2773.0,3003.25,230.25,171.40000000000003,224.25,0.0,6.0,230.25
3003.75,travel_leg,BOT_19,RACK_538,1.0,EXIT_22,receiving_to_first_exit,receiving,EXIT_22,2957.25,3003.75,34.0,2.0,46.5,,,,,,,,,,,,,,,
3004.0,exit_stop_service,BOT_21,RACK_529,1.0,EXIT_28,,,,,,,,,0.0,2998.0,3004.0,6.0,1.0,,,,,,,,,,
3005.5,return_leg,BOT_14,RACK_534,1.0,EXIT_21,last_exit_to_return,EXIT_21,return,2966.5,3005.5,26.4,3.0,38.99999999999999,,,,,,,,,,,,,,,
3005.5,trip_completed,BOT_14,RACK_534,,,,,,,,,,,,,,,,1.0,1.0,2923.25,3005.5,82.25,52.99999999999999,76.24999999999999,0.0,6.0,82.25
3005.875,return_leg,BOT_36,RACK_531,1.0,EXIT_4,last_exit_to_return,EXIT_4,return,2957.375,3005.875,34.0,3.0,48.5,,,,,,,,,,,,,,,
3005.875,trip_completed,BOT_36,RACK_531,,,,,,,,,,,,,,,,1.0,1.0,2907.75,3005.875,98.125,65.7,92.125,0.0,6.0,98.125
3007.375,exit_stop_service,BOT_5,RACK_536,1.0,EXIT_7,,,,,,,,,0.0,3001.375,3007.375,6.0,1.0,,,,,,,,,,
3008.25,return_leg,BOT_27,RACK_495,1.0,EXIT_31,last_exit_to_return,EXIT_31,return,2876.75,3008.25,100.40000000000002,3.0,131.5,,,,,,,,,,,,,,,
3008.25,trip_completed,BOT_27,RACK_495,,,,,,,,,,,,,,,,1.0,1.0,2741.0,3008.25,267.25,201.00000000000006,261.25,0.0,6.0,267.25
3009.75,exit_stop_service,BOT_19,RACK_538,1.0,EXIT_22,,,,,,,,,0.0,3003.75,3009.75,6.0,1.0,,,,,,,,,,
3010.25,return_leg,BOT_6,RACK_511,1.0,EXIT_27,last_exit_to_return,EXIT_27,return,2915.75,3010.25,70.8,3.0,94.49999999999999,,,,,,,,,,,,,,,
3010.25,trip_completed,BOT_6,RACK_511,,,,,,,,,,,,,,,,1.0,1.0,2817.0,3010.25,193.25,141.8,187.25,0.0,6.0,193.25
3010.875,travel_leg,BOT_35,RACK_532,1.0,EXIT_27,receiving_to_first_exit,receiving,EXIT_27,2918.125,3010.875,71.0,2.0,92.75,,,,,,,,,,,,,,,
3014.0,travel_leg,BOT_37,RACK_533,1.0,EXIT_27,receiving_to_first_exit,receiving,EXIT_27,2921.25,3014.0,71.0,2.0,92.75,,,,,,,,,,,,,,,
3016.875,exit_stop_service,BOT_35,RACK_532,1.0,EXIT_27,,,,,,,,,0.0,3010.875,3016.875,6.0,1.0,,,,,,,,,,
3017.0,travel_leg,BOT_4,RACK_537,1.0,EXIT_25,receiving_to_first_exit,receiving,EXIT_25,2942.75,3017.0,56.19999999999999,2.0,74.24999999999999,,,,,,,,,,,,,,,
3019.0,travel_leg,BOT_8,RACK_540,1.0,EXIT_23,receiving_to_first_exit,receiving,EXIT_23,2963.25,3019.0,41.4,2.0,55.74999999999999,,,,,,,,,,,,,,,
3019.75,return_leg,BOT_34,RACK_508,1.0,EXIT_29,last_exit_to_return,EXIT_29,return,2906.75,3019.75,85.60000000000001,3.0,113.0,,,,,,,,,,,,,,,
3019.75,trip_completed,BOT_34,RACK_508,,,,,,,,,,,,,,,,1.0,1.0,2789.5,3019.75,230.25,171.40000000000003,224.25,0.0,6.0,230.25
3020.25,travel_leg,BOT_32,RACK_528,1.0,EXIT_31,receiving_to_first_exit,receiving,EXIT_31,2890.5,3020.25,100.60000000000002,2.0,129.75000000000003,,,,,,,,,,,,,,,
3021.25,return_leg,BOT_24,RACK_505,1.0,EXIT_30,last_exit_to_return,EXIT_30,return,2899.0,3021.25,93.00000000000001,3.0,122.25000000000001,,,,,,,,,,,,,,,
3021.25,trip_completed,BOT_24,RACK_505,,,,,,,,,,,,,,,,1.0,1.0,2772.5,3021.25,248.75,186.20000000000005,242.75000000000003,0.0,6.0,248.75
3021.75,return_leg,BOT_20,RACK_499,1.0,EXIT_31,last_exit_to_return,EXIT_31,return,2890.25,3021.75,100.40000000000002,3.0,131.5,,,,,,,,,,,,,,,
3021.75,trip_completed,BOT_20,RACK_499,,,,,,,,,,,,,,,,1.0,1.0,2754.5,3021.75,267.25,201.00000000000006,261.25,0.0,6.0,267.25
3022.875,exit_stop_service,BOT_37,RACK_533,1.0,EXIT_27,,,,,,,,,2.875,3016.875,3022.875,6.0,1.0,,,,,,,,,,
3023.0,exit_stop_service,BOT_4,RACK_537,1.0,EXIT_25,,,,,,,,,0.0,3017.0,3023.0,6.0,1.0,,,,,,,,,,
3023.25,return_leg,BOT_12,RACK_515,1.0,EXIT_27,last_exit_to_return,EXIT_27,return,2928.75,3023.25,70.8,3.0,94.49999999999999,,,,,,,,,,,,,,,
3023.25,trip_completed,BOT_12,RACK_515,,,,,,,,,,,,,,,,1.0,1.0,2830.0,3023.25,193.25,141.8,187.25,0.0,6.0,193.25
3025.0,exit_stop_service,BOT_8,RACK_540,1.0,EXIT_23,,,,,,,,,0.0,3019.0,3025.0,6.0,1.0,,,,,,,,,,
3026.25,exit_stop_service,BOT_32,RACK_528,1.0,EXIT_31,,,,,,,,,0.0,3020.25,3026.25,6.0,1.0,,,,,,,,,,
3030.625,return_leg,BOT_15,RACK_512,1.0,EXIT_12,last_exit_to_return,EXIT_12,return,2926.125,3030.625,78.8,3.0,104.49999999999999,,,,,,,,,,,,,,,
3030.625,trip_completed,BOT_15,RACK_512,,,,,,,,,,,,,,,,1.0,1.0,2820.5,3030.625,210.125,155.3,204.125,0.0,6.0,210.125
3033.75,return_leg,BOT_16,RACK_510,1.0,EXIT_29,last_exit_to_return,EXIT_29,return,2920.75,3033.75,85.60000000000001,3.0,113.0,,,,,,,,,,,,,,,
3033.75,trip_completed,BOT_16,RACK_510,,,,,,,,,,,,,,,,1.0,1.0,2803.5,3033.75,230.25,171.40000000000003,224.25,0.0,6.0,230.25
3035.125,travel_leg,BOT_14,RACK_547,1.0,EXIT_2,receiving_to_first_exit,receiving,EXIT_2,3005.5,3035.125,20.5,2.0,29.625,,,,,,,,,,,,,,,
3037.5,travel_leg,BOT_38,RACK_535,1.0,EXIT_29,receiving_to_first_exit,receiving,EXIT_29,2926.25,3037.5,85.80000000000001,2.0,111.25000000000001,,,,,,,,,,,,,,,
3041.125,exit_stop_service,BOT_14,RACK_547,1.0,EXIT_2,,,,,,,,,0.0,3035.125,3041.125,6.0,1.0,,,,,,,,,,
3043.25,travel_leg,BOT_13,RACK_545,1.0,EXIT_22,receiving_to_first_exit,receiving,EXIT_22,2996.75,3043.25,34.0,2.0,46.5,,,,,,,,,,,,,,,
3043.5,exit_stop_service,BOT_38,RACK_535,1.0,EXIT_29,,,,,,,,,0.0,3037.5,3043.5,6.0,1.0,,,,,,,,,,
3046.0,travel_leg,BOT_7,RACK_541,1.0,EXIT_25,receiving_to_first_exit,receiving,EXIT_25,2971.75,3046.0,56.19999999999999,2.0,74.24999999999999,,,,,,,,,,,,,,,
3047.25,return_leg,BOT_11,RACK_517,1.0,EXIT_28,last_exit_to_return,EXIT_28,return,2943.5,3047.25,78.2,3.0,103.75,,,,,,,,,,,,,,,
3047.25,trip_completed,BOT_11,RACK_517,,,,,,,,,,,,,,,,1.0,1.0,2835.5,3047.25,211.75,156.60000000000002,205.75,0.0,6.0,211.75
3049.25,exit_stop_service,BOT_13,RACK_545,1.0,EXIT_22,,,,,,,,,0.0,3043.25,3049.25,6.0,1.0,,,,,,,,,,
3051.75,return_leg,BOT_17,RACK_513,1.0,EXIT_29,last_exit_to_return,EXIT_29,return,2938.75,3051.75,85.60000000000001,3.0,113.0,,,,,,,,,,,,,,,
3051.75,trip_completed,BOT_17,RACK_513,,,,,,,,,,,,,,,,1.0,1.0,2821.5,3051.75,230.25,171.40000000000003,224.25,0.0,6.0,230.25
3052.0,exit_stop_service,BOT_7,RACK_541,1.0,EXIT_25,,,,,,,,,0.0,3046.0,3052.0,6.0,1.0,,,,,,,,,,
3053.25,return_leg,BOT_18,RACK_519,1.0,EXIT_28,last_exit_to_return,EXIT_28,return,2949.5,3053.25,78.2,3.0,103.75,,,,,,,,,,,,,,,
3053.25,trip_completed,BOT_18,RACK_519,,,,,,,,,,,,,,,,1.0,1.0,2839.0,3053.25,214.25,156.60000000000002,205.75,2.5,6.0,214.25
3058.0,return_leg,BOT_19,RACK_538,1.0,EXIT_22,last_exit_to_return,EXIT_22,return,3009.75,3058.0,33.8,3.0,48.24999999999999,,,,,,,,,,,,,,,
3058.0,trip_completed,BOT_19,RACK_538,,,,,,,,,,,,,,,,1.0,1.0,2957.25,3058.0,100.75,67.8,94.75,0.0,6.0,100.75
3058.875,travel_leg,BOT_27,RACK_549,1.0,EXIT_5,receiving_to_first_exit,receiving,EXIT_5,3008.25,3058.875,37.300000000000004,2.0,50.625,,,,,,,,,,,,,,,
3061.25,travel_leg,BOT_26,RACK_542,1.0,EXIT_10,receiving_to_first_exit,receiving,EXIT_10,2975.625,3061.25,65.30000000000001,2.0,85.62500000000001,,,,,,,,,,,,,,,
3061.75,return_leg,BOT_3,RACK_520,1.0,EXIT_28,last_exit_to_return,EXIT_28,return,2958.0,3061.75,78.2,3.0,103.75,,,,,,,,,,,,,,,
3061.75,trip_completed,BOT_3,RACK_520,,,,,,,,,,,,,,,,1.0,1.0,2850.0,3061.75,211.75,156.60000000000002,205.75,0.0,6.0,211.75
3062.75,return_leg,BOT_28,RACK_526,1.0,EXIT_26,last_exit_to_return,EXIT_26,return,2977.5,3062.75,63.39999999999999,3.0,85.24999999999999,,,,,,,,,,,,,,,
3062.75,trip_completed,BOT_28,RACK_526,,,,,,,,,,,,,,,,1.0,1.0,2888.0,3062.75,174.75,126.99999999999999,168.74999999999997,0.0,6.0,174.75
3064.875,exit_stop_service,BOT_27,RACK_549,1.0,EXIT_5,,,,,,,,,0.0,3058.875,3064.875,6.0,1.0,,,,,,,,,,
3067.25,exit_stop_service,BOT_26,RACK_542,1.0,EXIT_10,,,,,,,,,0.0,3061.25,3067.25,6.0,1.0,,,,,,,,,,
3068.75,return_leg,BOT_31,RACK_527,1.0,EXIT_26,last_exit_to_return,EXIT_26,return,2983.5,3068.75,63.39999999999999,3.0,85.24999999999999,,,,,,,,,,,,,,,
3068.75,trip_completed,BOT_31,RACK_527,,,,,,,,,,,,,,,,1.0,1.0,2889.5,3068.75,179.25,126.99999999999999,168.74999999999997,4.5,6.0,179.25
3069.0,travel_leg,BOT_33,RACK_539,1.0,EXIT_29,receiving_to_first_exit,receiving,EXIT_29,2957.75,3069.0,85.80000000000001,2.0,111.25000000000001,,,,,,,,,,,,,,,
3069.5,travel_leg,BOT_25,RACK_543,1.0,EXIT_27,receiving_to_first_exit,receiving,EXIT_27,2976.75,3069.5,71.0,2.0,92.75,,,,,,,,,,,,,,,
3075.0,exit_stop_service,BOT_33,RACK_539,1.0,EXIT_29,,,,,,,,,0.0,3069.0,3075.0,6.0,1.0,,,,,,,,,,
3075.5,exit_stop_service,BOT_25,RACK_543,1.0,EXIT_27,,,,,,,,,0.0,3069.5,3075.5,6.0,1.0,,,,,,,,,,
3075.625,return_leg,BOT_14,RACK_547,1.0,EXIT_2,last_exit_to_return,EXIT_2,return,3041.125,3075.625,22.799999999999997,3.0,34.5,,,,,,,,,,,,,,,
3075.625,trip_completed,BOT_14,RACK_547,,,,,,,,,,,,,,,,1.0,1.0,3005.5,3075.625,70.125,43.3,64.125,0.0,6.0,70.125
3076.875,return_leg,BOT_5,RACK_536,1.0,EXIT_7,last_exit_to_return,EXIT_7,return,3007.375,3076.875,50.800000000000004,3.0,69.5,,,,,,,,,,,,,,,
3076.875,trip_completed,BOT_5,RACK_536,,,,,,,,,,,,,,,,1.0,1.0,2936.75,3076.875,140.125,99.30000000000001,134.125,0.0,6.0,140.125
3080.75,return_leg,BOT_1,RACK_530,1.0,EXIT_26,last_exit_to_return,EXIT_26,return,2995.5,3080.75,63.39999999999999,3.0,85.24999999999999,,,,,,,,,,,,,,,
3080.75,trip_completed,BOT_1,RACK_530,,,,,,,,,,,,,,,,1.0,1.0,2906.0,3080.75,174.75,126.99999999999999,168.74999999999997,0.0,6.0,174.75
3082.5,return_leg,BOT_8,RACK_540,1.0,EXIT_23,last_exit_to_return,EXIT_23,return,3025.0,3082.5,41.199999999999996,3.0,57.49999999999999,,,,,,,,,,,,,,,
3082.5,trip_completed,BOT_8,RACK_540,,,,,,,,,,,,,,,,1.0,1.0,2963.25,3082.5,119.25,82.6,113.24999999999999,0.0,6.0,119.25
3086.75,travel_leg,BOT_2,RACK_546,1.0,EXIT_26,receiving_to_first_exit,receiving,EXIT_26,3003.25,3086.75,63.599999999999994,2.0,83.49999999999999,,,,,,,,,,,,,,,
3086.75,travel_leg,BOT_20,RACK_553,1.0,EXIT_24,receiving_to_first_exit,receiving,EXIT_24,3021.75,3086.75,48.8,2.0,65.0,,,,,,,,,,,,,,,
3092.75,exit_stop_service,BOT_2,RACK_546,1.0,EXIT_26,,,,,,,,,0.0,3086.75,3092.75,6.0,1.0,,,,,,,,,,
3092.75,exit_stop_service,BOT_20,RACK_553,1.0,EXIT_24,,,,,,,,,0.0,3086.75,3092.75,6.0,1.0,,,,,,,,,,
3097.5,return_leg,BOT_13,RACK_545,1.0,EXIT_22,last_exit_to_return,EXIT_22,return,3049.25,3097.5,33.8,3.0,48.24999999999999,,,,,,,,,,,,,,,
3097.5,trip_completed,BOT_13,RACK_545,,,,,,,,,,,,,,,,1.0,1.0,2996.75,3097.5,100.75,67.8,94.75,0.0,6.0,100.75
3099.0,return_leg,BOT_4,RACK_537,1.0,EXIT_25,last_exit_to_return,EXIT_25,return,3023.0,3099.0,55.99999999999999,3.0,75.99999999999999,,,,,,,,,,,,,,,
3099.0,trip_completed,BOT_4,RACK_537,,,,,,,,,,,,,,,,1.0,1.0,2942.75,3099.0,156.25,112.19999999999999,150.24999999999997,0.0,6.0,156.25
3102.625,return_leg,BOT_23,RACK_523,1.0,EXIT_14,last_exit_to_return,EXIT_14,return,2984.125,3102.625,89.99999999999999,3.0,118.49999999999997,,,,,,,,,,,,,,,
3102.625,trip_completed,BOT_23,RACK_523,,,,,,,,,,,,,,,,1.0,1.0,2864.5,3102.625,238.125,177.7,232.12499999999994,0.0,6.0,238.125
3103.0,travel_leg,BOT_6,RACK_550,1.0,EXIT_27,receiving_to_first_exit,receiving,EXIT_27,3010.25,3103.0,71.0,2.0,92.75,,,,,,,,,,,,,,,
3103.25,return_leg,BOT_29,RACK_518,1.0,EXIT_31,last_exit_to_return,EXIT_31,return,2971.75,3103.25,100.40000000000002,3.0,131.5,,,,,,,,,,,,,,,
3103.25,trip_completed,BOT_29,RACK_518,,,,,,,,,,,,,,,,1.0,1.0,2836.0,3103.25,267.25,201.00000000000006,261.25,0.0,6.0,267.25
3106.75,travel_leg,BOT_12,RACK_554,1.0,EXIT_26,receiving_to_first_exit,receiving,EXIT_26,3023.25,3106.75,63.599999999999994,2.0,83.49999999999999,,,,,,,,,,,,,,,
3107.75,return_leg,BOT_21,RACK_529,1.0,EXIT_28,last_exit_to_return,EXIT_28,return,3004.0,3107.75,78.2,3.0,103.75,,,,,,,,,,,,,,,
3107.75,trip_completed,BOT_21,RACK_529,,,,,,,,,,,,,,,,1.0,1.0,2896.0,3107.75,211.75,156.60000000000002,205.75,0.0,6.0,211.75
3108.875,travel_leg,BOT_10,RACK_544,1.0,EXIT_14,receiving_to_first_exit,receiving,EXIT_14,2995.25,3108.875,87.69999999999999,2.0,113.62499999999999,,,,,,,,,,,,,,,
3109.0,exit_stop_service,BOT_6,RACK_550,1.0,EXIT_27,,,,,,,,,0.0,3103.0,3109.0,6.0,1.0,,,,,,,,,,
3109.25,travel_leg,BOT_28,RACK_562,1.0,EXIT_22,receiving_to_first_exit,receiving,EXIT_22,3062.75,3109.25,34.0,2.0,46.5,,,,,,,,,,,,,,,
3111.375,return_leg,BOT_35,RACK_532,1.0,EXIT_27,last_exit_to_return,EXIT_27,return,3016.875,3111.375,70.8,3.0,94.49999999999999,,,,,,,,,,,,,,,
3111.375,trip_completed,BOT_35,RACK_532,,,,,,,,,,,,,,,,1.0,1.0,2918.125,3111.375,193.25,141.8,187.25,0.0,6.0,193.25
3112.5,travel_leg,BOT_11,RACK_557,1.0,EXIT_24,receiving_to_first_exit,receiving,EXIT_24,3047.5,3112.5,48.8,2.0,65.0,,,,,,,,,,,,,,,
3112.75,return_leg,BOT_30,RACK_525,1.0,EXIT_29,last_exit_to_return,EXIT_29,return,2999.75,3112.75,85.60000000000001,3.0,113.0,,,,,,,,,,,,,,,
3112.75,exit_stop_service,BOT_12,RACK_554,1.0,EXIT_26,,,,,,,,,0.0,3106.75,3112.75,6.0,1.0,,,,,,,,,,
3112.75,trip_completed,BOT_30,RACK_525,,,,,,,,,,,,,,,,1.0,1.0,2882.5,3112.75,230.25,171.40000000000003,224.25,0.0,6.0,230.25
3114.875,exit_stop_service,BOT_10,RACK_544,1.0,EXIT_14,,,,,,,,,0.0,3108.875,3114.875,6.0,1.0,,,,,,,,,,
3115.25,exit_stop_service,BOT_28,RACK_562,1.0,EXIT_22,,,,,,,,,0.0,3109.25,3115.25,6.0,1.0,,,,,,,,,,
3117.25,return_leg,BOT_9,RACK_516,1.0,EXIT_32,last_exit_to_return,EXIT_32,return,2976.5,3117.25,107.80000000000003,3.0,140.75000000000003,,,,,,,,,,,,,,,
3117.25,trip_completed,BOT_9,RACK_516,,,,,,,,,,,,,,,,1.0,1.0,2831.5,3117.25,285.75,215.80000000000007,279.75000000000006,0.0,6.0,285.75
3117.375,return_leg,BOT_37,RACK_533,1.0,EXIT_27,last_exit_to_return,EXIT_27,return,3022.875,3117.375,70.8,3.0,94.49999999999999,,,,,,,,,,,,,,,
3117.375,trip_completed,BOT_37,RACK_533,,,,,,,,,,,,,,,,1.0,1.0,2921.25,3117.375,196.125,141.8,187.25,2.875,6.0,196.125
3118.25,return_leg,BOT_22,RACK_521,1.0,EXIT_31,last_exit_to_return,EXIT_31,return,2986.75,3118.25,100.40000000000002,3.0,131.5,,,,,,,,,,,,,,,
3118.25,trip_completed,BOT_22,RACK_521,,,,,,,,,,,,,,,,1.0,1.0,2851.0,3118.25,267.25,201.00000000000006,261.25,0.0,6.0,267.25
3118.5,exit_stop_service,BOT_11,RACK_557,1.0,EXIT_24,,,,,,,,,0.0,3112.5,3118.5,6.0,1.0,,,,,,,,,,
3120.375,return_leg,BOT_27,RACK_549,1.0,EXIT_5,last_exit_to_return,EXIT_5,return,3064.875,3120.375,39.6,3.0,55.5,,,,,,,,,,,,,,,
3120.375,trip_completed,BOT_27,RACK_549,,,,,,,,,,,,,,,,1.0,1.0,3008.25,3120.375,112.125,76.9,106.125,0.0,6.0,112.125
3122.125,travel_leg,BOT_14,RACK_564,1.0,EXIT_22,receiving_to_first_exit,receiving,EXIT_22,3075.625,3122.125,34.0,2.0,46.5,,,,,,,,,,,,,,,
3123.25,travel_leg,BOT_24,RACK_552,1.0,EXIT_28,receiving_to_first_exit,receiving,EXIT_28,3021.25,3123.25,78.4,2.0,102.0,,,,,,,,,,,,,,,
3126.75,travel_leg,BOT_3,RACK_561,1.0,EXIT_24,receiving_to_first_exit,receiving,EXIT_24,3061.75,3126.75,48.8,2.0,65.0,,,,,,,,,,,,,,,
3127.25,travel_leg,BOT_1,RACK_566,1.0,EXIT_22,receiving_to_first_exit,receiving,EXIT_22,3080.75,3127.25,34.0,2.0,46.5,,,,,,,,,,,,,,,
3127.5,travel_leg,BOT_18,RACK_559,1.0,EXIT_25,receiving_to_first_exit,receiving,EXIT_25,3053.25,3127.5,56.19999999999999,2.0,74.24999999999999,,,,,,,,,,,,,,,
3128.0,return_leg,BOT_7,RACK_541,1.0,EXIT_25,last_exit_to_return,EXIT_25,return,3052.0,3128.0,55.99999999999999,3.0,75.99999999999999,,,,,,,,,,,,,,,
3128.0,trip_completed,BOT_7,RACK_541,,,,,,,,,,,,,,,,1.0,1.0,2971.75,3128.0,156.25,112.19999999999999,150.24999999999997,0.0,6.0,156.25
3128.125,exit_stop_service,BOT_14,RACK_564,1.0,EXIT_22,,,,,,,,,0.0,3122.125,3128.125,6.0,1.0,,,,,,,,,,
3129.25,exit_stop_service,BOT_24,RACK_552,1.0,EXIT_28,,,,,,,,,0.0,3123.25,3129.25,6.0,1.0,,,,,,,,,,
3131.0,travel_leg,BOT_34,RACK_551,1.0,EXIT_29,receiving_to_first_exit,receiving,EXIT_29,3019.75,3131.0,85.80000000000001,2.0,111.25000000000001,,,,,,,,,,,,,,,
3132.625,travel_leg,BOT_15,RACK_555,1.0,EXIT_28,receiving_to_first_exit,receiving,EXIT_28,3030.625,3132.625,78.4,2.0,102.0,,,,,,,,,,,,,,,
3132.75,exit_stop_service,BOT_3,RACK_561,1.0,EXIT_24,,,,,,,,,0.0,3126.75,3132.75,6.0,1.0,,,,,,,,,,
3133.5,exit_stop_service,BOT_18,RACK_559,1.0,EXIT_25,,,,,,,,,0.0,3127.5,3133.5,6.0,1.0,,,,,,,,,,
3134.125,exit_stop_service,BOT_1,RACK_566,1.0,EXIT_22,,,,,,,,,0.875,3128.125,3134.125,6.0,1.0,,,,,,,,,,
3135.625,travel_leg,BOT_36,RACK_548,1.0,EXIT_31,receiving_to_first_exit,receiving,EXIT_31,3005.875,3135.625,100.60000000000002,2.0,129.75000000000003,,,,,,,,,,,,,,,
3135.75,travel_leg,BOT_16,RACK_556,1.0,EXIT_28,receiving_to_first_exit,receiving,EXIT_28,3033.75,3135.75,78.4,2.0,102.0,,,,,,,,,,,,,,,
3137.0,exit_stop_service,BOT_34,RACK_551,1.0,EXIT_29,,,,,,,,,0.0,3131.0,3137.0,6.0,1.0,,,,,,,,,,
3138.625,exit_stop_service,BOT_15,RACK_555,1.0,EXIT_28,,,,,,,,,0.0,3132.625,3138.625,6.0,1.0,,,,,,,,,,
3141.625,exit_stop_service,BOT_36,RACK_548,1.0,EXIT_31,,,,,,,,,0.0,3135.625,3141.625,6.0,1.0,,,,,,,,,,
3144.625,exit_stop_service,BOT_16,RACK_556,1.0,EXIT_28,,,,,,,,,2.875,3138.625,3144.625,6.0,1.0,,,,,,,,,,
3150.625,travel_leg,BOT_30,RACK_574,1.0,EXIT_1,receiving_to_first_exit,receiving,EXIT_1,3128.0,3150.625,14.899999999999999,2.0,22.624999999999996,,,,,,,,,,,,,,,
3156.5,return_leg,BOT_38,RACK_535,1.0,EXIT_29,last_exit_to_return,EXIT_29,return,3043.5,3156.5,85.60000000000001,3.0,113.0,,,,,,,,,,,,,,,
3156.5,trip_completed,BOT_38,RACK_535,,,,,,,,,,,,,,,,1.0,1.0,2926.25,3156.5,230.25,171.40000000000003,224.25,0.0,6.0,230.25
3156.625,exit_stop_service,BOT_30,RACK_574,1.0,EXIT_1,,,,,,,,,0.0,3150.625,3156.625,6.0,1.0,,,,,,,,,,
3157.625,travel_leg,BOT_19,RACK_560,1.0,EXIT_12,receiving_to_first_exit,receiving,EXIT_12,3058.0,3157.625,76.5,2.0,99.625,,,,,,,,,,,,,,,
3157.75,return_leg,BOT_32,RACK_528,1.0,EXIT_31,last_exit_to_return,EXIT_31,return,3026.25,3157.75,100.40000000000002,3.0,131.5,,,,,,,,,,,,,,,
3157.75,return_leg,BOT_26,RACK_542,1.0,EXIT_10,last_exit_to_return,EXIT_10,return,3067.25,3157.75,67.60000000000001,3.0,90.5,,,,,,,,,,,,,,,
3157.75,trip_completed,BOT_32,RACK_528,,,,,,,,,,,,,,,,1.0,1.0,2890.5,3157.75,267.25,201.00000000000006,261.25,0.0,6.0,267.25
3157.75,trip_completed,BOT_26,RACK_542,,,,,,,,,,,,,,,,1.0,1.0,2975.625,3157.75,182.125,132.90000000000003,176.125,0.0,6.0,182.125
3159.5,return_leg,BOT_20,RACK_553,1.0,EXIT_24,last_exit_to_return,EXIT_24,return,3092.75,3159.5,48.599999999999994,3.0,66.75,,,,,,,,,,,,,,,
3159.5,trip_completed,BOT_20,RACK_553,,,,,,,,,,,,,,,,1.0,1.0,3021.75,3159.5,137.75,97.39999999999999,131.75,0.0,6.0,137.75
3163.5,return_leg,BOT_28,RACK_562,1.0,EXIT_22,last_exit_to_return,EXIT_22,return,3115.25,3163.5,33.8,3.0,48.24999999999999,,,,,,,,,,,,,,,
3163.5,trip_completed,BOT_28,RACK_562,,,,,,,,,,,,,,,,1.0,1.0,3062.75,3163.5,100.75,67.8,94.75,0.0,6.0,100.75
3163.625,travel_leg,BOT_35,RACK_573,1.0,EXIT_3,receiving_to_first_exit,receiving,EXIT_3,3127.0,3163.625,26.1,2.0,36.625,,,,,,,,,,,,,,,
3163.625,exit_stop_service,BOT_19,RACK_560,1.0,EXIT_12,,,,,,,,,0.0,3157.625,3163.625,6.0,1.0,,,,,,,,,,
3169.625,exit_stop_service,BOT_35,RACK_573,1.0,EXIT_3,,,,,,,,,0.0,3163.625,3169.625,6.0,1.0,,,,,,,,,,
3170.0,return_leg,BOT_25,RACK_543,1.0,EXIT_27,last_exit_to_return,EXIT_27,return,3075.5,3170.0,70.8,3.0,94.49999999999999,,,,,,,,,,,,,,,
3170.0,trip_completed,BOT_25,RACK_543,,,,,,,,,,,,,,,,1.0,1.0,2976.75,3170.0,193.25,141.8,187.25,0.0,6.0,193.25
3176.375,return_leg,BOT_14,RACK_564,1.0,EXIT_22,last_exit_to_return,EXIT_22,return,3128.125,3176.375,33.8,3.0,48.24999999999999,,,,,,,,,,,,,,,
3176.375,trip_completed,BOT_14,RACK_564,,,,,,,,,,,,,,,,1.0,1.0,3075.625,3176.375,100.75,67.8,94.75,0.0,6.0,100.75
3177.5,travel_leg,BOT_8,RACK_567,1.0,EXIT_26,receiving_to_first_exit,receiving,EXIT_26,3094.0,3177.5,63.599999999999994,2.0,83.49999999999999,,,,,,,,,,,,,,,
3178.0,return_leg,BOT_2,RACK_546,1.0,EXIT_26,last_exit_to_return,EXIT_26,return,3092.75,3178.0,63.39999999999999,3.0,85.24999999999999,,,,,,,,,,,,,,,
3178.0,trip_completed,BOT_2,RACK_546,,,,,,,,,,,,,,,,1.0,1.0,3003.25,3178.0,174.75,126.99999999999999,168.74999999999997,0.0,6.0,174.75
3178.875,travel_leg,BOT_5,RACK_565,1.0,EXIT_28,receiving_to_first_exit,receiving,EXIT_28,3076.875,3178.875,78.4,2.0,102.0,,,,,,,,,,,,,,,
3181.5,travel_leg,BOT_17,RACK_558,1.0,EXIT_31,receiving_to_first_exit,receiving,EXIT_31,3051.75,3181.5,100.60000000000002,2.0,129.75000000000003,,,,,,,,,,,,,,,
3182.375,return_leg,BOT_1,RACK_566,1.0,EXIT_22,last_exit_to_return,EXIT_22,return,3134.125,3182.375,33.8,3.0,48.24999999999999,,,,,,,,,,,,,,,
3182.375,trip_completed,BOT_1,RACK_566,,,,,,,,,,,,,,,,1.0,1.0,3080.75,3182.375,101.625,67.8,94.75,0.875,6.0,101.625
3183.5,exit_stop_service,BOT_8,RACK_567,1.0,EXIT_26,,,,,,,,,0.0,3177.5,3183.5,6.0,1.0,,,,,,,,,,
3184.125,return_leg,BOT_30,RACK_574,1.0,EXIT_1,last_exit_to_return,EXIT_1,return,3156.625,3184.125,17.2,3.0,27.499999999999996,,,,,,,,,,,,,,,
3184.125,trip_completed,BOT_30,RACK_574,,,,,,,,,,,,,,,,1.0,1.0,3128.0,3184.125,56.125,32.099999999999994,50.12499999999999,0.0,6.0,56.125
3184.875,exit_stop_service,BOT_5,RACK_565,1.0,EXIT_28,,,,,,,,,0.0,3178.875,3184.875,6.0,1.0,,,,,,,,,,
3185.25,return_leg,BOT_11,RACK_557,1.0,EXIT_24,last_exit_to_return,EXIT_24,return,3118.5,3185.25,48.599999999999994,3.0,66.75,,,,,,,,,,,,,,,
3185.25,trip_completed,BOT_11,RACK_557,,,,,,,,,,,,,,,,1.0,1.0,3047.5,3185.25,137.75,97.39999999999999,131.75,0.0,6.0,137.75
3187.5,exit_stop_service,BOT_17,RACK_558,1.0,EXIT_31,,,,,,,,,0.0,3181.5,3187.5,6.0,1.0,,,,,,,,,,
3188.0,return_leg,BOT_33,RACK_539,1.0,EXIT_29,last_exit_to_return,EXIT_29,return,3075.0,3188.0,85.60000000000001,3.0,113.0,,,,,,,,,,,,,,,
3188.0,trip_completed,BOT_33,RACK_539,,,,,,,,,,,,,,,,1.0,1.0,2957.75,3188.0,230.25,171.40000000000003,224.25,0.0,6.0,230.25
3191.0,travel_leg,BOT_27,RACK_578,1.0,EXIT_22,receiving_to_first_exit,receiving,EXIT_22,3144.5,3191.0,34.0,2.0,46.5,,,,,,,,,,,,,,,
3194.125,travel_leg,BOT_22,RACK_577,1.0,EXIT_5,receiving_to_first_exit,receiving,EXIT_5,3143.5,3194.125,37.300000000000004,2.0,50.625,,,,,,,,,,,,,,,
3195.0,travel_leg,BOT_23,RACK_570,1.0,EXIT_26,receiving_to_first_exit,receiving,EXIT_26,3111.5,3195.0,63.599999999999994,2.0,83.49999999999999,,,,,,,,,,,,,,,
3195.0,travel_leg,BOT_7,RACK_579,1.0,EXIT_22,receiving_to_first_exit,receiving,EXIT_22,3148.5,3195.0,34.0,2.0,46.5,,,,,,,,,,,,,,,
3197.0,exit_stop_service,BOT_27,RACK_578,1.0,EXIT_22,,,,,,,,,0.0,3191.0,3197.0,6.0,1.0,,,,,,,,,,
3198.0,return_leg,BOT_12,RACK_554,1.0,EXIT_26,last_exit_to_return,EXIT_26,return,3112.75,3198.0,63.39999999999999,3.0,85.24999999999999,,,,,,,,,,,,,,,
3198.0,trip_completed,BOT_12,RACK_554,,,,,,,,,,,,,,,,1.0,1.0,3023.25,3198.0,174.75,126.99999999999999,168.74999999999997,0.0,6.0,174.75
3199.5,return_leg,BOT_3,RACK_561,1.0,EXIT_24,last_exit_to_return,EXIT_24,return,3132.75,3199.5,48.599999999999994,3.0,66.75,,,,,,,,,,,,,,,
3199.5,trip_completed,BOT_3,RACK_561,,,,,,,,,,,,,,,,1.0,1.0,3061.75,3199.5,137.75,97.39999999999999,131.75,0.0,6.0,137.75
3200.125,exit_stop_service,BOT_22,RACK_577,1.0,EXIT_5,,,,,,,,,0.0,3194.125,3200.125,6.0,1.0,,,,,,,,,,
3201.0,exit_stop_service,BOT_23,RACK_570,1.0,EXIT_26,,,,,,,,,0.0,3195.0,3201.0,6.0,1.0,,,,,,,,,,
3202.5,travel_leg,BOT_13,RACK_568,1.0,EXIT_28,receiving_to_first_exit,receiving,EXIT_28,3100.5,3202.5,78.4,2.0,102.0,,,,,,,,,,,,,,,
3203.0,exit_stop_service,BOT_7,RACK_579,1.0,EXIT_22,,,,,,,,,2.0,3197.0,3203.0,6.0,1.0,,,,,,,,,,
3203.5,return_leg,BOT_6,RACK_550,1.0,EXIT_27,last_exit_to_return,EXIT_27,return,3109.0,3203.5,70.8,3.0,94.49999999999999,,,,,,,,,,,,,,,
3203.5,trip_completed,BOT_6,RACK_550,,,,,,,,,,,,,,,,1.0,1.0,3010.25,3203.5,193.25,141.8,187.25,0.0,6.0,193.25
3207.5,travel_leg,BOT_38,RACK_580,1.0,EXIT_22,receiving_to_first_exit,receiving,EXIT_22,3161.0,3207.5,34.0,2.0,46.5,,,,,,,,,,,,,,,
3207.75,travel_leg,BOT_31,RACK_563,1.0,EXIT_32,receiving_to_first_exit,receiving,EXIT_32,3068.75,3207.75,108.00000000000003,2.0,139.00000000000003,,,,,,,,,,,,,,,
3208.5,exit_stop_service,BOT_13,RACK_568,1.0,EXIT_28,,,,,,,,,0.0,3202.5,3208.5,6.0,1.0,,,,,,,,,,
3209.5,return_leg,BOT_18,RACK_559,1.0,EXIT_25,last_exit_to_return,EXIT_25,return,3133.5,3209.5,55.99999999999999,3.0,75.99999999999999,,,,,,,,,,,,,,,
3209.5,trip_completed,BOT_18,RACK_559,,,,,,,,,,,,,,,,1.0,1.0,3053.25,3209.5,156.25,112.19999999999999,150.24999999999997,0.0,6.0,156.25
3211.125,return_leg,BOT_35,RACK_573,1.0,EXIT_3,last_exit_to_return,EXIT_3,return,3169.625,3211.125,28.4,3.0,41.49999999999999,,,,,,,,,,,,,,,
3211.125,trip_completed,BOT_35,RACK_573,,,,,,,,,,,,,,,,1.0,1.0,3127.0,3211.125,84.125,54.5,78.125,0.0,6.0,84.125
3213.5,exit_stop_service,BOT_38,RACK_580,1.0,EXIT_22,,,,,,,,,0.0,3207.5,3213.5,6.0,1.0,,,,,,,,,,
3213.75,exit_stop_service,BOT_31,RACK_563,1.0,EXIT_32,,,,,,,,,0.0,3207.75,3213.75,6.0,1.0,,,,,,,,,,
3229.625,travel_leg,BOT_29,RACK_571,1.0,EXIT_14,receiving_to_first_exit,receiving,EXIT_14,3116.0,3229.625,87.69999999999999,2.0,113.62499999999999,,,,,,,,,,,,,,,
3230.5,travel_leg,BOT_9,RACK_575,1.0,EXIT_28,receiving_to_first_exit,receiving,EXIT_28,3128.5,3230.5,78.4,2.0,102.0,,,,,,,,,,,,,,,
3232.25,travel_leg,BOT_28,RACK_584,1.0,EXIT_21,receiving_to_first_exit,receiving,EXIT_21,3195.0,3232.25,26.599999999999994,2.0,37.24999999999999,,,,,,,,,,,,,,,
3232.75,travel_leg,BOT_21,RACK_572,1.0,EXIT_29,receiving_to_first_exit,receiving,EXIT_29,3121.5,3232.75,85.80000000000001,2.0,111.25000000000001,,,,,,,,,,,,,,,
3233.0,return_leg,BOT_24,RACK_552,1.0,EXIT_28,last_exit_to_return,EXIT_28,return,3129.25,3233.0,78.2,3.0,103.75,,,,,,,,,,,,,,,
3233.0,trip_completed,BOT_24,RACK_552,,,,,,,,,,,,,,,,1.0,1.0,3021.25,3233.0,211.75,156.60000000000002,205.75,0.0,6.0,211.75
3233.375,return_leg,BOT_10,RACK_544,1.0,EXIT_14,last_exit_to_return,EXIT_14,return,3114.875,3233.375,89.99999999999999,3.0,118.49999999999997,,,,,,,,,,,,,,,
3233.375,trip_completed,BOT_10,RACK_544,,,,,,,,,,,,,,,,1.0,1.0,2995.25,3233.375,238.125,177.7,232.12499999999994,0.0,6.0,238.125
3233.75,travel_leg,BOT_4,RACK_569,1.0,EXIT_31,receiving_to_first_exit,receiving,EXIT_31,3104.0,3233.75,100.60000000000002,2.0,129.75000000000003,,,,,,,,,,,,,,,
3235.625,exit_stop_service,BOT_29,RACK_571,1.0,EXIT_14,,,,,,,,,0.0,3229.625,3235.625,6.0,1.0,,,,,,,,,,
3236.5,exit_stop_service,BOT_9,RACK_575,1.0,EXIT_28,,,,,,,,,0.0,3230.5,3236.5,6.0,1.0,,,,,,,,,,
3238.25,exit_stop_service,BOT_28,RACK_584,1.0,EXIT_21,,,,,,,,,0.0,3232.25,3238.25,6.0,1.0,,,,,,,,,,
3238.75,exit_stop_service,BOT_21,RACK_572,1.0,EXIT_29,,,,,,,,,0.0,3232.75,3238.75,6.0,1.0,,,,,,,,,,
3239.75,exit_stop_service,BOT_4,RACK_569,1.0,EXIT_31,,,,,,,,,0.0,3233.75,3239.75,6.0,1.0,,,,,,,,,,
3242.375,return_leg,BOT_15,RACK_555,1.0,EXIT_28,last_exit_to_return,EXIT_28,return,3138.625,3242.375,78.2,3.0,103.75,,,,,,,,,,,,,,,
3242.375,trip_completed,BOT_15,RACK_555,,,,,,,,,,,,,,,,1.0,1.0,3030.625,3242.375,211.75,156.60000000000002,205.75,0.0,6.0,211.75
3245.25,return_leg,BOT_27,RACK_578,1.0,EXIT_22,last_exit_to_return,EXIT_22,return,3197.0,3245.25,33.8,3.0,48.24999999999999,,,,,,,,,,,,,,,
3245.25,trip_completed,BOT_27,RACK_578,,,,,,,,,,,,,,,,1.0,1.0,3144.5,3245.25,100.75,67.8,94.75,0.0,6.0,100.75
3248.375,return_leg,BOT_16,RACK_556,1.0,EXIT_28,last_exit_to_return,EXIT_28,return,3144.625,3248.375,78.2,3.0,103.75,,,,,,,,,,,,,,,
3248.375,trip_completed,BOT_16,RACK_556,,,,,,,,,,,,,,,,1.0,1.0,3033.75,3248.375,214.625,156.60000000000002,205.75,2.875,6.0,214.625
3250.0,return_leg,BOT_34,RACK_551,1.0,EXIT_29,last_exit_to_return,EXIT_29,return,3137.0,3250.0,85.60000000000001,3.0,113.0,,,,,,,,,,,,,,,
3250.0,trip_completed,BOT_34,RACK_551,,,,,,,,,,,,,,,,1.0,1.0,3019.75,3250.0,230.25,171.40000000000003,224.25,0.0,6.0,230.25
3251.25,return_leg,BOT_7,RACK_579,1.0,EXIT_22,last_exit_to_return,EXIT_22,return,3203.0,3251.25,33.8,3.0,48.24999999999999,,,,,,,,,,,,,,,
3251.25,trip_completed,BOT_7,RACK_579,,,,,,,,,,,,,,,,1.0,1.0,3148.5,3251.25,102.75,67.8,94.75,2.0,6.0,102.75
3251.5,travel_leg,BOT_33,RACK_591,1.0,EXIT_20,receiving_to_first_exit,receiving,EXIT_20,3223.5,3251.5,19.2,2.0,27.999999999999996,,,,,,,,,,,,,,,
3255.625,return_leg,BOT_22,RACK_577,1.0,EXIT_5,last_exit_to_return,EXIT_5,return,3200.125,3255.625,39.6,3.0,55.5,,,,,,,,,,,,,,,
3255.625,trip_completed,BOT_22,RACK_577,,,,,,,,,,,,,,,,1.0,1.0,3143.5,3255.625,112.125,76.9,106.125,0.0,6.0,112.125
3257.5,exit_stop_service,BOT_33,RACK_591,1.0,EXIT_20,,,,,,,,,0.0,3251.5,3257.5,6.0,1.0,,,,,,,,,,
3260.0,travel_leg,BOT_20,RACK_583,1.0,EXIT_26,receiving_to_first_exit,receiving,EXIT_26,3176.5,3260.0,63.599999999999994,2.0,83.49999999999999,,,,,,,,,,,,,,,
3261.75,return_leg,BOT_38,RACK_580,1.0,EXIT_22,last_exit_to_return,EXIT_22,return,3213.5,3261.75,33.8,3.0,48.24999999999999,,,,,,,,,,,,,,,
3261.75,trip_completed,BOT_38,RACK_580,,,,,,,,,,,,,,,,1.0,1.0,3161.0,3261.75,100.75,67.8,94.75,0.0,6.0,100.75
3263.5,travel_leg,BOT_6,RACK_594,1.0,EXIT_20,receiving_to_first_exit,receiving,EXIT_20,3235.5,3263.5,19.2,2.0,27.999999999999996,,,,,,,,,,,,,,,
3266.0,exit_stop_service,BOT_20,RACK_583,1.0,EXIT_26,,,,,,,,,0.0,3260.0,3266.0,6.0,1.0,,,,,,,,,,
3266.25,travel_leg,BOT_37,RACK_576,1.0,EXIT_31,receiving_to_first_exit,receiving,EXIT_31,3136.5,3266.25,100.60000000000002,2.0,129.75000000000003,,,,,,,,,,,,,,,
3267.75,travel_leg,BOT_26,RACK_582,1.0,EXIT_27,receiving_to_first_exit,receiving,EXIT_27,3175.0,3267.75,71.0,2.0,92.75,,,,,,,,,,,,,,,
3268.125,return_leg,BOT_19,RACK_560,1.0,EXIT_12,last_exit_to_return,EXIT_12,return,3163.625,3268.125,78.8,3.0,104.49999999999999,,,,,,,,,,,,,,,
3268.125,trip_completed,BOT_19,RACK_560,,,,,,,,,,,,,,,,1.0,1.0,3058.0,3268.125,210.125,155.3,204.125,0.0,6.0,210.125
3268.75,return_leg,BOT_8,RACK_567,1.0,EXIT_26,last_exit_to_return,EXIT_26,return,3183.5,3268.75,63.39999999999999,3.0,85.24999999999999,,,,,,,,,,,,,,,
3268.75,trip_completed,BOT_8,RACK_567,,,,,,,,,,,,,,,,1.0,1.0,3094.0,3268.75,174.75,126.99999999999999,168.74999999999997,0.0,6.0,174.75
3269.5,exit_stop_service,BOT_6,RACK_594,1.0,EXIT_20,,,,,,,,,0.0,3263.5,3269.5,6.0,1.0,,,,,,,,,,
3270.5,travel_leg,BOT_32,RACK_581,1.0,EXIT_28,receiving_to_first_exit,receiving,EXIT_28,3168.5,3270.5,78.4,2.0,102.0,,,,,,,,,,,,,,,
3272.25,exit_stop_service,BOT_37,RACK_576,1.0,EXIT_31,,,,,,,,,0.0,3266.25,3272.25,6.0,1.0,,,,,,,,,,
3272.625,travel_leg,BOT_24,RACK_597,1.0,EXIT_1,receiving_to_first_exit,receiving,EXIT_1,3250.0,3272.625,14.899999999999999,2.0,22.624999999999996,,,,,,,,,,,,,,,
3273.125,return_leg,BOT_36,RACK_548,1.0,EXIT_31,last_exit_to_return,EXIT_31,return,3141.625,3273.125,100.40000000000002,3.0,131.5,,,,,,,,,,,,,,,
3273.125,trip_completed,BOT_36,RACK_548,,,,,,,,,,,,,,,,1.0,1.0,3005.875,3273.125,267.25,201.00000000000006,261.25,0.0,6.0,267.25
3273.75,exit_stop_service,BOT_26,RACK_582,1.0,EXIT_27,,,,,,,,,0.0,3267.75,3273.75,6.0,1.0,,,,,,,,,,
3276.5,exit_stop_service,BOT_32,RACK_581,1.0,EXIT_28,,,,,,,,,0.0,3270.5,3276.5,6.0,1.0,,,,,,,,,,
3277.25,return_leg,BOT_28,RACK_584,1.0,EXIT_21,last_exit_to_return,EXIT_21,return,3238.25,3277.25,26.4,3.0,38.99999999999999,,,,,,,,,,,,,,,
3277.25,trip_completed,BOT_28,RACK_584,,,,,,,,,,,,,,,,1.0,1.0,3195.0,3277.25,82.25,52.99999999999999,76.24999999999999,0.0,6.0,82.25
3278.625,exit_stop_service,BOT_24,RACK_597,1.0,EXIT_1,,,,,,,,,0.0,3272.625,3278.625,6.0,1.0,,,,,,,,,,
3286.25,return_leg,BOT_23,RACK_570,1.0,EXIT_26,last_exit_to_return,EXIT_26,return,3201.0,3286.25,63.39999999999999,3.0,85.24999999999999,,,,,,,,,,,,,,,
3286.25,trip_completed,BOT_23,RACK_570,,,,,,,,,,,,,,,,1.0,1.0,3111.5,3286.25,174.75,126.99999999999999,168.74999999999997,0.0,6.0,174.75
3287.25,return_leg,BOT_33,RACK_591,1.0,EXIT_20,last_exit_to_return,EXIT_20,return,3257.5,3287.25,19.0,3.0,29.75,,,,,,,,,,,,,,,
3287.25,trip_completed,BOT_33,RACK_591,,,,,,,,,,,,,,,,1.0,1.0,3223.5,3287.25,63.75,38.2,57.75,0.0,6.0,63.75
3288.625,return_leg,BOT_5,RACK_565,1.0,EXIT_28,last_exit_to_return,EXIT_28,return,3184.875,3288.625,78.2,3.0,103.75,,,,,,,,,,,,,,,
3288.625,trip_completed,BOT_5,RACK_565,,,,,,,,,,,,,,,,1.0,1.0,3076.875,3288.625,211.75,156.60000000000002,205.75,0.0,6.0,211.75
3298.5,travel_leg,BOT_25,RACK_585,1.0,EXIT_28,receiving_to_first_exit,receiving,EXIT_28,3196.5,3298.5,78.4,2.0,102.0,,,,,,,,,,,,,,,
3299.25,return_leg,BOT_6,RACK_594,1.0,EXIT_20,last_exit_to_return,EXIT_20,return,3269.5,3299.25,19.0,3.0,29.75,,,,,,,,,,,,,,,
3299.25,trip_completed,BOT_6,RACK_594,,,,,,,,,,,,,,,,1.0,1.0,3235.5,3299.25,63.75,38.2,57.75,0.0,6.0,63.75
3299.625,travel_leg,BOT_2,RACK_587,1.0,EXIT_12,receiving_to_first_exit,receiving,EXIT_12,3200.0,3299.625,76.5,2.0,99.625,,,,,,,,,,,,,,,
3304.5,exit_stop_service,BOT_25,RACK_585,1.0,EXIT_28,,,,,,,,,0.0,3298.5,3304.5,6.0,1.0,,,,,,,,,,
3305.625,exit_stop_service,BOT_2,RACK_587,1.0,EXIT_12,,,,,,,,,0.0,3299.625,3305.625,6.0,1.0,,,,,,,,,,
3306.125,return_leg,BOT_24,RACK_597,1.0,EXIT_1,last_exit_to_return,EXIT_1,return,3278.625,3306.125,17.2,3.0,27.499999999999996,,,,,,,,,,,,,,,
3306.125,trip_completed,BOT_24,RACK_597,,,,,,,,,,,,,,,,1.0,1.0,3250.0,3306.125,56.125,32.099999999999994,50.12499999999999,0.0,6.0,56.125
3308.0,travel_leg,BOT_12,RACK_592,1.0,EXIT_26,receiving_to_first_exit,receiving,EXIT_26,3224.5,3308.0,63.599999999999994,2.0,83.49999999999999,,,,,,,,,,,,,,,
3312.25,return_leg,BOT_13,RACK_568,1.0,EXIT_28,last_exit_to_return,EXIT_28,return,3208.5,3312.25,78.2,3.0,103.75,,,,,,,,,,,,,,,
3312.25,trip_completed,BOT_13,RACK_568,,,,,,,,,,,,,,,,1.0,1.0,3100.5,3312.25,211.75,156.60000000000002,205.75,0.0,6.0,211.75
3314.0,exit_stop_service,BOT_12,RACK_592,1.0,EXIT_26,,,,,,,,,0.0,3308.0,3314.0,6.0,1.0,,,,,,,,,,
3319.0,return_leg,BOT_17,RACK_558,1.0,EXIT_31,last_exit_to_return,EXIT_31,return,3187.5,3319.0,100.40000000000002,3.0,131.5,,,,,,,,,,,,,,,
3319.0,trip_completed,BOT_17,RACK_558,,,,,,,,,,,,,,,,1.0,1.0,3051.75,3319.0,267.25,201.00000000000006,261.25,0.0,6.0,267.25
3322.5,travel_leg,BOT_11,RACK_590,1.0,EXIT_28,receiving_to_first_exit,receiving,EXIT_28,3220.5,3322.5,78.4,2.0,102.0,,,,,,,,,,,,,,,
3328.25,travel_leg,BOT_14,RACK_586,1.0,EXIT_31,receiving_to_first_exit,receiving,EXIT_31,3198.5,3328.25,100.60000000000002,2.0,129.75000000000003,,,,,,,,,,,,,,,
3328.5,travel_leg,BOT_10,RACK_598,1.0,EXIT_24,receiving_to_first_exit,receiving,EXIT_24,3263.5,3328.5,48.8,2.0,65.0,,,,,,,,,,,,,,,
3328.5,exit_stop_service,BOT_11,RACK_590,1.0,EXIT_28,,,,,,,,,0.0,3322.5,3328.5,6.0,1.0,,,,,,,,,,
3329.75,travel_leg,BOT_30,RACK_589,1.0,EXIT_29,receiving_to_first_exit,receiving,EXIT_29,3218.5,3329.75,85.80000000000001,2.0,111.25000000000001,,,,,,,,,,,,,,,
3330.625,travel_leg,BOT_3,RACK_593,1.0,EXIT_12,receiving_to_first_exit,receiving,EXIT_12,3231.0,3330.625,76.5,2.0,99.625,,,,,,,,,,,,,,,
3332.25,travel_leg,BOT_18,RACK_595,1.0,EXIT_27,receiving_to_first_exit,receiving,EXIT_27,3239.5,3332.25,71.0,2.0,92.75,,,,,,,,,,,,,,,
3332.75,travel_leg,BOT_1,RACK_588,1.0,EXIT_31,receiving_to_first_exit,receiving,EXIT_31,3203.0,3332.75,100.60000000000002,2.0,129.75000000000003,,,,,,,,,,,,,,,
3334.25,exit_stop_service,BOT_14,RACK_586,1.0,EXIT_31,,,,,,,,,0.0,3328.25,3334.25,6.0,1.0,,,,,,,,,,
3334.5,exit_stop_service,BOT_10,RACK_598,1.0,EXIT_24,,,,,,,,,0.0,3328.5,3334.5,6.0,1.0,,,,,,,,,,
3335.75,exit_stop_service,BOT_30,RACK_589,1.0,EXIT_29,,,,,,,,,0.0,3329.75,3335.75,6.0,1.0,,,,,,,,,,
3336.625,exit_stop_service,BOT_3,RACK_593,1.0,EXIT_12,,,,,,,,,0.0,3330.625,3336.625,6.0,1.0,,,,,,,,,,
3338.25,exit_stop_service,BOT_18,RACK_595,1.0,EXIT_27,,,,,,,,,0.0,3332.25,3338.25,6.0,1.0,,,,,,,,,,
3338.5,travel_leg,BOT_27,RACK_600,1.0,EXIT_22,receiving_to_first_exit,receiving,EXIT_22,3292.0,3338.5,34.0,2.0,46.5,,,,,,,,,,,,,,,
3340.25,return_leg,BOT_9,RACK_575,1.0,EXIT_28,last_exit_to_return,EXIT_28,return,3236.5,3340.25,78.2,3.0,103.75,,,,,,,,,,,,,,,
3340.25,exit_stop_service,BOT_1,RACK_588,1.0,EXIT_31,,,,,,,,,1.5,3334.25,3340.25,6.0,1.0,,,,,,,,,,
3340.25,trip_completed,BOT_9,RACK_575,,,,,,,,,,,,,,,,1.0,1.0,3128.5,3340.25,211.75,156.60000000000002,205.75,0.0,6.0,211.75
3344.0,travel_leg,BOT_35,RACK_596,1.0,EXIT_28,receiving_to_first_exit,receiving,EXIT_28,3242.0,3344.0,78.4,2.0,102.0,,,,,,,,,,,,,,,
3344.5,exit_stop_service,BOT_27,RACK_600,1.0,EXIT_22,,,,,,,,,0.0,3338.5,3344.5,6.0,1.0,,,,,,,,,,
3348.75,travel_leg,BOT_15,RACK_599,1.0,EXIT_25,receiving_to_first_exit,receiving,EXIT_25,3274.5,3348.75,56.19999999999999,2.0,74.24999999999999,,,,,,,,,,,,,,,
3350.0,exit_stop_service,BOT_35,RACK_596,1.0,EXIT_28,,,,,,,,,0.0,3344.0,3350.0,6.0,1.0,,,,,,,,,,
3351.25,return_leg,BOT_20,RACK_583,1.0,EXIT_26,last_exit_to_return,EXIT_26,return,3266.0,3351.25,63.39999999999999,3.0,85.24999999999999,,,,,,,,,,,,,,,
3351.25,trip_completed,BOT_20,RACK_583,,,,,,,,,,,,,,,,1.0,1.0,3176.5,3351.25,174.75,126.99999999999999,168.74999999999997,0.0,6.0,174.75
3351.75,return_leg,BOT_21,RACK_572,1.0,EXIT_29,last_exit_to_return,EXIT_29,return,3238.75,3351.75,85.60000000000001,3.0,113.0,,,,,,,,,,,,,,,
3351.75,trip_completed,BOT_21,RACK_572,,,,,,,,,,,,,,,,1.0,1.0,3121.5,3351.75,230.25,171.40000000000003,224.25,0.0,6.0,230.25
3354.125,return_leg,BOT_29,RACK_571,1.0,EXIT_14,last_exit_to_return,EXIT_14,return,3235.625,3354.125,89.99999999999999,3.0,118.49999999999997,,,,,,,,,,,,,,,
3354.125,trip_completed,BOT_29,RACK_571,,,,,,,,,,,,,,,,1.0,1.0,3116.0,3354.125,238.125,177.7,232.12499999999994,0.0,6.0,238.125
3354.5,return_leg,BOT_31,RACK_563,1.0,EXIT_32,last_exit_to_return,EXIT_32,return,3213.75,3354.5,107.80000000000003,3.0,140.75000000000003,,,,,,,,,,,,,,,
3354.5,trip_completed,BOT_31,RACK_563,,,,,,,,,,,,,,,,1.0,1.0,3068.75,3354.5,285.75,215.80000000000007,279.75000000000006,0.0,6.0,285.75
3354.75,exit_stop_service,BOT_15,RACK_599,1.0,EXIT_25,,,,,,,,,0.0,3348.75,3354.75,6.0,1.0,,,,,,,,,,
3368.25,return_leg,BOT_26,RACK_582,1.0,EXIT_27,last_exit_to_return,EXIT_27,return,3273.75,3368.25,70.8,3.0,94.49999999999999,,,,,,,,,,,,,,,
3368.25,trip_completed,BOT_26,RACK_582,,,,,,,,,,,,,,,,1.0,1.0,3175.0,3368.25,193.25,141.8,187.25,0.0,6.0,193.25
3371.25,return_leg,BOT_4,RACK_569,1.0,EXIT_31,last_exit_to_return,EXIT_31,return,3239.75,3371.25,100.40000000000002,3.0,131.5,,,,,,,,,,,,,,,
3371.25,trip_completed,BOT_4,RACK_569,,,,,,,,,,,,,,,,1.0,1.0,3104.0,3371.25,267.25,201.00000000000006,261.25,0.0,6.0,267.25
3380.25,return_leg,BOT_32,RACK_581,1.0,EXIT_28,last_exit_to_return,EXIT_28,return,3276.5,3380.25,78.2,3.0,103.75,,,,,,,,,,,,,,,
3380.25,trip_completed,BOT_32,RACK_581,,,,,,,,,,,,,,,,1.0,1.0,3168.5,3380.25,211.75,156.60000000000002,205.75,0.0,6.0,211.75
3389.625,travel_leg,BOT_16,RACK_601,1.0,EXIT_10,receiving_to_first_exit,receiving,EXIT_10,3304.0,3389.625,65.30000000000001,2.0,85.62500000000001,,,,,,,,,,,,,,,
3392.75,return_leg,BOT_27,RACK_600,1.0,EXIT_22,last_exit_to_return,EXIT_22,return,3344.5,3392.75,33.8,3.0,48.24999999999999,,,,,,,,,,,,,,,
3392.75,trip_completed,BOT_27,RACK_600,,,,,,,,,,,,,,,,1.0,1.0,3292.0,3392.75,100.75,67.8,94.75,0.0,6.0,100.75
3395.625,exit_stop_service,BOT_16,RACK_601,1.0,EXIT_10,,,,,,,,,0.0,3389.625,3395.625,6.0,1.0,,,,,,,,,,
3398.75,travel_leg,BOT_38,RACK_605,1.0,EXIT_25,receiving_to_first_exit,receiving,EXIT_25,3324.5,3398.75,56.19999999999999,2.0,74.24999999999999,,,,,,,,,,,,,,,
3399.25,return_leg,BOT_12,RACK_592,1.0,EXIT_26,last_exit_to_return,EXIT_26,return,3314.0,3399.25,63.39999999999999,3.0,85.24999999999999,,,,,,,,,,,,,,,
3399.25,trip_completed,BOT_12,RACK_592,,,,,,,,,,,,,,,,1.0,1.0,3224.5,3399.25,174.75,126.99999999999999,168.74999999999997,0.0,6.0,174.75
3399.75,travel_leg,BOT_36,RACK_608,1.0,EXIT_21,receiving_to_first_exit,receiving,EXIT_21,3362.5,3399.75,26.599999999999994,2.0,37.24999999999999,,,,,,,,,,,,,,,
3401.25,return_leg,BOT_10,RACK_598,1.0,EXIT_24,last_exit_to_return,EXIT_24,return,3334.5,3401.25,48.599999999999994,3.0,66.75,,,,,,,,,,,,,,,
3401.25,trip_completed,BOT_10,RACK_598,,,,,,,,,,,,,,,,1.0,1.0,3263.5,3401.25,137.75,97.39999999999999,131.75,0.0,6.0,137.75
3403.75,return_leg,BOT_37,RACK_576,1.0,EXIT_31,last_exit_to_return,EXIT_31,return,3272.25,3403.75,100.40000000000002,3.0,131.5,,,,,,,,,,,,,,,
3403.75,trip_completed,BOT_37,RACK_576,,,,,,,,,,,,,,,,1.0,1.0,3136.5,3403.75,267.25,201.00000000000006,261.25,0.0,6.0,267.25
3404.75,exit_stop_service,BOT_38,RACK_605,1.0,EXIT_25,,,,,,,,,0.0,3398.75,3404.75,6.0,1.0,,,,,,,,,,
3405.75,exit_stop_service,BOT_36,RACK_608,1.0,EXIT_21,,,,,,,,,0.0,3399.75,3405.75,6.0,1.0,,,,,,,,,,
3408.25,return_leg,BOT_25,RACK_585,1.0,EXIT_28,last_exit_to_return,EXIT_28,return,3304.5,3408.25,78.2,3.0,103.75,,,,,,,,,,,,,,,
3408.25,trip_completed,BOT_25,RACK_585,,,,,,,,,,,,,,,,1.0,1.0,3196.5,3408.25,211.75,156.60000000000002,205.75,0.0,6.0,211.75
3410.0,travel_leg,BOT_34,RACK_602,1.0,EXIT_28,receiving_to_first_exit,receiving,EXIT_28,3308.0,3410.0,78.4,2.0,102.0,,,,,,,,,,,,,,,
3410.125,return_leg,BOT_2,RACK_587,1.0,EXIT_12,last_exit_to_return,EXIT_12,return,3305.625,3410.125,78.8,3.0,104.49999999999999,,,,,,,,,,,,,,,
3410.125,trip_completed,BOT_2,RACK_587,,,,,,,,,,,,,,,,1.0,1.0,3200.0,3410.125,210.125,155.3,204.125,0.0,6.0,210.125
3416.0,exit_stop_service,BOT_34,RACK_602,1.0,EXIT_28,,,,,,,,,0.0,3410.0,3416.0,6.0,1.0,,,,,,,,,,
3425.0,travel_leg,BOT_19,RACK_606,1.0,EXIT_26,receiving_to_first_exit,receiving,EXIT_26,3341.5,3425.0,63.599999999999994,2.0,83.49999999999999,,,,,,,,,,,,,,,
3430.75,return_leg,BOT_15,RACK_599,1.0,EXIT_25,last_exit_to_return,EXIT_25,return,3354.75,3430.75,55.99999999999999,3.0,75.99999999999999,,,,,,,,,,,,,,,
3430.75,trip_completed,BOT_15,RACK_599,,,,,,,,,,,,,,,,1.0,1.0,3274.5,3430.75,156.25,112.19999999999999,150.24999999999997,0.0,6.0,156.25
3431.0,exit_stop_service,BOT_19,RACK_606,1.0,EXIT_26,,,,,,,,,0.0,3425.0,3431.0,6.0,1.0,,,,,,,,,,
3432.25,return_leg,BOT_11,RACK_590,1.0,EXIT_28,last_exit_to_return,EXIT_28,return,3328.5,3432.25,78.2,3.0,103.75,,,,,,,,,,,,,,,
3432.25,trip_completed,BOT_11,RACK_590,,,,,,,,,,,,,,,,1.0,1.0,3220.5,3432.25,211.75,156.60000000000002,205.75,0.0,6.0,211.75
3432.75,return_leg,BOT_18,RACK_595,1.0,EXIT_27,last_exit_to_return,EXIT_27,return,3338.25,3432.75,70.8,3.0,94.49999999999999,,,,,,,,,,,,,,,
3432.75,trip_completed,BOT_18,RACK_595,,,,,,,,,,,,,,,,1.0,1.0,3239.5,3432.75,193.25,141.8,187.25,0.0,6.0,193.25
3433.0,travel_leg,BOT_9,RACK_617,1.0,EXIT_20,receiving_to_first_exit,receiving,EXIT_20,3405.0,3433.0,19.2,2.0,27.999999999999996,,,,,,,,,,,,,,,
3439.0,exit_stop_service,BOT_9,RACK_617,1.0,EXIT_20,,,,,,,,,0.0,3433.0,3439.0,6.0,1.0,,,,,,,,,,
3441.125,return_leg,BOT_3,RACK_593,1.0,EXIT_12,last_exit_to_return,EXIT_12,return,3336.625,3441.125,78.8,3.0,104.49999999999999,,,,,,,,,,,,,,,
3441.125,trip_completed,BOT_3,RACK_593,,,,,,,,,,,,,,,,1.0,1.0,3231.0,3441.125,210.125,155.3,204.125,0.0,6.0,210.125
3441.25,travel_leg,BOT_28,RACK_609,1.0,EXIT_25,receiving_to_first_exit,receiving,EXIT_25,3367.0,3441.25,56.19999999999999,2.0,74.24999999999999,,,,,,,,,,,,,,,
3441.625,travel_leg,BOT_7,RACK_603,1.0,EXIT_15,receiving_to_first_exit,receiving,EXIT_15,3321.0,3441.625,93.29999999999998,2.0,120.62499999999997,,,,,,,,,,,,,,,
3444.75,return_leg,BOT_36,RACK_608,1.0,EXIT_21,last_exit_to_return,EXIT_21,return,3405.75,3444.75,26.4,3.0,38.99999999999999,,,,,,,,,,,,,,,
3444.75,trip_completed,BOT_36,RACK_608,,,,,,,,,,,,,,,,1.0,1.0,3362.5,3444.75,82.25,52.99999999999999,76.24999999999999,0.0,6.0,82.25
3447.25,exit_stop_service,BOT_28,RACK_609,1.0,EXIT_25,,,,,,,,,0.0,3441.25,3447.25,6.0,1.0,,,,,,,,,,
3447.625,exit_stop_service,BOT_7,RACK_603,1.0,EXIT_15,,,,,,,,,0.0,3441.625,3447.625,6.0,1.0,,,,,,,,,,
3448.75,return_leg,BOT_30,RACK_589,1.0,EXIT_29,last_exit_to_return,EXIT_29,return,3335.75,3448.75,85.60000000000001,3.0,113.0,,,,,,,,,,,,,,,
3448.75,trip_completed,BOT_30,RACK_589,,,,,,,,,,,,,,,,1.0,1.0,3218.5,3448.75,230.25,171.40000000000003,224.25,0.0,6.0,230.25
3450.75,travel_leg,BOT_23,RACK_610,1.0,EXIT_25,receiving_to_first_exit,receiving,EXIT_25,3376.5,3450.75,56.19999999999999,2.0,74.24999999999999,,,,,,,,,,,,,,,
3451.75,travel_leg,BOT_22,RACK_604,1.0,EXIT_31,receiving_to_first_exit,receiving,EXIT_31,3322.0,3451.75,100.60000000000002,2.0,129.75000000000003,,,,,,,,,,,,,,,
3453.75,return_leg,BOT_35,RACK_596,1.0,EXIT_28,last_exit_to_return,EXIT_28,return,3350.0,3453.75,78.2,3.0,103.75,,,,,,,,,,,,,,,
3453.75,trip_completed,BOT_35,RACK_596,,,,,,,,,,,,,,,,1.0,1.0,3242.0,3453.75,211.75,156.60000000000002,205.75,0.0,6.0,211.75
3456.75,exit_stop_service,BOT_23,RACK_610,1.0,EXIT_25,,,,,,,,,0.0,3450.75,3456.75,6.0,1.0,,,,,,,,,,
3457.75,exit_stop_service,BOT_22,RACK_604,1.0,EXIT_31,,,,,,,,,0.0,3451.75,3457.75,6.0,1.0,,,,,,,,,,
3460.0,travel_leg,BOT_37,RACK_628,1.0,EXIT_20,receiving_to_first_exit,receiving,EXIT_20,3432.0,3460.0,19.2,2.0,27.999999999999996,,,,,,,,,,,,,,,
3461.0,travel_leg,BOT_31,RACK_621,1.0,EXIT_22,receiving_to_first_exit,receiving,EXIT_22,3414.5,3461.0,34.0,2.0,46.5,,,,,,,,,,,,,,,
3465.75,return_leg,BOT_14,RACK_586,1.0,EXIT_31,last_exit_to_return,EXIT_31,return,3334.25,3465.75,100.40000000000002,3.0,131.5,,,,,,,,,,,,,,,
3465.75,trip_completed,BOT_14,RACK_586,,,,,,,,,,,,,,,,1.0,1.0,3198.5,3465.75,267.25,201.00000000000006,261.25,0.0,6.0,267.25
3466.0,exit_stop_service,BOT_37,RACK_628,1.0,EXIT_20,,,,,,,,,0.0,3460.0,3466.0,6.0,1.0,,,,,,,,,,
3467.0,exit_stop_service,BOT_31,RACK_621,1.0,EXIT_22,,,,,,,,,0.0,3461.0,3467.0,6.0,1.0,,,,,,,,,,
3468.75,return_leg,BOT_9,RACK_617,1.0,EXIT_20,last_exit_to_return,EXIT_20,return,3439.0,3468.75,19.0,3.0,29.75,,,,,,,,,,,,,,,
3468.75,trip_completed,BOT_9,RACK_617,,,,,,,,,,,,,,,,1.0,1.0,3405.0,3468.75,63.75,38.2,57.75,0.0,6.0,63.75
3470.5,travel_leg,BOT_6,RACK_613,1.0,EXIT_26,receiving_to_first_exit,receiving,EXIT_26,3387.0,3470.5,63.599999999999994,2.0,83.49999999999999,,,,,,,,,,,,,,,
3471.25,travel_leg,BOT_8,RACK_607,1.0,EXIT_31,receiving_to_first_exit,receiving,EXIT_31,3341.5,3471.25,100.60000000000002,2.0,129.75000000000003,,,,,,,,,,,,,,,
3471.75,return_leg,BOT_1,RACK_588,1.0,EXIT_31,last_exit_to_return,EXIT_31,return,3340.25,3471.75,100.40000000000002,3.0,131.5,,,,,,,,,,,,,,,
3471.75,trip_completed,BOT_1,RACK_588,,,,,,,,,,,,,,,,1.0,1.0,3203.0,3471.75,268.75,201.00000000000006,261.25,1.5,6.0,268.75
3476.5,exit_stop_service,BOT_6,RACK_613,1.0,EXIT_26,,,,,,,,,0.0,3470.5,3476.5,6.0,1.0,,,,,,,,,,
3477.25,exit_stop_service,BOT_8,RACK_607,1.0,EXIT_31,,,,,,,,,0.0,3471.25,3477.25,6.0,1.0,,,,,,,,,,
3480.5,travel_leg,BOT_13,RACK_615,1.0,EXIT_26,receiving_to_first_exit,receiving,EXIT_26,3397.0,3480.5,63.599999999999994,2.0,83.49999999999999,,,,,,,,,,,,,,,
3480.75,return_leg,BOT_38,RACK_605,1.0,EXIT_25,last_exit_to_return,EXIT_25,return,3404.75,3480.75,55.99999999999999,3.0,75.99999999999999,,,,,,,,,,,,,,,
3480.75,trip_completed,BOT_38,RACK_605,,,,,,,,,,,,,,,,1.0,1.0,3324.5,3480.75,156.25,112.19999999999999,150.24999999999997,0.0,6.0,156.25
3486.125,return_leg,BOT_16,RACK_601,1.0,EXIT_10,last_exit_to_return,EXIT_10,return,3395.625,3486.125,67.60000000000001,3.0,90.5,,,,,,,,,,,,,,,
3486.125,trip_completed,BOT_16,RACK_601,,,,,,,,,,,,,,,,1.0,1.0,3304.0,3486.125,182.125,132.90000000000003,176.125,0.0,6.0,182.125
3486.5,exit_stop_service,BOT_13,RACK_615,1.0,EXIT_26,,,,,,,,,0.0,3480.5,3486.5,6.0,1.0,,,,,,,,,,
3491.125,travel_leg,BOT_33,RACK_611,1.0,EXIT_14,receiving_to_first_exit,receiving,EXIT_14,3377.5,3491.125,87.69999999999999,2.0,113.62499999999999,,,,,,,,,,,,,,,
3492.0,travel_leg,BOT_12,RACK_626,1.0,EXIT_24,receiving_to_first_exit,receiving,EXIT_24,3427.0,3492.0,48.8,2.0,65.0,,,,,,,,,,,,,,,
3495.75,return_leg,BOT_37,RACK_628,1.0,EXIT_20,last_exit_to_return,EXIT_20,return,3466.0,3495.75,19.0,3.0,29.75,,,,,,,,,,,,,,,
3495.75,trip_completed,BOT_37,RACK_628,,,,,,,,,,,,,,,,1.0,1.0,3432.0,3495.75,63.75,38.2,57.75,0.0,6.0,63.75
3497.125,exit_stop_service,BOT_33,RACK_611,1.0,EXIT_14,,,,,,,,,0.0,3491.125,3497.125,6.0,1.0,,,,,,,,,,
3498.0,exit_stop_service,BOT_12,RACK_626,1.0,EXIT_24,,,,,,,,,0.0,3492.0,3498.0,6.0,1.0,,,,,,,,,,
3499.25,travel_leg,BOT_24,RACK_614,1.0,EXIT_29,receiving_to_first_exit,receiving,EXIT_29,3388.0,3499.25,85.80000000000001,2.0,111.25000000000001,,,,,,,,,,,,,,,
3499.625,travel_leg,BOT_5,RACK_612,1.0,EXIT_15,receiving_to_first_exit,receiving,EXIT_15,3379.0,3499.625,93.29999999999998,2.0,120.62499999999997,,,,,,,,,,,,,,,
3505.25,exit_stop_service,BOT_24,RACK_614,1.0,EXIT_29,,,,,,,,,0.0,3499.25,3505.25,6.0,1.0,,,,,,,,,,
3505.625,exit_stop_service,BOT_5,RACK_612,1.0,EXIT_15,,,,,,,,,0.0,3499.625,3505.625,6.0,1.0,,,,,,,,,,
3508.0,travel_leg,BOT_20,RACK_618,1.0,EXIT_28,receiving_to_first_exit,receiving,EXIT_28,3406.0,3508.0,78.4,2.0,102.0,,,,,,,,,,,,,,,
3510.0,travel_leg,BOT_21,RACK_619,1.0,EXIT_28,receiving_to_first_exit,receiving,EXIT_28,3408.0,3510.0,78.4,2.0,102.0,,,,,,,,,,,,,,,
3514.0,travel_leg,BOT_10,RACK_627,1.0,EXIT_26,receiving_to_first_exit,receiving,EXIT_26,3430.5,3514.0,63.599999999999994,2.0,83.49999999999999,,,,,,,,,,,,,,,
3514.0,exit_stop_service,BOT_20,RACK_618,1.0,EXIT_28,,,,,,,,,0.0,3508.0,3514.0,6.0,1.0,,,,,,,,,,
3514.25,travel_leg,BOT_32,RACK_624,1.0,EXIT_27,receiving_to_first_exit,receiving,EXIT_27,3421.5,3514.25,71.0,2.0,92.75,,,,,,,,,,,,,,,
3515.25,return_leg,BOT_31,RACK_621,1.0,EXIT_22,last_exit_to_return,EXIT_22,return,3467.0,3515.25,33.8,3.0,48.24999999999999,,,,,,,,,,,,,,,
3515.25,trip_completed,BOT_31,RACK_621,,,,,,,,,,,,,,,,1.0,1.0,3414.5,3515.25,100.75,67.8,94.75,0.0,6.0,100.75
3515.5,travel_leg,BOT_29,RACK_620,1.0,EXIT_28,receiving_to_first_exit,receiving,EXIT_28,3413.5,3515.5,78.4,2.0,102.0,,,,,,,,,,,,,,,
3516.25,return_leg,BOT_19,RACK_606,1.0,EXIT_26,last_exit_to_return,EXIT_26,return,3431.0,3516.25,63.39999999999999,3.0,85.24999999999999,,,,,,,,,,,,,,,
3516.25,trip_completed,BOT_19,RACK_606,,,,,,,,,,,,,,,,1.0,1.0,3341.5,3516.25,174.75,126.99999999999999,168.74999999999997,0.0,6.0,174.75
3519.625,travel_leg,BOT_4,RACK_623,1.0,EXIT_12,receiving_to_first_exit,receiving,EXIT_12,3420.0,3519.625,76.5,2.0,99.625,,,,,,,,,,,,,,,
3519.75,return_leg,BOT_34,RACK_602,1.0,EXIT_28,last_exit_to_return,EXIT_28,return,3416.0,3519.75,78.2,3.0,103.75,,,,,,,,,,,,,,,
3519.75,trip_completed,BOT_34,RACK_602,,,,,,,,,,,,,,,,1.0,1.0,3308.0,3519.75,211.75,156.60000000000002,205.75,0.0,6.0,211.75
3520.0,exit_stop_service,BOT_10,RACK_627,1.0,EXIT_26,,,,,,,,,0.0,3514.0,3520.0,6.0,1.0,,,,,,,,,,
3520.0,exit_stop_service,BOT_21,RACK_619,1.0,EXIT_28,,,,,,,,,4.0,3514.0,3520.0,6.0,1.0,,,,,,,,,,
3520.25,exit_stop_service,BOT_32,RACK_624,1.0,EXIT_27,,,,,,,,,0.0,3514.25,3520.25,6.0,1.0,,,,,,,,,,
3520.625,travel_leg,BOT_15,RACK_631,1.0,EXIT_8,receiving_to_first_exit,receiving,EXIT_8,3449.0,3520.625,54.10000000000001,2.0,71.625,,,,,,,,,,,,,,,
3521.125,travel_leg,BOT_25,RACK_629,1.0,EXIT_9,receiving_to_first_exit,receiving,EXIT_9,3442.5,3521.125,59.70000000000002,2.0,78.62500000000001,,,,,,,,,,,,,,,
3523.25,return_leg,BOT_28,RACK_609,1.0,EXIT_25,last_exit_to_return,EXIT_25,return,3447.25,3523.25,55.99999999999999,3.0,75.99999999999999,,,,,,,,,,,,,,,
3523.25,trip_completed,BOT_28,RACK_609,,,,,,,,,,,,,,,,1.0,1.0,3367.0,3523.25,156.25,112.19999999999999,150.24999999999997,0.0,6.0,156.25
3523.625,travel_leg,BOT_17,RACK_616,1.0,EXIT_15,receiving_to_first_exit,receiving,EXIT_15,3403.0,3523.625,93.29999999999998,2.0,120.62499999999997,,,,,,,,,,,,,,,
3524.125,travel_leg,BOT_30,RACK_636,1.0,EXIT_5,receiving_to_first_exit,receiving,EXIT_5,3473.5,3524.125,37.300000000000004,2.0,50.625,,,,,,,,,,,,,,,
3525.625,exit_stop_service,BOT_4,RACK_623,1.0,EXIT_12,,,,,,,,,0.0,3519.625,3525.625,6.0,1.0,,,,,,,,,,
3526.0,exit_stop_service,BOT_29,RACK_620,1.0,EXIT_28,,,,,,,,,4.5,3520.0,3526.0,6.0,1.0,,,,,,,,,,
3526.625,exit_stop_service,BOT_15,RACK_631,1.0,EXIT_8,,,,,,,,,0.0,3520.625,3526.625,6.0,1.0,,,,,,,,,,
3527.125,exit_stop_service,BOT_25,RACK_629,1.0,EXIT_9,,,,,,,,,0.0,3521.125,3527.125,6.0,1.0,,,,,,,,,,
3529.125,travel_leg,BOT_27,RACK_625,1.0,EXIT_13,receiving_to_first_exit,receiving,EXIT_13,3422.5,3529.125,82.1,2.0,106.62499999999999,,,,,,,,,,,,,,,
3529.625,exit_stop_service,BOT_17,RACK_616,1.0,EXIT_15,,,,,,,,,0.0,3523.625,3529.625,6.0,1.0,,,,,,,,,,
3530.125,exit_stop_service,BOT_30,RACK_636,1.0,EXIT_5,,,,,,,,,0.0,3524.125,3530.125,6.0,1.0,,,,,,,,,,
3532.5,travel_leg,BOT_2,RACK_630,1.0,EXIT_26,receiving_to_first_exit,receiving,EXIT_26,3449.0,3532.5,63.599999999999994,2.0,83.49999999999999,,,,,,,,,,,,,,,
3532.75,return_leg,BOT_23,RACK_610,1.0,EXIT_25,last_exit_to_return,EXIT_25,return,3456.75,3532.75,55.99999999999999,3.0,75.99999999999999,,,,,,,,,,,,,,,
3532.75,trip_completed,BOT_23,RACK_610,,,,,,,,,,,,,,,,1.0,1.0,3376.5,3532.75,156.25,112.19999999999999,150.24999999999997,0.0,6.0,156.25
3535.125,exit_stop_service,BOT_27,RACK_625,1.0,EXIT_13,,,,,,,,,0.0,3529.125,3535.125,6.0,1.0,,,,,,,,,,
3535.5,travel_leg,BOT_36,RACK_635,1.0,EXIT_24,receiving_to_first_exit,receiving,EXIT_24,3470.5,3535.5,48.8,2.0,65.0,,,,,,,,,,,,,,,
3538.0,travel_leg,BOT_9,RACK_639,1.0,EXIT_22,receiving_to_first_exit,receiving,EXIT_22,3491.5,3538.0,34.0,2.0,46.5,,,,,,,,,,,,,,,
3538.5,travel_leg,BOT_26,RACK_622,1.0,EXIT_30,receiving_to_first_exit,receiving,EXIT_30,3418.0,3538.5,93.20000000000002,2.0,120.50000000000001,,,,,,,,,,,,,,,
3538.5,exit_stop_service,BOT_2,RACK_630,1.0,EXIT_26,,,,,,,,,0.0,3532.5,3538.5,6.0,1.0,,,,,,,,,,
3541.5,exit_stop_service,BOT_36,RACK_635,1.0,EXIT_24,,,,,,,,,0.0,3535.5,3541.5,6.0,1.0,,,,,,,,,,
3544.0,exit_stop_service,BOT_9,RACK_639,1.0,EXIT_22,,,,,,,,,0.0,3538.0,3544.0,6.0,1.0,,,,,,,,,,
3544.5,exit_stop_service,BOT_26,RACK_622,1.0,EXIT_30,,,,,,,,,0.0,3538.5,3544.5,6.0,1.0,,,,,,,,,,
3547.625,travel_leg,BOT_3,RACK_634,1.0,EXIT_10,receiving_to_first_exit,receiving,EXIT_10,3462.0,3547.625,65.30000000000001,2.0,85.62500000000001,,,,,,,,,,,,,,,
3553.625,exit_stop_service,BOT_3,RACK_634,1.0,EXIT_10,,,,,,,,,0.0,3547.625,3553.625,6.0,1.0,,,,,,,,,,
3557.125,travel_leg,BOT_18,RACK_633,1.0,EXIT_12,receiving_to_first_exit,receiving,EXIT_12,3457.5,3557.125,76.5,2.0,99.625,,,,,,,,,,,,,,,
3560.125,travel_leg,BOT_11,RACK_632,1.0,EXIT_13,receiving_to_first_exit,receiving,EXIT_13,3453.5,3560.125,82.1,2.0,106.62499999999999,,,,,,,,,,,,,,,
3561.75,return_leg,BOT_6,RACK_613,1.0,EXIT_26,last_exit_to_return,EXIT_26,return,3476.5,3561.75,63.39999999999999,3.0,85.24999999999999,,,,,,,,,,,,,,,
3561.75,trip_completed,BOT_6,RACK_613,,,,,,,,,,,,,,,,1.0,1.0,3387.0,3561.75,174.75,126.99999999999999,168.74999999999997,0.0,6.0,174.75
3563.125,exit_stop_service,BOT_18,RACK_633,1.0,EXIT_12,,,,,,,,,0.0,3557.125,3563.125,6.0,1.0,,,,,,,,,,
3564.75,return_leg,BOT_12,RACK_626,1.0,EXIT_24,last_exit_to_return,EXIT_24,return,3498.0,3564.75,48.599999999999994,3.0,66.75,,,,,,,,,,,,,,,
3564.75,trip_completed,BOT_12,RACK_626,,,,,,,,,,,,,,,,1.0,1.0,3427.0,3564.75,137.75,97.39999999999999,131.75,0.0,6.0,137.75
3566.125,exit_stop_service,BOT_11,RACK_632,1.0,EXIT_13,,,,,,,,,0.0,3560.125,3566.125,6.0,1.0,,,,,,,,,,
3568.625,travel_leg,BOT_38,RACK_641,1.0,EXIT_3,receiving_to_first_exit,receiving,EXIT_3,3532.0,3568.625,26.1,2.0,36.625,,,,,,,,,,,,,,,
3571.75,return_leg,BOT_13,RACK_615,1.0,EXIT_26,last_exit_to_return,EXIT_26,return,3486.5,3571.75,63.39999999999999,3.0,85.24999999999999,,,,,,,,,,,,,,,
3571.75,trip_completed,BOT_13,RACK_615,,,,,,,,,,,,,,,,1.0,1.0,3397.0,3571.75,174.75,126.99999999999999,168.74999999999997,0.0,6.0,174.75
3573.125,return_leg,BOT_7,RACK_603,1.0,EXIT_15,last_exit_to_return,EXIT_15,return,3447.625,3573.125,95.59999999999998,3.0,125.49999999999997,,,,,,,,,,,,,,,
3573.125,trip_completed,BOT_7,RACK_603,,,,,,,,,,,,,,,,1.0,1.0,3321.0,3573.125,252.125,188.89999999999998,246.12499999999994,0.0,6.0,252.125
3574.625,exit_stop_service,BOT_38,RACK_641,1.0,EXIT_3,,,,,,,,,0.0,3568.625,3574.625,6.0,1.0,,,,,,,,,,
3584.5,travel_leg,BOT_35,RACK_637,1.0,EXIT_28,receiving_to_first_exit,receiving,EXIT_28,3482.5,3584.5,78.4,2.0,102.0,,,,,,,,,,,,,,,
3585.625,return_leg,BOT_30,RACK_636,1.0,EXIT_5,last_exit_to_return,EXIT_5,return,3530.125,3585.625,39.6,3.0,55.5,,,,,,,,,,,,,,,
3585.625,trip_completed,BOT_30,RACK_636,,,,,,,,,,,,,,,,1.0,1.0,3473.5,3585.625,112.125,76.9,106.125,0.0,6.0,112.125
3589.25,return_leg,BOT_22,RACK_604,1.0,EXIT_31,last_exit_to_return,EXIT_31,return,3457.75,3589.25,100.40000000000002,3.0,131.5,,,,,,,,,,,,,,,
3589.25,trip_completed,BOT_22,RACK_604,,,,,,,,,,,,,,,,1.0,1.0,3322.0,3589.25,267.25,201.00000000000006,261.25,0.0,6.0,267.25
3590.5,exit_stop_service,BOT_35,RACK_637,1.0,EXIT_28,,,,,,,,,0.0,3584.5,3590.5,6.0,1.0,,,,,,,,,,
3592.25,return_leg,BOT_9,RACK_639,1.0,EXIT_22,last_exit_to_return,EXIT_22,return,3544.0,3592.25,33.8,3.0,48.24999999999999,,,,,,,,,,,,,,,
3592.25,trip_completed,BOT_9,RACK_639,,,,,,,,,,,,,,,,1.0,1.0,3491.5,3592.25,100.75,67.8,94.75,0.0,6.0,100.75
3593.0,travel_leg,BOT_14,RACK_638,1.0,EXIT_28,receiving_to_first_exit,receiving,EXIT_28,3491.0,3593.0,78.4,2.0,102.0,,,,,,,,,,,,,,,
3599.0,exit_stop_service,BOT_14,RACK_638,1.0,EXIT_28,,,,,,,,,0.0,3593.0,3599.0,6.0,1.0,,,,,,,,,,
